timestamp,Significant height of combined wind waves and swell,2 metre dewpoint temperature,Mean wave direction,10 metre V wind component,Total precipitation,10 metre U wind component,2 metre temperature,Mean wave period
2014-08-08 00:00:00+00:00,0.37427955865859985,286.34619140625,108.85762023925781,3.9124908447265625,,-2.3125009536743164,289.35498046875,3.5606164932250977
2014-08-08 01:00:00+00:00,0.3734331727027893,286.42431640625,109.21476745605469,3.698701858520508,,-2.301762580871582,289.301513671875,3.5496225357055664
2014-08-08 02:00:00+00:00,0.3646777868270874,286.394287109375,108.54725646972656,3.295745849609375,,-2.3453569412231445,289.276611328125,3.582411766052246
2014-08-08 03:00:00+00:00,0.3532888889312744,286.4501953125,106.35906982421875,3.158574104309082,,-2.4033737182617188,289.322998046875,3.6348209381103516
2014-08-08 04:00:00+00:00,0.34430742263793945,286.477783203125,103.98101806640625,2.8002099990844727,,-2.3885374069213867,289.26025390625,3.678081512451172
2014-08-08 05:00:00+00:00,0.3401975631713867,286.543212890625,102.23068237304688,1.9483318328857422,,-2.734400749206543,289.307861328125,3.6890201568603516
2014-08-08 06:00:00+00:00,0.342983603477478,286.5,102.13798522949219,1.4609508514404297,0.0002259374305140227,-2.882014274597168,289.38671875,3.6592321395874023
2014-08-08 07:00:00+00:00,0.3488508462905884,286.585693359375,103.51899719238281,1.3397941589355469,,-2.73781681060791,289.501953125,3.6260900497436523
2014-08-08 08:00:00+00:00,0.35973435640335083,286.5361328125,104.81854248046875,1.3692646026611328,,-3.7110347747802734,289.9951171875,3.5823450088500977
2014-08-08 09:00:00+00:00,0.3831369876861572,286.415283203125,106.36036682128906,1.2242965698242188,,-4.78214168548584,290.41015625,3.491511344909668
2014-08-08 10:00:00+00:00,0.44338423013687134,287.4345703125,105.35739135742188,1.4604949951171875,,-6.1185102462768555,290.3046875,3.3283910751342773
2014-08-08 11:00:00+00:00,0.5173490047454834,287.3779296875,107.08283996582031,1.8041706085205078,,-6.937355995178223,290.41845703125,3.292593002319336
2014-08-08 12:00:00+00:00,0.6137927770614624,287.186279296875,108.44102478027344,2.4565324783325195,,-7.880138397216797,290.697265625,3.3311948776245117
2014-08-08 13:00:00+00:00,0.7495158314704895,287.135986328125,110.33055114746094,2.764659881591797,,-8.44569206237793,290.859619140625,3.4524145126342773
2014-08-08 14:00:00+00:00,0.8757224678993225,287.633544921875,111.74540710449219,3.0737857818603516,,-8.264452934265137,290.908447265625,3.652252197265625
2014-08-08 15:00:00+00:00,0.9322916269302368,287.990966796875,111.092529296875,2.651675224304199,,-8.5264253616333,290.957275390625,3.8509435653686523
2014-08-08 16:00:00+00:00,0.9800645112991333,288.31298828125,109.4498291015625,3.0932579040527344,,-8.324357986450195,290.774658203125,4.005476951599121
2014-08-08 17:00:00+00:00,1.0163688659667969,288.503662109375,107.90599060058594,3.3576507568359375,,-8.382329940795898,290.4765625,4.135920524597168
2014-08-08 18:00:00+00:00,1.0452184677124023,288.7138671875,106.16108703613281,3.3897666931152344,0.0003093408886343241,-7.185013771057129,290.232666015625,4.2499494552612305
2014-08-08 19:00:00+00:00,1.0782032012939453,288.94384765625,104.72421264648438,3.3953542709350586,,-5.581000328063965,290.071533203125,4.428322792053223
2014-08-08 20:00:00+00:00,1.0231666564941406,289.021240234375,102.82186889648438,3.0990333557128906,,-4.10573673248291,289.933349609375,4.575906753540039
2014-08-08 21:00:00+00:00,1.0074148178100586,288.916259765625,100.80259704589844,2.0060863494873047,,-2.8513078689575195,289.69140625,4.790911674499512
2014-08-08 22:00:00+00:00,0.939622700214386,288.88525390625,98.73544311523438,0.9128457903862,,-0.6601522564888,289.62890625,4.882591247558594
2014-08-08 23:00:00+00:00,0.8921098113059998,288.81396484375,96.54580688476562,-0.29731398820877075,,1.4428129196166992,289.333251953125,4.908491134643555
2014-08-09 00:00:00+00:00,0.8625417947769165,288.55810546875,93.96856689453125,-1.0583925247192383,,4.014771461486816,289.041015625,4.890654563903809
2014-08-09 01:00:00+00:00,0.8927350640296936,288.437744140625,88.45552062988281,-1.6541328430175781,,7.897117614746094,288.861083984375,4.6523027420043945
2014-08-09 02:00:00+00:00,0.9641872048377991,288.25341796875,70.55125427246094,-3.1013612747192383,,9.550092697143555,288.759521484375,4.349123001098633
2014-08-09 03:00:00+00:00,1.0728559494018555,287.5654296875,335.3408203125,-2.9431190490722656,,8.863877296447754,288.65966796875,4.166556358337402
2014-08-09 04:00:00+00:00,1.1438045501708984,286.526611328125,304.812744140625,-1.7131500244140625,,8.782172203063965,288.364013671875,4.19024658203125
2014-08-09 05:00:00+00:00,1.1820344924926758,285.411865234375,292.240966796875,-0.5975397229194641,,8.812548637390137,288.076171875,4.244879722595215
2014-08-09 06:00:00+00:00,1.1922073364257812,284.913330078125,287.48486328125,0.22661888599395752,7.607826546518481e-08,8.769898414611816,287.8671875,4.283267974853516
2014-08-09 07:00:00+00:00,1.1809406280517578,285.16748046875,285.40283203125,1.0282859802246094,,8.767073631286621,288.107177734375,4.318314552307129
2014-08-09 08:00:00+00:00,1.1860084533691406,285.6376953125,282.45751953125,1.1254558563232422,,9.410499572753906,288.68115234375,4.303730010986328
2014-08-09 09:00:00+00:00,1.177032470703125,285.537841796875,280.467529296875,1.7079248428344727,,8.952970504760742,289.647705078125,4.30610466003418
2014-08-09 10:00:00+00:00,1.1098289489746094,284.762939453125,280.201171875,2.1023693084716797,,8.85309886932373,290.463134765625,4.327609062194824
2014-08-09 11:00:00+00:00,1.0866765975952148,284.481201171875,277.263916015625,2.9189453125,,8.829241752624512,291.02197265625,4.29361629486084
2014-08-09 12:00:00+00:00,1.0592679977416992,284.074462890625,273.72021484375,3.7255725860595703,,8.279460906982422,291.623291015625,4.267114639282227
2014-08-09 13:00:00+00:00,1.0293245315551758,283.72705078125,270.674072265625,3.8336524963378906,,7.779181480407715,292.164306640625,4.247759819030762
2014-08-09 14:00:00+00:00,0.9533665180206299,283.837646484375,269.919921875,3.609121322631836,,7.159173965454102,292.48095703125,4.207788467407227
2014-08-09 15:00:00+00:00,0.892706573009491,283.8623046875,270.660888671875,3.508021354675293,,6.538572311401367,292.66650390625,4.226772308349609
2014-08-09 16:00:00+00:00,0.8218338489532471,284.00537109375,273.5087890625,2.891329765319824,,6.160184860229492,292.530029296875,4.267446517944336
2014-08-09 17:00:00+00:00,0.7390123605728149,284.312255859375,279.04541015625,2.17105770111084,,5.327737808227539,292.32763671875,4.363776206970215
2014-08-09 18:00:00+00:00,0.6601209044456482,285.086669921875,286.65625,1.9026241302490234,0.0,3.7036705017089844,291.79736328125,4.529592514038086
2014-08-09 19:00:00+00:00,0.5962830185890198,285.65869140625,295.095947265625,2.01412296295166,,2.1896142959594727,291.080810546875,4.717226028442383
2014-08-09 20:00:00+00:00,0.5478992462158203,286.072021484375,303.41064453125,2.10329532623291,,1.046468734741211,290.25146484375,4.880374908447266
2014-08-09 21:00:00+00:00,0.5121929049491882,285.829345703125,310.7490234375,2.830103874206543,,0.29731208086013794,290.060791015625,4.993613243103027
2014-08-09 22:00:00+00:00,0.47400057315826416,285.630859375,318.693603515625,2.04473876953125,,0.4522860050201416,289.9677734375,5.211061477661133
2014-08-09 23:00:00+00:00,0.4600365161895752,285.527587890625,319.798583984375,4.31781005859375,,0.9158532023429871,289.91162109375,5.171095848083496
2014-08-10 00:00:00+00:00,0.4541279077529907,285.42138671875,318.7685546875,4.768972396850586,,1.5235004425048828,289.734619140625,5.073556900024414
2014-08-10 01:00:00+00:00,0.4541553854942322,285.521240234375,318.398681640625,3.7200822830200195,,1.7920427322387695,289.21337890625,4.956063270568848
2014-08-10 02:00:00+00:00,0.4497905373573303,285.67041015625,318.018310546875,3.513751983642578,,1.8981952667236328,288.83984375,4.900381088256836
2014-08-10 03:00:00+00:00,0.4449054002761841,285.864501953125,324.22021484375,3.688352584838867,,0.18844658136367798,288.767578125,4.880448341369629
2014-08-10 04:00:00+00:00,0.43720775842666626,285.79248046875,19.122055053710938,4.452836036682129,,-1.5462884902954102,288.8076171875,4.886533737182617
2014-08-10 05:00:00+00:00,0.4415460228919983,285.2919921875,47.12797546386719,5.0483551025390625,,-2.42916202545166,288.562744140625,4.761737823486328
2014-08-10 06:00:00+00:00,0.4796203374862671,284.77392578125,104.00648498535156,5.078145980834961,6.9778116085217334e-06,-3.1314210891723633,288.46240234375,4.406702995300293
2014-08-10 07:00:00+00:00,0.5662881731987,284.53759765625,129.16712951660156,5.383075714111328,,-4.320916175842285,288.67578125,3.9977502822875977
2014-08-10 08:00:00+00:00,0.6920769810676575,284.794921875,131.67848205566406,5.8343915939331055,,-5.568083763122559,288.92626953125,3.8004446029663086
2014-08-10 09:00:00+00:00,0.8562772274017334,285.58251953125,129.9247589111328,4.891153335571289,,-6.018760681152344,289.015625,3.812422752380371
2014-08-10 10:00:00+00:00,0.8894729614257812,287.796142578125,127.23493957519531,2.808152198791504,,-6.885287284851074,289.13623046875,3.9820594787597656
2014-08-10 11:00:00+00:00,0.9395101070404053,288.366943359375,123.42958068847656,3.524886131286621,,-7.956062316894531,289.5888671875,4.082594871520996
2014-08-10 12:00:00+00:00,1.107828140258789,288.692138671875,125.36619567871094,6.66517448425293,,-8.09761905670166,290.28564453125,4.196939468383789
2014-08-10 13:00:00+00:00,1.4222745895385742,288.85498046875,134.42251586914062,10.120475769042969,,-4.900241851806641,290.478271484375,4.430306434631348
2014-08-10 14:00:00+00:00,1.4919099807739258,288.537841796875,139.77194213867188,9.570564270019531,,-0.24845260381698608,290.435302734375,4.663620948791504
2014-08-10 15:00:00+00:00,1.362325668334961,288.3876953125,141.047119140625,6.565459251403809,,4.803711891174316,290.176513671875,4.834583282470703
2014-08-10 16:00:00+00:00,1.2497529983520508,287.290283203125,144.52276611328125,3.6198673248291016,,8.801361083984375,290.51806640625,4.855284690856934
2014-08-10 17:00:00+00:00,1.2182426452636719,285.648193359375,163.88319396972656,4.474623680114746,,8.4097261428833,289.92333984375,4.6611480712890625
2014-08-10 18:00:00+00:00,1.2442436218261719,285.292724609375,192.3092041015625,5.349506378173828,3.265873237978667e-05,9.911718368530273,288.921142578125,4.451168060302734
2014-08-10 19:00:00+00:00,1.3993940353393555,284.83447265625,219.944091796875,6.586119651794434,,10.884537696838379,287.777099609375,4.275216102600098
2014-08-10 20:00:00+00:00,1.5583581924438477,284.712890625,230.34019470214844,7.84507942199707,,10.701227188110352,287.214111328125,4.315196990966797
2014-08-10 21:00:00+00:00,1.7160053253173828,284.16552734375,232.1362762451172,8.155390739440918,,10.53221607208252,286.900390625,4.480107307434082
2014-08-10 22:00:00+00:00,1.826909065246582,283.455078125,231.1861572265625,8.229557037353516,,11.804929733276367,286.87548828125,4.639443397521973
2014-08-10 23:00:00+00:00,1.9574813842773438,283.816650390625,232.5718231201172,7.912664413452148,,11.730103492736816,286.802734375,4.764425277709961
2014-08-11 00:00:00+00:00,2.0656347274780273,284.0087890625,236.67140197753906,6.395380020141602,,12.799283027648926,286.911865234375,4.876181602478027
2014-08-11 01:00:00+00:00,2.0807008743286133,283.7568359375,242.31198120117188,4.992403030395508,,12.907182693481445,286.986083984375,4.955907821655273
2014-08-11 02:00:00+00:00,1.9924468994140625,283.71435546875,245.74659729003906,4.909736633300781,,11.866190910339355,286.799072265625,4.968532562255859
2014-08-11 03:00:00+00:00,1.8805427551269531,283.7177734375,246.31524658203125,5.516977310180664,,11.041582107543945,286.628662109375,4.919895172119141
2014-08-11 04:00:00+00:00,1.7991275787353516,283.51953125,246.20309448242188,5.622613906860352,,10.891518592834473,286.73193359375,4.855386734008789
2014-08-11 05:00:00+00:00,1.6980924606323242,283.315673828125,246.00302124023438,5.897710800170898,,9.927299499511719,286.690185546875,4.784703254699707
2014-08-11 06:00:00+00:00,1.6202058792114258,283.24951171875,244.68597412109375,6.7081499099731445,0.0,9.295331001281738,286.8125,4.724970817565918
2014-08-11 07:00:00+00:00,1.5738096237182617,283.227783203125,241.98330688476562,7.528979301452637,,8.576537132263184,287.314453125,4.658897399902344
2014-08-11 08:00:00+00:00,1.6259031295776367,283.072021484375,239.65879821777344,7.836067199707031,,9.567115783691406,288.033935546875,4.613664627075195
2014-08-11 09:00:00+00:00,1.7181129455566406,282.830810546875,240.5843048095703,6.414247512817383,,11.09484577178955,288.7822265625,4.659139633178711
2014-08-11 10:00:00+00:00,1.6344108581542969,282.6708984375,241.14776611328125,5.801139831542969,,10.464719772338867,289.58642578125,4.704134941101074
2014-08-11 11:00:00+00:00,1.6160049438476562,282.462646484375,240.94512939453125,6.093421936035156,,10.426972389221191,290.205810546875,4.687777519226074
2014-08-11 12:00:00+00:00,1.6096086502075195,282.18701171875,241.617431640625,5.941899299621582,,9.815425872802734,290.64306640625,4.674182891845703
2014-08-11 13:00:00+00:00,1.5712051391601562,282.15771484375,242.55667114257812,5.631858825683594,,9.355688095092773,291.066650390625,4.654475212097168
2014-08-11 14:00:00+00:00,1.4480171203613281,282.10546875,243.97561645507812,4.266853332519531,,9.320769309997559,291.207275390625,4.611819267272949
2014-08-11 15:00:00+00:00,1.3335132598876953,282.10791015625,245.14707946777344,3.8678579330444336,,9.073277473449707,291.1240234375,4.551739692687988
2014-08-11 16:00:00+00:00,1.2332038879394531,282.42431640625,246.19052124023438,3.482542037963867,,8.930469512939453,290.7568359375,4.448941230773926
2014-08-11 17:00:00+00:00,1.1215486526489258,282.863525390625,247.58949279785156,2.9186220169067383,,8.477373123168945,290.48486328125,4.332615852355957
2014-08-11 18:00:00+00:00,1.0433111190795898,283.307373046875,248.23988342285156,3.510685920715332,0.0,8.289589881896973,290.0068359375,4.207270622253418
2014-08-11 19:00:00+00:00,1.0852928161621094,283.657470703125,247.4795379638672,4.2795562744140625,,7.447222709655762,289.618896484375,4.274603843688965
2014-08-11 20:00:00+00:00,0.9170960187911987,283.783935546875,247.16566467285156,4.4088029861450195,,7.495212554931641,288.946044921875,3.9706735610961914
2014-08-11 21:00:00+00:00,0.8595176935195923,283.81884765625,245.68026733398438,4.618680953979492,,6.650667190551758,288.38427734375,3.883305549621582
2014-08-11 22:00:00+00:00,0.8188507556915283,283.330810546875,243.41697692871094,4.818866729736328,,6.101579666137695,287.916015625,3.7942094802856445
2014-08-11 23:00:00+00:00,0.8067817687988281,283.403076171875,239.9102783203125,5.637399673461914,,6.00356388092041,287.6015625,3.711724281311035
2014-08-12 00:00:00+00:00,0.828328013420105,283.497314453125,236.60972595214844,5.944109916687012,,6.340631484985352,287.22705078125,3.655817985534668
2014-08-12 01:00:00+00:00,0.8918625116348267,283.603515625,235.48681640625,5.800942420959473,,7.205696105957031,286.947998046875,3.6543025970458984
2014-08-12 02:00:00+00:00,0.9548217058181763,283.682373046875,236.9563751220703,5.138017654418945,,7.525137901306152,286.73486328125,3.714053153991699
2014-08-12 03:00:00+00:00,0.9689493775367737,283.681640625,238.56692504882812,4.834444999694824,,7.157609939575195,286.481689453125,3.779404640197754
2014-08-12 04:00:00+00:00,0.9498011469841003,283.519287109375,238.45542907714844,5.2302045822143555,,6.879345893859863,286.2763671875,3.808164596557617
2014-08-12 05:00:00+00:00,0.946183979511261,283.35888671875,237.96673583984375,5.233940124511719,,7.065838813781738,286.147705078125,3.807894706726074
2014-08-12 06:00:00+00:00,0.951092004776001,283.286376953125,237.0421905517578,5.394556999206543,0.0,7.1860551834106445,286.260009765625,3.8022899627685547
2014-08-12 07:00:00+00:00,0.9880032539367676,283.218505859375,235.62107849121094,5.914029121398926,,7.733578681945801,286.727294921875,3.8022327423095703
2014-08-12 08:00:00+00:00,1.1117372512817383,282.903076171875,238.4434814453125,4.681806564331055,,9.86652946472168,287.62646484375,3.8584108352661133
2014-08-12 09:00:00+00:00,1.1838016510009766,282.632568359375,241.70980834960938,4.34528923034668,,9.318199157714844,288.17041015625,3.9796037673950195
2014-08-12 10:00:00+00:00,1.1061286926269531,282.173828125,242.473876953125,4.611822128295898,,7.529491424560547,289.03662109375,4.043341636657715
2014-08-12 11:00:00+00:00,1.061985969543457,281.983154296875,242.25900268554688,5.196855545043945,,7.399316787719727,289.45654296875,4.035294532775879
2014-08-12 12:00:00+00:00,1.0388975143432617,281.91455078125,242.051513671875,5.387337684631348,,7.737685203552246,289.896728515625,4.008002281188965
2014-08-12 13:00:00+00:00,1.0152759552001953,281.615234375,241.8254852294922,5.10236930847168,,7.670607566833496,290.3056640625,3.985257148742676
2014-08-12 14:00:00+00:00,0.9840874671936035,281.5869140625,241.04266357421875,5.163689613342285,,7.142526626586914,290.375,3.960786819458008
2014-08-12 15:00:00+00:00,0.9334345459938049,281.837890625,239.8704071044922,5.101890563964844,,6.685575485229492,290.539306640625,3.927096366882324
2014-08-12 16:00:00+00:00,0.882785975933075,282.14404296875,238.47222900390625,5.805283546447754,,6.695160865783691,290.433837890625,3.876906394958496
2014-08-12 17:00:00+00:00,0.8774901628494263,282.895263671875,237.662353515625,5.474874496459961,,6.542756080627441,289.65673828125,3.8213634490966797
2014-08-12 18:00:00+00:00,0.8398622870445251,283.642333984375,236.9355926513672,4.244115829467773,0.0,6.199380874633789,288.967041015625,3.7871789932250977
2014-08-12 19:00:00+00:00,0.7777665853500366,284.077880859375,236.23712158203125,4.248649597167969,,6.165871620178223,288.636474609375,3.7426252365112305
2014-08-12 20:00:00+00:00,0.7266535758972168,284.095703125,234.9672393798828,4.118085861206055,,5.713474273681641,288.289306640625,3.6724939346313477
2014-08-12 21:00:00+00:00,0.70111483335495,283.9345703125,233.7342987060547,4.191706657409668,,5.533044815063477,287.959716796875,3.5912370681762695
2014-08-12 22:00:00+00:00,0.6561076641082764,283.695068359375,232.98805236816406,4.556161880493164,,5.066434860229492,287.892333984375,3.5337629318237305
2014-08-12 23:00:00+00:00,0.6376932263374329,283.538330078125,231.60862731933594,4.929819107055664,,5.063228607177734,287.626220703125,3.4600181579589844
2014-08-13 00:00:00+00:00,0.6564525365829468,283.62451171875,230.5843505859375,5.256644248962402,,5.7204179763793945,287.352294921875,3.397028923034668
2014-08-13 01:00:00+00:00,0.6984226107597351,283.874755859375,231.84844970703125,4.693356513977051,,6.547819137573242,287.074462890625,3.3909854888916016
2014-08-13 02:00:00+00:00,0.732897937297821,284.140625,234.31028747558594,3.7855215072631836,,7.0061798095703125,286.979248046875,3.422882080078125
2014-08-13 03:00:00+00:00,0.7411095499992371,284.38525390625,237.07044982910156,3.122523307800293,,7.12819766998291,286.906982421875,3.4585704803466797
2014-08-13 04:00:00+00:00,0.7349624633789062,284.449951171875,239.26283264160156,2.9994916915893555,,6.976655006408691,286.69873046875,3.478081703186035
2014-08-13 05:00:00+00:00,0.7296761274337769,284.46484375,240.6619415283203,3.938166618347168,,6.533544540405273,286.60693359375,3.4834518432617188
2014-08-13 06:00:00+00:00,0.7410614490509033,284.554931640625,240.67837524414062,4.448700904846191,0.00021565613860730082,6.7772722244262695,286.739501953125,3.4792051315307617
2014-08-13 07:00:00+00:00,0.768460214138031,284.681884765625,241.01443481445312,4.589132308959961,,7.0937957763671875,287.1181640625,3.4919862747192383
2014-08-13 08:00:00+00:00,0.8106619715690613,284.93505859375,243.41200256347656,3.6866092681884766,,7.832522392272949,287.54150390625,3.531540870666504
2014-08-13 09:00:00+00:00,0.8113220930099487,285.3505859375,247.9685516357422,2.5709352493286133,,7.882793426513672,288.296142578125,3.5861101150512695
2014-08-13 10:00:00+00:00,0.7330943942070007,285.30810546875,251.0912322998047,1.9206809997558594,,7.075619697570801,289.27294921875,3.6348695755004883
2014-08-13 11:00:00+00:00,0.658087432384491,285.33837890625,254.19317626953125,1.4948482513427734,,6.613150596618652,289.91650390625,3.667698860168457
2014-08-13 12:00:00+00:00,0.5941130518913269,285.102294921875,257.722900390625,1.1636486053466797,,5.980598449707031,290.262939453125,3.696399688720703
2014-08-13 13:00:00+00:00,0.5417483448982239,284.907958984375,262.163330078125,0.638791561126709,,5.963006973266602,290.50732421875,3.6716880798339844
2014-08-13 14:00:00+00:00,0.5129238367080688,284.717041015625,268.206298828125,-0.13211894035339355,,6.226378440856934,290.63427734375,3.7162275314331055
2014-08-13 15:00:00+00:00,0.4897438883781433,284.5869140625,275.0126953125,-0.7865502238273621,,6.120863914489746,290.59912109375,3.770392417907715
2014-08-13 16:00:00+00:00,0.4685676097869873,284.541748046875,281.542724609375,-1.0812854766845703,,5.866580963134766,290.744140625,3.829115867614746
2014-08-13 17:00:00+00:00,0.44750314950942993,284.505126953125,287.255615234375,-1.0624103546142578,,5.9132585525512695,290.687255859375,3.9045886993408203
2014-08-13 18:00:00+00:00,0.4311705231666565,284.830810546875,290.4716796875,-0.5223625898361206,0.0,5.906734466552734,290.21044921875,3.924618721008301
2014-08-13 19:00:00+00:00,0.43387287855148315,285.3359375,291.098876953125,0.2705729603767395,,6.212948799133301,289.845703125,3.8679285049438477
2014-08-13 20:00:00+00:00,0.45516878366470337,285.395263671875,288.2734375,0.6849201321601868,,6.7849273681640625,289.26025390625,3.770933151245117
2014-08-13 21:00:00+00:00,0.5091351270675659,285.3818359375,283.72802734375,0.656768798828125,,7.32606315612793,288.8125,3.6535301208496094
2014-08-13 22:00:00+00:00,0.5965560674667358,285.050537109375,279.588623046875,0.7643053531646729,,7.738011360168457,288.099853515625,3.5762434005737305
2014-08-13 23:00:00+00:00,0.66935133934021,284.982177734375,281.3564453125,-0.044385965913534164,,7.266122817993164,287.7158203125,3.635523796081543
2014-08-14 00:00:00+00:00,0.6923409104347229,284.7978515625,285.27880859375,-0.1478068232536316,,7.089372634887695,287.435791015625,3.7600603103637695
2014-08-14 01:00:00+00:00,0.6965217590332031,284.56396484375,289.15625,-0.05130503699183464,,7.101326942443848,287.112548828125,3.891007423400879
2014-08-14 02:00:00+00:00,0.6945028305053711,284.310546875,292.686767578125,-0.09335744380950928,,6.798492431640625,286.76513671875,4.024065971374512
2014-08-14 03:00:00+00:00,0.6829575896263123,284.132080078125,296.718994140625,-0.17574530839920044,,6.6171875,286.55126953125,4.176015853881836
2014-08-14 04:00:00+00:00,0.6683232188224792,284.033203125,301.17822265625,-0.033565640449523926,,6.301150321960449,286.331787109375,4.342177391052246
2014-08-14 05:00:00+00:00,0.6736592054367065,284.021728515625,306.09716796875,0.17525607347488403,,6.033354759216309,286.13671875,4.590483665466309
2014-08-14 06:00:00+00:00,0.6581441760063171,284.119873046875,312.109130859375,0.11121422052383423,2.569575372035615e-06,5.712488174438477,286.300048828125,4.838931083679199
2014-08-14 07:00:00+00:00,0.6523807048797607,284.156005859375,316.013916015625,-0.11275523900985718,,5.529850006103516,286.67138671875,4.981432914733887
2014-08-14 08:00:00+00:00,0.6493386626243591,283.947265625,319.53173828125,-0.7805540561676025,,5.4423418045043945,287.414306640625,5.09470272064209
2014-08-14 09:00:00+00:00,0.6424971222877502,283.913818359375,323.845703125,-1.5086851119995117,,4.7734479904174805,288.083740234375,5.240918159484863
2014-08-14 10:00:00+00:00,0.6212601661682129,283.955078125,329.616943359375,-1.1977500915527344,,3.215115547180176,288.740234375,5.513186454772949
2014-08-14 11:00:00+00:00,0.6042311787605286,284.23193359375,334.961669921875,-0.9717614054679871,,2.269272804260254,288.934814453125,5.748348236083984
2014-08-14 12:00:00+00:00,0.5894603729248047,284.603515625,339.656494140625,-0.5678713321685791,,0.7600523829460144,289.281494140625,5.95601749420166
2014-08-14 13:00:00+00:00,0.578765332698822,284.65966796875,343.810791015625,-0.3329865336418152,,-0.778725802898407,289.393310546875,6.102398872375488
2014-08-14 14:00:00+00:00,0.5554869174957275,285.10693359375,347.445068359375,-0.4016680121421814,,-2.182352066040039,289.265625,6.142154693603516
2014-08-14 15:00:00+00:00,0.5442215204238892,285.1494140625,350.384033203125,-0.4696325659751892,,-3.0091285705566406,288.43115234375,6.063611030578613
2014-08-14 16:00:00+00:00,0.5369769930839539,285.256103515625,353.748779296875,-1.543299674987793,,-2.569395065307617,287.705078125,6.005731582641602
2014-08-14 17:00:00+00:00,0.5302144885063171,285.298095703125,356.23583984375,-1.9495868682861328,,-1.8309860229492188,287.885986328125,5.985998153686523
2014-08-14 18:00:00+00:00,0.5225503444671631,285.3701171875,357.42919921875,-1.905282974243164,1.0949936040560715e-05,-2.0132369995117188,287.94970703125,6.002798080444336
2014-08-14 19:00:00+00:00,0.5560857057571411,285.487548828125,358.39453125,-1.9697751998901367,,-1.3381853103637695,287.7783203125,6.2097368240356445
2014-08-14 20:00:00+00:00,0.5535654425621033,285.4765625,359.1259765625,-2.4425172805786133,,-0.8513371348381042,287.58056640625,6.324372291564941
2014-08-14 21:00:00+00:00,0.5524760484695435,285.53564453125,359.3193359375,-3.09389591217041,,0.0726778507232666,287.52099609375,6.236261367797852
2014-08-14 22:00:00+00:00,0.5430208444595337,285.37646484375,359.728759765625,-3.520021438598633,,0.2702270746231079,287.250244140625,6.25587272644043
2014-08-14 23:00:00+00:00,0.5518481135368347,285.285400390625,359.346435546875,-4.097465515136719,,0.3419305682182312,287.10302734375,6.011143684387207
2014-08-15 00:00:00+00:00,0.5683273673057556,285.291259765625,359.28515625,-4.851422309875488,,0.5641732215881348,287.063720703125,5.730833053588867
2014-08-15 01:00:00+00:00,0.5959970951080322,285.30419921875,358.522705078125,-5.24052619934082,,1.273660659790039,286.947509765625,5.403017044067383
2014-08-15 02:00:00+00:00,0.636252224445343,285.3115234375,357.846435546875,-5.734438896179199,,1.6887779235839844,286.873291015625,5.091568946838379
2014-08-15 03:00:00+00:00,0.6846068501472473,285.206298828125,357.3369140625,-5.912280082702637,,1.750732421875,286.787353515625,4.85051155090332
2014-08-15 04:00:00+00:00,0.7374168634414673,285.09326171875,356.7919921875,-6.390361785888672,,1.8929262161254883,286.677734375,4.706329345703125
2014-08-15 05:00:00+00:00,0.8082956075668335,285.052734375,355.965576171875,-7.090028762817383,,1.9602041244506836,286.7353515625,4.586390495300293
2014-08-15 06:00:00+00:00,0.8843767046928406,285.0849609375,355.06591796875,-7.552093505859375,4.0004102629609406e-05,1.917811393737793,286.88525390625,4.526568412780762
2014-08-15 07:00:00+00:00,0.9538962244987488,285.066650390625,353.95166015625,-7.846731185913086,,1.8808841705322266,287.096435546875,4.509041786193848
2014-08-15 08:00:00+00:00,1.012528419494629,284.9990234375,353.0966796875,-7.747014045715332,,2.026442527770996,287.33544921875,4.525378227233887
2014-08-15 09:00:00+00:00,1.0556755065917969,284.654052734375,352.4013671875,-7.47730827331543,,2.3549861907958984,287.50244140625,4.570033073425293
2014-08-15 10:00:00+00:00,1.0640134811401367,284.195556640625,352.393798828125,-6.894230842590332,,2.775266647338867,288.05908203125,4.654269218444824
2014-08-15 11:00:00+00:00,1.0677556991577148,283.846923828125,352.112548828125,-6.704075813293457,,3.050107002258301,288.401611328125,4.7257280349731445
2014-08-15 12:00:00+00:00,1.0776309967041016,283.765625,351.894287109375,-6.731793403625488,,2.9908390045166016,288.588134765625,4.770358085632324
2014-08-15 13:00:00+00:00,1.0829191207885742,283.749267578125,351.90478515625,-6.845026016235352,,2.8200178146362305,288.59619140625,4.814464569091797
2014-08-15 14:00:00+00:00,1.0790433883666992,283.94189453125,352.317626953125,-6.823999404907227,,2.239248275756836,288.68408203125,4.867901802062988
2014-08-15 15:00:00+00:00,1.067434310913086,284.038818359375,352.999267578125,-6.6874494552612305,,2.0405330657958984,288.461669921875,4.918488502502441
2014-08-15 16:00:00+00:00,1.0301198959350586,284.388427734375,354.33056640625,-5.946433067321777,,1.4329051971435547,288.2470703125,5.0186614990234375
2014-08-15 17:00:00+00:00,0.9797222018241882,284.612060546875,356.0322265625,-5.2908935546875,,1.3531532287597656,288.00048828125,5.144634246826172
2014-08-15 18:00:00+00:00,0.9276387691497803,284.56787109375,357.651611328125,-4.74272346496582,1.4136225217953324e-05,1.1140594482421875,287.873291015625,5.278751373291016
2014-08-15 19:00:00+00:00,0.8770895004272461,284.551025390625,359.202880859375,-3.9923954010009766,,1.1485157012939453,287.66162109375,5.415827751159668
2014-08-15 20:00:00+00:00,1.002737045288086,284.616943359375,0.6151511669158936,-3.0275144577026367,,1.0914239883422852,287.51025390625,6.091396331787109
2014-08-15 21:00:00+00:00,0.9133771061897278,284.6318359375,1.8629341125488281,-2.016237258911133,,1.1561193466186523,287.384033203125,6.0360918045043945
2014-08-15 22:00:00+00:00,0.8467769026756287,284.208740234375,3.108806610107422,0.09931725263595581,,1.450596809387207,287.276123046875,6.040712356567383
2014-08-15 23:00:00+00:00,0.8003593683242798,284.312744140625,4.19468879699707,1.230748176574707,,1.4591894149780273,287.23193359375,6.032790184020996
2014-08-16 00:00:00+00:00,0.7675068378448486,284.533447265625,4.771244049072266,1.8414764404296875,,2.105565071105957,287.139892578125,5.983359336853027
2014-08-16 01:00:00+00:00,0.7443666458129883,284.640380859375,4.209908485412598,1.8266592025756836,,3.603468894958496,286.823486328125,5.922574996948242
2014-08-16 02:00:00+00:00,0.7303641438484192,284.3408203125,2.6329498291015625,1.1051034927368164,,4.875494003295898,286.572021484375,5.8292236328125
2014-08-16 03:00:00+00:00,0.7258978486061096,283.712158203125,359.728515625,0.46189451217651367,,5.682071685791016,286.3310546875,5.6861677169799805
2014-08-16 04:00:00+00:00,0.737386167049408,283.17724609375,353.90234375,-0.42157840728759766,,6.521894454956055,286.1328125,5.454277992248535
2014-08-16 05:00:00+00:00,0.7622034549713135,282.626708984375,346.5458984375,-1.1138324737548828,,6.748429298400879,285.87109375,5.199159622192383
2014-08-16 06:00:00+00:00,0.7897526621818542,282.425048828125,340.488525390625,-1.351689338684082,0.0,6.683555603027344,285.8896484375,5.004156112670898
2014-08-16 07:00:00+00:00,0.8048391938209534,282.3974609375,336.168212890625,-0.8195251226425171,,6.633448600769043,286.086669921875,4.898818016052246
2014-08-16 08:00:00+00:00,0.8093077540397644,282.74462890625,331.961669921875,-0.18603366613388062,,6.574933052062988,286.753173828125,4.839975357055664
2014-08-16 09:00:00+00:00,0.8175771832466125,282.861328125,326.45361328125,0.02084532007575035,,7.104437828063965,287.694580078125,4.766016006469727
2014-08-16 10:00:00+00:00,0.819974958896637,283.45751953125,322.15380859375,0.5550516843795776,,7.024923324584961,288.806884765625,4.737829208374023
2014-08-16 11:00:00+00:00,0.8253794312477112,283.36474609375,317.75537109375,1.0338859558105469,,7.4446916580200195,289.27490234375,4.696011543273926
2014-08-16 12:00:00+00:00,0.8750470280647278,283.243896484375,307.148193359375,1.573044776916504,,8.32354736328125,289.526611328125,4.512304306030273
2014-08-16 13:00:00+00:00,1.0064220428466797,283.05224609375,294.735595703125,1.768838882446289,,9.14962100982666,289.856689453125,4.413786888122559
2014-08-16 14:00:00+00:00,1.0679140090942383,283.0166015625,287.48779296875,1.4333820343017578,,9.36821174621582,290.04638671875,4.371707916259766
2014-08-16 15:00:00+00:00,1.0860576629638672,283.04248046875,283.658203125,1.410384178161621,,9.172410011291504,289.917236328125,4.388498306274414
2014-08-16 16:00:00+00:00,1.087376594543457,282.969482421875,279.873779296875,1.4184188842773438,,9.368245124816895,289.84326171875,4.3883819580078125
2014-08-16 17:00:00+00:00,1.0947694778442383,282.894775390625,276.31640625,1.4505157470703125,,9.586687088012695,289.842529296875,4.3657426834106445
2014-08-16 18:00:00+00:00,1.0989065170288086,283.186279296875,274.087646484375,1.4398431777954102,0.0,9.251679420471191,289.568603515625,4.346771240234375
2014-08-16 19:00:00+00:00,1.055312156677246,283.4833984375,272.7998046875,1.784780502319336,,8.346522331237793,289.19482421875,4.353498458862305
2014-08-16 20:00:00+00:00,1.0015535354614258,283.635009765625,270.931884765625,2.659486770629883,,7.942054748535156,288.870849609375,4.338199615478516
2014-08-16 21:00:00+00:00,0.9692921042442322,283.806396484375,267.423828125,3.4762067794799805,,7.745364189147949,288.54150390625,4.280588150024414
2014-08-16 22:00:00+00:00,0.9605905413627625,284.02880859375,261.33642578125,4.7417802810668945,,7.908978462219238,288.236572265625,4.1920366287231445
2014-08-16 23:00:00+00:00,0.9698809385299683,284.14306640625,257.843994140625,4.295551300048828,,8.360578536987305,288.138427734375,4.129291534423828
2014-08-17 00:00:00+00:00,0.9557691812515259,284.27587890625,256.02978515625,4.110995292663574,,7.677610397338867,288.20263671875,4.109560012817383
2014-08-17 01:00:00+00:00,0.9340194463729858,284.363037109375,255.21519470214844,3.8994951248168945,,7.897855758666992,288.081298828125,4.088184356689453
2014-08-17 02:00:00+00:00,0.9187829494476318,284.538818359375,254.5313720703125,3.7565269470214844,,7.603063583374023,287.866943359375,4.057940483093262
2014-08-17 03:00:00+00:00,0.9000130891799927,284.55517578125,254.3341827392578,3.5958166122436523,,7.486967086791992,287.86767578125,4.032892227172852
2014-08-17 04:00:00+00:00,0.8872710466384888,284.763427734375,255.24169921875,3.0314340591430664,,7.653411865234375,287.818603515625,4.005901336669922
2014-08-17 05:00:00+00:00,0.8803829550743103,284.77294921875,257.468994140625,2.2582626342773438,,8.087000846862793,287.687255859375,3.97930908203125
2014-08-17 06:00:00+00:00,0.9186779856681824,284.081298828125,259.15234375,1.8305492401123047,4.1602097553550266e-06,8.216041564941406,287.38818359375,4.020909309387207
2014-08-17 07:00:00+00:00,0.9400988221168518,283.42138671875,259.515869140625,2.076091766357422,,8.761521339416504,287.27880859375,3.9875478744506836
2014-08-17 08:00:00+00:00,1.0189056396484375,283.17822265625,259.615234375,2.063876152038574,,9.865777969360352,287.4404296875,3.9671449661254883
2014-08-17 09:00:00+00:00,1.1251068115234375,282.48583984375,260.03125,2.1656494140625,,10.241461753845215,287.71435546875,4.016465187072754
2014-08-17 10:00:00+00:00,1.1691999435424805,282.869384765625,261.346923828125,1.866734504699707,,10.345687866210938,288.154052734375,4.106986999511719
2014-08-17 11:00:00+00:00,1.2166099548339844,282.55078125,262.2802734375,2.185567855834961,,10.569384574890137,288.248291015625,4.181983947753906
2014-08-17 12:00:00+00:00,1.2658720016479492,282.47998046875,263.138916015625,2.3850975036621094,,10.791400909423828,288.71923828125,4.245731353759766
2014-08-17 13:00:00+00:00,1.3022565841674805,282.24365234375,264.654052734375,1.9021368026733398,,11.428597450256348,288.86767578125,4.229426383972168
2014-08-17 14:00:00+00:00,1.4184255599975586,281.740234375,266.537353515625,1.4358367919921875,,11.986333847045898,288.83251953125,4.340324401855469
2014-08-17 15:00:00+00:00,1.5287322998046875,281.765869140625,268.004638671875,1.2060518264770508,,11.914485931396484,288.918212890625,4.457324981689453
2014-08-17 16:00:00+00:00,1.5802383422851562,281.83154296875,268.93310546875,1.0221195220947266,,12.184490203857422,288.635498046875,4.5633649826049805
2014-08-17 17:00:00+00:00,1.5788002014160156,281.71533203125,268.6796875,1.8832054138183594,,11.534147262573242,288.46484375,4.618155479431152
2014-08-17 18:00:00+00:00,1.5473556518554688,281.700927734375,267.79638671875,2.284944534301758,1.1037200238206424e-06,11.541975975036621,288.063720703125,4.628167152404785
2014-08-17 19:00:00+00:00,1.438817024230957,281.781982421875,267.205810546875,1.8501577377319336,,11.668684959411621,287.514892578125,4.427095413208008
2014-08-17 20:00:00+00:00,1.494272232055664,281.94140625,267.2490234375,2.2653236389160156,,11.128715515136719,287.125732421875,4.501150131225586
2014-08-17 21:00:00+00:00,1.4736852645874023,282.133056640625,267.125,2.486421585083008,,11.05009651184082,286.767822265625,4.554950714111328
2014-08-17 22:00:00+00:00,1.418283462524414,282.61572265625,267.6396484375,1.9003057479858398,,10.701628684997559,286.668212890625,4.574634552001953
2014-08-17 23:00:00+00:00,1.3420848846435547,282.919189453125,269.238525390625,1.3376951217651367,,10.31371784210205,286.455078125,4.56968879699707
2014-08-18 00:00:00+00:00,1.2731142044067383,283.068603515625,272.457763671875,0.5873315334320068,,10.087432861328125,286.373046875,4.548181533813477
2014-08-18 01:00:00+00:00,1.2016077041625977,283.13427734375,278.233642578125,-0.6659645438194275,,9.376065254211426,286.277099609375,4.5352067947387695
2014-08-18 02:00:00+00:00,1.166590690612793,283.07470703125,286.422607421875,-2.747415542602539,,8.411616325378418,286.3525390625,4.533932685852051
2014-08-18 03:00:00+00:00,1.1909971237182617,282.9677734375,296.035888671875,-4.979734420776367,,7.85501766204834,286.236083984375,4.562982559204102
2014-08-18 04:00:00+00:00,1.2881860733032227,282.866943359375,305.85498046875,-6.428835868835449,,7.4936418533325195,286.17724609375,4.642396926879883
2014-08-18 05:00:00+00:00,1.4093551635742188,282.80908203125,313.72021484375,-6.861844062805176,,7.605560302734375,286.1669921875,4.770644187927246
2014-08-18 06:00:00+00:00,1.5113801956176758,282.799560546875,319.618408203125,-7.662253379821777,7.14441848685965e-05,7.607372283935547,286.23779296875,4.92795467376709
2014-08-18 07:00:00+00:00,1.5778560638427734,282.9150390625,323.459716796875,-7.771341323852539,,7.633204460144043,286.30322265625,5.086605072021484
2014-08-18 08:00:00+00:00,1.6696186065673828,282.8525390625,325.982177734375,-8.057315826416016,,7.573554039001465,286.615234375,5.209362030029297
2014-08-18 09:00:00+00:00,1.7568235397338867,282.796142578125,328.927734375,-8.55778980255127,,6.9867143630981445,286.8291015625,5.338909149169922
2014-08-18 10:00:00+00:00,1.811264991760254,282.3095703125,332.211669921875,-9.335988998413086,,6.2774810791015625,287.12255859375,5.478203773498535
2014-08-18 11:00:00+00:00,1.8207597732543945,282.01806640625,335.512939453125,-8.997122764587402,,5.352665901184082,287.330078125,5.62739372253418
2014-08-18 12:00:00+00:00,1.7705488204956055,281.8798828125,338.603515625,-8.19567584991455,,4.654938697814941,287.6728515625,5.7843732833862305
2014-08-18 13:00:00+00:00,1.6840763092041016,281.79638671875,341.621337890625,-7.211442947387695,,4.0297040939331055,287.943115234375,5.984079360961914
2014-08-18 14:00:00+00:00,1.5782146453857422,281.629150390625,344.701171875,-6.106136322021484,,3.469808578491211,287.69189453125,6.185823440551758
2014-08-18 15:00:00+00:00,1.4856147766113281,281.58447265625,347.809326171875,-5.22430419921875,,2.837799072265625,287.458984375,6.414180755615234
2014-08-18 16:00:00+00:00,1.4092082977294922,281.56884765625,350.88037109375,-4.748594284057617,,1.796402931213379,287.02783203125,6.66118049621582
2014-08-18 17:00:00+00:00,1.346090316772461,281.552734375,353.779296875,-3.977658271789551,,0.47732698917388916,286.82275390625,6.923336982727051
2014-08-18 18:00:00+00:00,1.2924137115478516,281.510498046875,356.40478515625,-2.1586732864379883,0.000335147837176919,0.6290463805198669,286.474365234375,7.198131561279297
2014-08-18 19:00:00+00:00,1.3362274169921875,281.931884765625,358.609375,-0.32677388191223145,,2.166184425354004,285.784912109375,7.687970161437988
2014-08-18 20:00:00+00:00,1.2868633270263672,282.670166015625,0.40733104944229126,0.5022835731506348,,2.0401554107666016,285.52587890625,7.872164726257324
2014-08-18 21:00:00+00:00,1.2531728744506836,282.750244140625,1.9847049713134766,0.9777888059616089,,1.919358253479004,285.22265625,8.083048820495605
2014-08-18 22:00:00+00:00,1.2277822494506836,282.54052734375,3.1483869552612305,1.0944271087646484,,1.3949298858642578,285.05859375,8.260533332824707
2014-08-18 23:00:00+00:00,1.2110395431518555,282.32421875,3.478973388671875,1.2727470397949219,,3.280978202819824,284.94140625,8.335087776184082
2014-08-19 00:00:00+00:00,1.2004156112670898,282.097900390625,3.007772445678711,-1.2219924926757812,,4.756962776184082,284.609619140625,8.31257438659668
2014-08-19 01:00:00+00:00,1.1948680877685547,281.87109375,2.434885025024414,-3.815241813659668,,4.384261131286621,284.436767578125,8.22164249420166
2014-08-19 02:00:00+00:00,1.1962299346923828,281.662109375,1.700852394104004,-5.059959411621094,,3.7070798873901367,284.29736328125,8.06706428527832
2014-08-19 03:00:00+00:00,1.2035455703735352,281.812255859375,0.6888688206672668,-5.159562110900879,,3.857269287109375,284.079833984375,7.864071846008301
2014-08-19 04:00:00+00:00,1.2186002731323242,281.8046875,359.117919921875,-4.979306221008301,,4.224586486816406,283.834228515625,7.612923622131348
2014-08-19 05:00:00+00:00,1.2297115325927734,281.655029296875,357.775390625,-4.829023361206055,,4.402348518371582,283.7626953125,7.415884971618652
2014-08-19 06:00:00+00:00,1.2352790832519531,281.55224609375,356.65087890625,-4.513330459594727,0.000162428172188811,4.604513168334961,283.98681640625,7.267698287963867
2014-08-19 07:00:00+00:00,1.2456636428833008,281.258056640625,354.713134765625,-3.9232778549194336,,5.495449066162109,284.193115234375,7.089992523193359
2014-08-19 08:00:00+00:00,1.2749614715576172,280.908447265625,351.28759765625,-3.638566017150879,,6.172830581665039,284.558349609375,6.824019432067871
2014-08-19 09:00:00+00:00,1.3126039505004883,280.3828125,347.84765625,-4.077053070068359,,6.297336578369141,285.078857421875,6.570868492126465
2014-08-19 10:00:00+00:00,1.3121347427368164,279.795654296875,347.49072265625,-3.9985666275024414,,5.518189430236816,285.75830078125,6.547362327575684
2014-08-19 11:00:00+00:00,1.3122024536132812,279.4599609375,347.425048828125,-4.830194473266602,,5.137739181518555,286.310302734375,6.504578590393066
2014-08-19 12:00:00+00:00,1.3113775253295898,279.74365234375,347.785888671875,-5.087065696716309,,4.853005409240723,286.67236328125,6.4588165283203125
2014-08-19 13:00:00+00:00,1.3005599975585938,280.302734375,348.599853515625,-5.3367815017700195,,4.502778053283691,286.667724609375,6.463465690612793
2014-08-19 14:00:00+00:00,1.287644386291504,280.846923828125,349.8505859375,-5.707486152648926,,3.8171682357788086,286.6689453125,6.501188278198242
2014-08-19 15:00:00+00:00,1.269667625427246,281.20751953125,351.61572265625,-5.763867378234863,,3.022176742553711,286.876708984375,6.584716796875
2014-08-19 16:00:00+00:00,1.2468700408935547,281.308349609375,353.719970703125,-5.380271911621094,,2.427337646484375,286.972900390625,6.710989952087402
2014-08-19 17:00:00+00:00,1.2225236892700195,281.240234375,355.779296875,-4.810273170471191,,2.2301225662231445,287.14990234375,6.877732276916504
2014-08-19 18:00:00+00:00,1.1949357986450195,281.2001953125,357.89453125,-3.591808319091797,0.00013647801824845374,1.315114974975586,287.191650390625,7.086810111999512
2014-08-19 19:00:00+00:00,1.1677675247192383,281.59814453125,359.833984375,-2.119370460510254,,3.035977363586426,286.865966796875,7.289776802062988
2014-08-19 20:00:00+00:00,1.144155502319336,281.800537109375,1.4080276489257812,-0.8237327933311462,,3.35479736328125,286.421142578125,7.460203170776367
2014-08-19 21:00:00+00:00,1.1252832412719727,282.4921875,2.6060380935668945,-0.4616881012916565,,3.374293327331543,285.87890625,7.589079856872559
2014-08-19 22:00:00+00:00,1.1037225723266602,282.800048828125,3.681668281555176,-0.8205339908599854,,3.1429967880249023,285.708251953125,7.733227729797363
2014-08-19 23:00:00+00:00,1.0875625610351562,282.806884765625,4.176725387573242,0.06186908110976219,,3.02908992767334,285.501708984375,7.784612655639648
2014-08-20 00:00:00+00:00,1.0751256942749023,282.784423828125,4.213197708129883,0.797806978225708,,3.5399417877197266,285.08203125,7.797507286071777
2014-08-20 01:00:00+00:00,1.0626602172851562,282.4970703125,4.306948661804199,0.19013148546218872,,4.267515182495117,284.738525390625,7.820623397827148
2014-08-20 02:00:00+00:00,1.0495080947875977,282.125,4.472705841064453,-0.7975524067878723,,4.202572822570801,284.321044921875,7.847805023193359
2014-08-20 03:00:00+00:00,1.0361690521240234,281.947021484375,4.6686248779296875,-1.1054534912109375,,3.7565059661865234,284.189453125,7.870785713195801
2014-08-20 04:00:00+00:00,1.0245037078857422,281.73095703125,4.789234161376953,-1.3222894668579102,,3.54422664642334,284.00341796875,7.883544921875
2014-08-20 05:00:00+00:00,1.017003059387207,281.59619140625,4.746521949768066,-1.4927654266357422,,3.5635251998901367,283.93994140625,7.873719215393066
2014-08-20 06:00:00+00:00,1.127492904663086,281.620849609375,4.390371322631836,-1.963667869567871,4.696899850387126e-05,3.595907211303711,284.146240234375,8.241830825805664
2014-08-20 07:00:00+00:00,1.1011886596679688,281.687255859375,3.9976930618286133,-2.5966529846191406,,3.366790771484375,284.75390625,8.073219299316406
2014-08-20 08:00:00+00:00,1.0890216827392578,281.592529296875,3.6013641357421875,-3.4541616439819336,,2.881047248840332,285.4375,7.9214630126953125
2014-08-20 09:00:00+00:00,1.0839767456054688,281.307373046875,3.3372716903686523,-3.9750518798828125,,2.1764421463012695,285.952880859375,7.810441017150879
2014-08-20 10:00:00+00:00,1.077096939086914,281.34326171875,3.4560070037841797,-3.594827651977539,,1.640127182006836,286.248046875,7.802244186401367
2014-08-20 11:00:00+00:00,1.0717582702636719,281.363525390625,3.675699234008789,-3.4812088012695312,,1.3487844467163086,286.50341796875,7.813806533813477
2014-08-20 12:00:00+00:00,1.1502189636230469,281.3310546875,3.9860172271728516,-3.203584671020508,,0.9100539684295654,286.7275390625,8.153310775756836
2014-08-20 13:00:00+00:00,1.1268243789672852,281.40771484375,4.406935691833496,-2.8623409271240234,,0.45405882596969604,286.647705078125,8.165176391601562
2014-08-20 14:00:00+00:00,1.1089200973510742,281.500732421875,4.878706932067871,-2.4596405029296875,,-0.01242050901055336,286.515380859375,8.227483749389648
2014-08-20 15:00:00+00:00,1.091649055480957,281.53076171875,5.334480285644531,-1.9788484573364258,,-0.5103769898414612,286.273193359375,8.30350112915039
2014-08-20 16:00:00+00:00,1.0736522674560547,281.505859375,5.754655838012695,-1.1354055404663086,,-1.1444034576416016,285.74365234375,8.374183654785156
2014-08-20 17:00:00+00:00,1.0549306869506836,281.618408203125,6.134401321411133,-0.3040006160736084,,-1.613633155822754,285.71923828125,8.426634788513184
2014-08-20 18:00:00+00:00,1.0350475311279297,281.728515625,6.490355491638184,1.4302043914794922,0.0006396227981895208,-1.2716379165649414,285.750732421875,8.44962215423584
2014-08-20 19:00:00+00:00,1.0223054885864258,281.7431640625,6.902029991149902,2.96964168548584,,0.4236466884613037,285.515869140625,8.352828025817871
2014-08-20 20:00:00+00:00,1.0053997039794922,281.880615234375,6.996728897094727,3.5401763916015625,,1.6485395431518555,285.188720703125,8.326452255249023
2014-08-20 21:00:00+00:00,0.9898258447647095,282.565673828125,6.981633186340332,3.617168426513672,,1.974966049194336,284.877197265625,8.269684791564941
2014-08-20 22:00:00+00:00,0.9782500863075256,282.84033203125,5.999414443969727,3.7818164825439453,,3.0888633728027344,285.1279296875,8.162787437438965
2014-08-20 23:00:00+00:00,0.9689717888832092,282.38671875,4.516876220703125,3.090169906616211,,4.2374773025512695,284.947021484375,8.000517845153809
2014-08-21 00:00:00+00:00,0.9619849920272827,281.994140625,2.1982078552246094,1.7413578033447266,,5.416970252990723,284.837158203125,7.8074235916137695
2014-08-21 01:00:00+00:00,0.9562554955482483,281.738037109375,359.368896484375,0.5955821871757507,,5.931618690490723,284.505859375,7.604048728942871
2014-08-21 02:00:00+00:00,0.9480038285255432,281.68701171875,356.818115234375,0.26236116886138916,,5.931835174560547,284.291748046875,7.442449569702148
2014-08-21 03:00:00+00:00,0.9323932528495789,281.671875,355.341552734375,0.5847691297531128,,5.661032676696777,284.1845703125,7.353799819946289
2014-08-21 04:00:00+00:00,0.9119139313697815,281.72314453125,354.619873046875,1.211808204650879,,5.461907386779785,284.136474609375,7.3003034591674805
2014-08-21 05:00:00+00:00,0.8911327123641968,281.72216796875,354.0625,1.807723045349121,,5.117790222167969,284.086669921875,7.250972747802734
2014-08-21 06:00:00+00:00,0.8709629774093628,281.92529296875,353.6591796875,2.405001640319824,5.442953261081129e-05,4.703639030456543,284.218017578125,7.201262474060059
2014-08-21 07:00:00+00:00,0.8545891642570496,282.10205078125,352.77685546875,3.1990976333618164,,4.404764175415039,284.448486328125,7.096197128295898
2014-08-21 08:00:00+00:00,0.8538926243782043,282.157470703125,348.843994140625,3.97003173828125,,4.5483856201171875,284.7880859375,6.825830459594727
2014-08-21 09:00:00+00:00,0.8692605495452881,282.287109375,340.283935546875,4.393926620483398,,4.607966423034668,285.459716796875,6.450556755065918
2014-08-21 10:00:00+00:00,0.8613101243972778,282.695068359375,335.896240234375,4.485630989074707,,4.121132850646973,286.34326171875,6.3298797607421875
2014-08-21 11:00:00+00:00,0.8597013354301453,282.09716796875,328.277099609375,4.801614761352539,,4.143592834472656,287.1328125,6.128815650939941
2014-08-21 12:00:00+00:00,0.8668925762176514,281.250244140625,314.2685546875,4.965518951416016,,4.88856315612793,287.693359375,5.861865043640137
2014-08-21 13:00:00+00:00,0.900093138217926,280.719482421875,299.088623046875,4.437691688537598,,5.7896270751953125,288.09521484375,5.6070404052734375
2014-08-21 14:00:00+00:00,0.9138910174369812,280.8681640625,292.917724609375,4.072176933288574,,6.370670318603516,288.200927734375,5.473594665527344
2014-08-21 15:00:00+00:00,0.9279810190200806,281.12744140625,286.5771484375,3.6069164276123047,,6.657886505126953,288.26953125,5.320384979248047
2014-08-21 16:00:00+00:00,0.9396818280220032,281.522216796875,280.624755859375,3.6967172622680664,,7.371072769165039,287.9248046875,5.176036834716797
2014-08-21 17:00:00+00:00,0.9471672773361206,281.900390625,274.0390625,3.913191795349121,,6.615727424621582,287.838623046875,5.058211326599121
2014-08-21 18:00:00+00:00,0.8970323801040649,282.23779296875,272.61669921875,4.025970458984375,0.0,6.535585403442383,287.80615234375,5.060159683227539
2014-08-21 19:00:00+00:00,0.8520030379295349,282.582763671875,272.964599609375,4.104133605957031,,5.719217300415039,287.4873046875,5.139026641845703
2014-08-21 20:00:00+00:00,0.8277459144592285,282.774169921875,271.56201171875,4.409479141235352,,5.7050275802612305,287.085205078125,5.155146598815918
2014-08-21 21:00:00+00:00,0.8240000009536743,282.8896484375,267.858642578125,4.693327903747559,,5.69416618347168,286.81396484375,5.105025291442871
2014-08-21 22:00:00+00:00,0.8212738633155823,282.7392578125,265.41064453125,4.524083137512207,,5.433197021484375,286.514892578125,5.083545684814453
2014-08-21 23:00:00+00:00,0.8177454471588135,282.8515625,265.499755859375,4.369314193725586,,5.548222541809082,286.2353515625,5.090156555175781
2014-08-22 00:00:00+00:00,0.8057330846786499,283.052490234375,268.648681640625,3.927288055419922,,5.672421455383301,286.028564453125,5.151760101318359
2014-08-22 01:00:00+00:00,0.7803775668144226,283.2041015625,275.7919921875,3.2827491760253906,,5.788392066955566,285.574462890625,5.29224967956543
2014-08-22 02:00:00+00:00,0.7490248084068298,283.333740234375,286.20849609375,2.260580062866211,,5.8756818771362305,285.193359375,5.479951858520508
2014-08-22 03:00:00+00:00,0.7175198197364807,283.476806640625,298.9736328125,0.4902927875518799,,5.586281776428223,285.042236328125,5.679203987121582
2014-08-22 04:00:00+00:00,0.6929700374603271,283.47900390625,312.82177734375,-1.7866363525390625,,4.55263614654541,284.927001953125,5.840108871459961
2014-08-22 05:00:00+00:00,0.6828551888465881,283.3466796875,325.466796875,-3.4762048721313477,,3.7521238327026367,284.921142578125,5.895654678344727
2014-08-22 06:00:00+00:00,0.6902424097061157,283.1123046875,334.392822265625,-4.042875289916992,5.519876140169799e-05,3.2232141494750977,284.96533203125,5.841874122619629
2014-08-22 07:00:00+00:00,0.716148853302002,282.754638671875,339.7529296875,-4.797990798950195,,3.159709930419922,285.208984375,5.662899017333984
2014-08-22 08:00:00+00:00,0.7636787295341492,282.285400390625,342.3876953125,-5.389326095581055,,3.1962718963623047,285.46142578125,5.3644561767578125
2014-08-22 09:00:00+00:00,0.8160006403923035,282.023193359375,343.79736328125,-5.534743309020996,,3.1611757278442383,285.737060546875,5.144228935241699
2014-08-22 10:00:00+00:00,0.8158438801765442,281.82470703125,346.17822265625,-4.505821228027344,,2.3931474685668945,286.203369140625,5.239104270935059
2014-08-22 11:00:00+00:00,0.8155653476715088,281.345947265625,347.811279296875,-4.408466339111328,,2.497386932373047,286.521240234375,5.299904823303223
2014-08-22 12:00:00+00:00,0.8131441473960876,280.924560546875,349.237548828125,-4.3155412673950195,,2.3616256713867188,286.754638671875,5.354435920715332
2014-08-22 13:00:00+00:00,0.8091433048248291,280.66357421875,350.4013671875,-4.182954788208008,,2.2478790283203125,287.06494140625,5.401932716369629
2014-08-22 14:00:00+00:00,0.8008978962898254,280.48876953125,351.70849609375,-3.9300689697265625,,1.99725341796875,287.158935546875,5.474591255187988
2014-08-22 15:00:00+00:00,0.7837924361228943,280.475830078125,353.16796875,-3.4809417724609375,,1.6392593383789062,287.318359375,5.5809173583984375
2014-08-22 16:00:00+00:00,0.7624188661575317,280.397705078125,354.640869140625,-3.151874542236328,,1.6375904083251953,287.324951171875,5.696772575378418
2014-08-22 17:00:00+00:00,0.739210844039917,280.519775390625,355.987060546875,-2.542470932006836,,1.5133590698242188,287.189208984375,5.811087608337402
2014-08-22 18:00:00+00:00,0.7156332731246948,280.623779296875,357.325439453125,-1.657731056213379,5.265575964585878e-06,1.6179323196411133,286.8896484375,5.920975685119629
2014-08-22 19:00:00+00:00,0.6924919486045837,280.726318359375,358.5419921875,-0.19474279880523682,,1.568263053894043,286.80908203125,6.017321586608887
2014-08-22 20:00:00+00:00,0.674388587474823,281.1396484375,359.64599609375,0.7056793570518494,,1.8865385055541992,286.14501953125,6.113859176635742
2014-08-22 21:00:00+00:00,0.660759687423706,281.805908203125,0.03470681607723236,1.1969385147094727,,2.5617446899414062,286.026123046875,6.098560333251953
2014-08-22 22:00:00+00:00,0.6460325121879578,281.51171875,359.053955078125,0.9264578819274902,,3.890681266784668,285.7626953125,6.095788955688477
2014-08-22 23:00:00+00:00,0.6369085907936096,281.25439453125,357.806884765625,0.49237364530563354,,4.733736038208008,285.455078125,6.001763343811035
2014-08-23 00:00:00+00:00,0.6298296451568604,281.134033203125,355.901611328125,0.042733993381261826,,5.090763092041016,285.064697265625,5.880158424377441
2014-08-23 01:00:00+00:00,0.6245483160018921,281.058349609375,353.593505859375,-0.37893956899642944,,5.582521438598633,284.727783203125,5.74513053894043
2014-08-23 02:00:00+00:00,0.6287451386451721,280.98486328125,349.088134765625,-0.7765088081359863,,5.725996971130371,284.39892578125,5.518899917602539
2014-08-23 03:00:00+00:00,0.6357051730155945,280.90625,344.743408203125,-1.219223976135254,,5.558901786804199,283.93798828125,5.3061017990112305
2014-08-23 04:00:00+00:00,0.6406688690185547,280.8251953125,341.463623046875,-1.2676725387573242,,5.488868713378906,283.59619140625,5.154687881469727
2014-08-23 05:00:00+00:00,0.6406121253967285,280.7607421875,339.9853515625,-1.4121646881103516,,5.584433555603027,283.310791015625,5.069506645202637
2014-08-23 06:00:00+00:00,0.7600415945053101,280.893798828125,338.108154296875,-1.7793664932250977,5.293296453601215e-06,5.432494163513184,283.43017578125,5.458094596862793
2014-08-23 07:00:00+00:00,0.728017270565033,281.083740234375,335.50244140625,-2.2609024047851562,,5.267937660217285,283.9833984375,5.091536521911621
2014-08-23 08:00:00+00:00,0.7182262539863586,281.22021484375,333.87451171875,-3.1145105361938477,,5.037717819213867,284.693603515625,4.838774681091309
2014-08-23 09:00:00+00:00,0.7190179824829102,281.290283203125,334.200439453125,-4.085498809814453,,4.773794174194336,285.243408203125,4.673547744750977
2014-08-23 10:00:00+00:00,0.7184572219848633,281.655029296875,337.2275390625,-4.835058212280273,,3.319962501525879,285.553466796875,4.608677864074707
2014-08-23 11:00:00+00:00,0.6894802451133728,282.126953125,341.207763671875,-4.894684791564941,,2.4825820922851562,285.693115234375,4.518399238586426
2014-08-23 12:00:00+00:00,0.6881980895996094,282.24462890625,345.097900390625,-4.841135025024414,,1.7402400970458984,285.744140625,4.575691223144531
2014-08-23 13:00:00+00:00,0.6858479976654053,282.14013671875,348.834228515625,-4.696805000305176,,1.0795660018920898,286.21142578125,4.680319786071777
2014-08-23 14:00:00+00:00,0.6827241778373718,281.7861328125,352.314697265625,-4.491116523742676,,0.18053364753723145,286.25146484375,4.801630020141602
2014-08-23 15:00:00+00:00,0.6778249740600586,281.6142578125,355.245849609375,-4.4969892501831055,,-0.2661358118057251,286.517333984375,4.939432144165039
2014-08-23 16:00:00+00:00,0.6690971255302429,281.333740234375,357.43017578125,-3.7952003479003906,,-0.12282800674438477,286.0068359375,5.119229316711426
2014-08-23 17:00:00+00:00,0.6592281460762024,281.154296875,359.135498046875,-1.922612190246582,,0.11997866630554199,286.254638671875,5.328935623168945
2014-08-23 18:00:00+00:00,0.6561970114707947,280.92626953125,0.6829431653022766,-0.13108420372009277,1.2604703442775644e-05,0.40294092893600464,286.3388671875,5.531289100646973
2014-08-23 19:00:00+00:00,0.6763094067573547,281.210693359375,1.8395471572875977,0.552670955657959,,2.080367088317871,285.9697265625,5.759548187255859
2014-08-23 20:00:00+00:00,0.6820763349533081,281.989013671875,2.6384973526000977,1.233210563659668,,2.8254995346069336,285.480224609375,5.919156074523926
2014-08-23 21:00:00+00:00,0.6864864230155945,282.317138671875,2.722757339477539,1.4765243530273438,,3.2105655670166016,285.1904296875,6.01141357421875
2014-08-23 22:00:00+00:00,0.6843984723091125,282.6103515625,2.880436897277832,1.6613588333129883,,3.3381729125976562,284.919677734375,6.179435729980469
2014-08-23 23:00:00+00:00,0.69443678855896,282.52978515625,1.4936084747314453,1.4313898086547852,,4.361240386962891,284.631103515625,6.164059638977051
2014-08-24 00:00:00+00:00,0.703732430934906,282.176025390625,359.650634765625,0.45920228958129883,,5.298191070556641,284.414794921875,6.11729621887207
2014-08-24 01:00:00+00:00,0.7179976105690002,281.765869140625,356.3017578125,-0.5350300669670105,,5.879242897033691,284.0517578125,5.980897903442383
2014-08-24 02:00:00+00:00,0.7378904223442078,281.450439453125,351.657470703125,-1.1433286666870117,,6.078792572021484,283.77099609375,5.779989242553711
2014-08-24 03:00:00+00:00,0.7524203062057495,281.190185546875,348.325439453125,-1.3122024536132812,,5.732007026672363,283.43701171875,5.642660140991211
2014-08-24 04:00:00+00:00,0.7514270544052124,280.956787109375,347.797119140625,-1.1059989929199219,,5.4104204177856445,283.165283203125,5.626107215881348
2014-08-24 05:00:00+00:00,0.7518037557601929,280.7900390625,348.347412109375,-0.9982439875602722,,5.350465774536133,282.955078125,5.68244743347168
2014-08-24 06:00:00+00:00,0.7467342615127563,280.812744140625,349.06640625,-1.2105560302734375,2.6264569896738976e-06,5.254993438720703,283.01806640625,5.754223823547363
2014-08-24 07:00:00+00:00,0.7411648631095886,281.01171875,348.972900390625,-1.5312623977661133,,5.030492782592773,283.494384765625,5.766550064086914
2014-08-24 08:00:00+00:00,0.7345725893974304,281.139404296875,349.0537109375,-1.9011735916137695,,4.514551162719727,284.217529296875,5.77945613861084
2014-08-24 09:00:00+00:00,0.7228509187698364,281.097412109375,350.3359375,-1.9422521591186523,,3.8017578125,284.987060546875,5.861532211303711
2014-08-24 10:00:00+00:00,0.702555239200592,281.063720703125,353.0908203125,-1.4029951095581055,,2.3661632537841797,285.759521484375,6.064294815063477
2014-08-24 11:00:00+00:00,0.6882874369621277,280.43359375,355.482177734375,-0.7886176109313965,,2.3434953689575195,286.380859375,6.226325988769531
2014-08-24 12:00:00+00:00,0.6954172253608704,279.724365234375,357.13134765625,-0.5825867652893066,,2.23880672454834,287.009033203125,6.394700050354004
2014-08-24 13:00:00+00:00,0.6953406929969788,279.061767578125,358.9228515625,-0.4711645245552063,,2.1500368118286133,287.443603515625,6.5830230712890625
2014-08-24 14:00:00+00:00,0.694882333278656,278.7294921875,0.47693532705307007,-0.5386776924133301,,1.2798786163330078,287.8720703125,6.7438812255859375
2014-08-24 15:00:00+00:00,0.6937681436538696,279.446044921875,1.9545831680297852,-0.5070809125900269,,-0.229908287525177,287.831298828125,6.887834548950195
2014-08-24 16:00:00+00:00,0.6959429383277893,280.40185546875,3.7306528091430664,-0.06838059425354004,,-1.946920394897461,287.59423828125,6.956683158874512
2014-08-24 17:00:00+00:00,0.7043871283531189,281.359619140625,6.679238319396973,0.7185440063476562,,-3.176201820373535,287.18359375,6.853132247924805
2014-08-24 18:00:00+00:00,0.7241053581237793,281.72216796875,8.638744354248047,1.5269174575805664,0.0,-3.6927003860473633,286.9375,6.8971452713012695
2014-08-24 19:00:00+00:00,0.745106041431427,282.316650390625,10.240272521972656,2.1362762451171875,,-3.572260856628418,286.595458984375,7.004756927490234
2014-08-24 20:00:00+00:00,0.7453934550285339,282.725341796875,11.518389701843262,2.651233673095703,,-2.839925765991211,286.287353515625,7.043638229370117
2014-08-24 21:00:00+00:00,0.7373383045196533,282.89501953125,12.267759323120117,2.695192337036133,,-2.1626758575439453,286.127197265625,7.030853271484375
2014-08-24 22:00:00+00:00,0.7173045873641968,283.502197265625,12.764416694641113,2.7136802673339844,,-1.8051128387451172,286.547119140625,7.144502639770508
2014-08-24 23:00:00+00:00,0.7005859017372131,283.776123046875,12.662420272827148,2.5320587158203125,,-1.3577966690063477,286.42529296875,7.162814140319824
2014-08-25 00:00:00+00:00,0.6834260821342468,283.959228515625,12.55406379699707,2.4666032791137695,,-1.1522140502929688,286.421875,7.166560173034668
2014-08-25 01:00:00+00:00,0.6666603684425354,284.08935546875,12.499516487121582,2.5376148223876953,,-0.717271625995636,286.4814453125,7.150374412536621
2014-08-25 02:00:00+00:00,0.6534335017204285,283.875732421875,12.467972755432129,2.800455093383789,,-0.43321239948272705,286.486328125,7.030396461486816
2014-08-25 03:00:00+00:00,0.6371433138847351,283.743896484375,12.559890747070312,2.415877342224121,,-0.8599599003791809,286.3095703125,6.978293418884277
2014-08-25 04:00:00+00:00,0.6201394200325012,283.60986328125,12.640969276428223,2.413933753967285,,-1.1178512573242188,285.96875,6.943718910217285
2014-08-25 05:00:00+00:00,0.604120671749115,283.421875,12.71791934967041,2.630978584289551,,-0.9033103585243225,285.994384765625,6.888132095336914
2014-08-25 06:00:00+00:00,0.5905032157897949,283.290283203125,12.990555763244629,2.5926122665405273,1.0109793038282078e-05,-0.9829707741737366,286.018798828125,6.783490180969238
2014-08-25 07:00:00+00:00,0.5778166055679321,283.3203125,13.827491760253906,2.8367557525634766,,-1.620182991027832,286.25244140625,6.663092613220215
2014-08-25 08:00:00+00:00,0.5704420208930969,283.34423828125,15.833175659179688,3.164945602416992,,-2.1693010330200195,286.58837890625,6.464715003967285
2014-08-25 09:00:00+00:00,0.5728145241737366,283.193603515625,20.860260009765625,3.5109634399414062,,-2.5196428298950195,287.086669921875,6.14404296875
2014-08-25 10:00:00+00:00,0.5704746842384338,283.861083984375,26.428359985351562,3.6168575286865234,,-3.3440961837768555,287.549072265625,5.915009498596191
2014-08-25 11:00:00+00:00,0.5897661447525024,283.79248046875,38.70835876464844,3.696539878845215,,-4.5304155349731445,287.44189453125,5.489006042480469
2014-08-25 12:00:00+00:00,0.6362609267234802,283.65478515625,55.47425842285156,3.6876754760742188,,-5.795682907104492,287.408935546875,4.965860366821289
2014-08-25 13:00:00+00:00,0.7138708829879761,283.709716796875,73.38636779785156,3.8774375915527344,,-6.34195613861084,287.3291015625,4.484803199768066
2014-08-25 14:00:00+00:00,0.7852098941802979,284.040283203125,85.95912170410156,3.149064064025879,,-6.9782867431640625,287.365478515625,4.238558769226074
2014-08-25 15:00:00+00:00,0.8949519991874695,284.322509765625,94.98171997070312,3.0124998092651367,,-7.691071510314941,287.4921875,4.086812973022461
2014-08-25 16:00:00+00:00,1.001633644104004,284.649169921875,100.09910583496094,3.2083587646484375,,-7.824079513549805,287.588623046875,4.101132392883301
2014-08-25 17:00:00+00:00,1.099350929260254,285.03759765625,102.32725524902344,2.7062530517578125,,-8.264162063598633,287.72998046875,4.203678131103516
2014-08-25 18:00:00+00:00,1.1718168258666992,285.31640625,102.45216369628906,2.3775529861450195,2.4474240490235388e-05,-9.142650604248047,287.811767578125,4.287610054016113
2014-08-25 19:00:00+00:00,1.2689437866210938,285.48388671875,101.26669311523438,1.7803916931152344,,-9.532393455505371,287.836181640625,4.40172004699707
2014-08-25 20:00:00+00:00,1.3577766418457031,285.512939453125,99.87814331054688,1.4972915649414062,,-9.93270206451416,287.816650390625,4.523380279541016
2014-08-25 21:00:00+00:00,1.428506851196289,285.5224609375,98.60469055175781,1.0186681747436523,,-10.02553939819336,287.74951171875,4.6529340744018555
2014-08-25 22:00:00+00:00,1.456068992614746,285.2919921875,97.58120727539062,0.7374067902565002,,-9.950345039367676,287.77587890625,4.777002334594727
2014-08-25 23:00:00+00:00,1.4951486587524414,285.11181640625,95.65397644042969,-0.12138098478317261,,-10.154485702514648,287.639892578125,4.865009307861328
2014-08-26 00:00:00+00:00,1.5370912551879883,284.888671875,93.07347106933594,-0.9708706140518188,,-10.124269485473633,287.6533203125,4.931371688842773
2014-08-26 01:00:00+00:00,1.5607614517211914,284.689453125,90.88710021972656,-1.1979713439941406,,-9.888553619384766,287.6279296875,4.993597984313965
2014-08-26 02:00:00+00:00,1.5519838333129883,284.583984375,89.62754821777344,-1.3051891326904297,,-9.413982391357422,287.6533203125,5.065377235412598
2014-08-26 03:00:00+00:00,1.5265073776245117,284.58349609375,88.4603271484375,-2.0332107543945312,,-8.983465194702148,287.65625,5.130729675292969
2014-08-26 04:00:00+00:00,1.5004892349243164,284.4306640625,86.77267456054688,-3.142420768737793,,-8.774352073669434,287.554931640625,5.164853096008301
2014-08-26 05:00:00+00:00,1.4965896606445312,284.334716796875,84.41612243652344,-3.834700584411621,,-8.908326148986816,287.48193359375,5.158943176269531
2014-08-26 06:00:00+00:00,1.5012826919555664,284.2294921875,82.25289916992188,-4.042939186096191,8.775959940976463e-07,-8.730341911315918,287.46630859375,5.141913414001465
2014-08-26 07:00:00+00:00,1.5036935806274414,283.927001953125,80.87911987304688,-3.891697883605957,,-8.936262130737305,287.570556640625,5.145990371704102
2014-08-26 08:00:00+00:00,1.5086145401000977,283.628173828125,79.97079467773438,-3.742415428161621,,-9.16527271270752,287.60498046875,5.139063835144043
2014-08-26 09:00:00+00:00,1.4963274002075195,283.376953125,79.46037292480469,-3.7590818405151367,,-8.849695205688477,287.73583984375,5.133127212524414
2014-08-26 10:00:00+00:00,1.4788532257080078,282.890625,79.08305358886719,-3.745944023132324,,-8.019323348999023,287.9248046875,5.161765098571777
2014-08-26 11:00:00+00:00,1.4160985946655273,282.690673828125,78.451171875,-3.877321243286133,,-7.584066390991211,288.037353515625,5.135748863220215
2014-08-26 12:00:00+00:00,1.3551559448242188,282.41650390625,77.544921875,-4.071932792663574,,-7.126104354858398,288.11474609375,5.093019485473633
2014-08-26 13:00:00+00:00,1.301473617553711,282.3515625,76.27835083007812,-4.458033561706543,,-6.737526893615723,288.16357421875,5.05036735534668
2014-08-26 14:00:00+00:00,1.2533206939697266,282.39208984375,74.77166748046875,-4.855130195617676,,-6.391679763793945,288.12890625,5.001347541809082
2014-08-26 15:00:00+00:00,1.205296516418457,282.443359375,73.01910400390625,-5.096846580505371,,-5.972471237182617,288.057861328125,4.959327697753906
2014-08-26 16:00:00+00:00,1.152811050415039,282.375,71.63139343261719,-5.062390327453613,,-5.603093147277832,287.89697265625,4.934296607971191
2014-08-26 17:00:00+00:00,1.0931682586669922,282.269287109375,70.90969848632812,-4.747228622436523,,-5.202241897583008,287.8125,4.933976173400879
2014-08-26 18:00:00+00:00,1.03082275390625,282.349365234375,70.75297546386719,-4.088142395019531,0.0,-4.6725969314575195,287.72314453125,4.953610420227051
2014-08-26 19:00:00+00:00,0.9689928889274597,282.848388671875,70.91217041015625,-3.4831838607788086,,-3.692032814025879,287.48193359375,4.999079704284668
2014-08-26 20:00:00+00:00,0.9192929863929749,283.427978515625,70.77323913574219,-3.518080711364746,,-3.1281986236572266,287.28076171875,5.033388137817383
2014-08-26 21:00:00+00:00,0.8797064423561096,284.139892578125,70.03437805175781,-3.5629711151123047,,-3.038379669189453,287.119873046875,5.026979446411133
2014-08-26 22:00:00+00:00,0.8488472700119019,283.903076171875,68.7666015625,-3.3949689865112305,,-3.583648681640625,287.119873046875,4.995617866516113
2014-08-26 23:00:00+00:00,0.8231669068336487,284.21923828125,67.23159790039062,-3.4224472045898438,,-3.5187511444091797,287.10546875,4.957728385925293
2014-08-27 00:00:00+00:00,0.7994847893714905,284.276611328125,65.59564208984375,-3.303068161010742,,-3.5674962997436523,287.00537109375,4.928062438964844
2014-08-27 01:00:00+00:00,0.7766751050949097,284.268310546875,63.924285888671875,-3.185988426208496,,-3.472599983215332,286.93798828125,4.9100236892700195
2014-08-27 02:00:00+00:00,0.754242479801178,284.221435546875,62.2374267578125,-3.074795722961426,,-3.414483070373535,286.874755859375,4.902935981750488
2014-08-27 03:00:00+00:00,0.7327674627304077,284.083984375,60.50263977050781,-3.026505470275879,,-3.3806257247924805,286.789794921875,4.901253700256348
2014-08-27 04:00:00+00:00,0.7109743356704712,283.9375,58.83085632324219,-2.7067832946777344,,-3.135190010070801,286.58740234375,4.913430213928223
2014-08-27 05:00:00+00:00,0.6972337961196899,283.76171875,57.21519470214844,-2.343402862548828,,-3.001736640930176,286.5732421875,4.956493377685547
2014-08-27 06:00:00+00:00,0.6791027784347534,283.638671875,55.59910583496094,-1.9903173446655273,0.0,-3.079892158508301,286.514892578125,4.99687385559082
2014-08-27 07:00:00+00:00,0.66167151927948,283.7109375,54.048675537109375,-1.6015291213989258,,-3.302535057067871,286.95751953125,5.016098976135254
2014-08-27 08:00:00+00:00,0.6469845175743103,283.708251953125,52.672637939453125,-1.342381477355957,,-3.5211410522460938,287.233154296875,5.012348175048828
2014-08-27 09:00:00+00:00,0.6340177655220032,283.71533203125,51.60066223144531,-0.9532935619354248,,-3.802244186401367,287.51513671875,4.99582576751709
2014-08-27 10:00:00+00:00,0.618705689907074,283.691650390625,50.83915710449219,-0.26904618740081787,,-3.6039628982543945,287.6171875,5.002505302429199
2014-08-27 11:00:00+00:00,0.6130431890487671,283.929931640625,50.50715637207031,0.0194905586540699,,-4.08030891418457,287.66943359375,4.97286319732666
2014-08-27 12:00:00+00:00,0.6073445081710815,284.141845703125,50.43829345703125,0.44915586709976196,,-4.585099220275879,287.871826171875,4.928653717041016
2014-08-27 13:00:00+00:00,0.6048547625541687,284.3369140625,51.04731750488281,0.9965540766716003,,-4.924142837524414,288.1904296875,4.8578290939331055
2014-08-27 14:00:00+00:00,0.6077791452407837,284.658935546875,52.77496337890625,1.3898944854736328,,-5.271123886108398,288.441650390625,4.753332138061523
2014-08-27 15:00:00+00:00,0.621541440486908,285.036376953125,56.33012390136719,1.7808380126953125,,-5.611677169799805,288.600830078125,4.597363471984863
2014-08-27 16:00:00+00:00,0.6435158252716064,285.376953125,60.87345886230469,2.080561637878418,,-6.107667922973633,288.61279296875,4.43363094329834
2014-08-27 17:00:00+00:00,0.668206512928009,285.5078125,65.45989990234375,2.0916919708251953,,-6.237096786499023,288.4697265625,4.286001205444336
2014-08-27 18:00:00+00:00,0.6794997453689575,285.607177734375,68.81867980957031,2.617508888244629,0.0,-6.2871294021606445,288.4501953125,4.202153205871582
2014-08-27 19:00:00+00:00,0.7452040910720825,285.610595703125,75.43608093261719,3.6822147369384766,,-6.479949951171875,288.447021484375,4.177502632141113
2014-08-27 20:00:00+00:00,0.7912333011627197,285.56201171875,83.95100402832031,4.692866325378418,,-6.252983093261719,288.47412109375,4.085639953613281
2014-08-27 21:00:00+00:00,0.8275638818740845,285.604248046875,91.71672058105469,5.3300886154174805,,-5.794114112854004,288.429443359375,4.054607391357422
2014-08-27 22:00:00+00:00,0.8643413186073303,285.697509765625,99.19221496582031,5.760795593261719,,-5.596395492553711,288.281005859375,4.04522705078125
2014-08-27 23:00:00+00:00,0.8916566371917725,285.933837890625,104.46214294433594,5.86519718170166,,-5.546901702880859,288.39208984375,4.0704450607299805
2014-08-28 00:00:00+00:00,0.9178425669670105,286.172119140625,108.45704650878906,6.102960586547852,,-5.369278907775879,288.606689453125,4.107128143310547
2014-08-28 01:00:00+00:00,0.9305218458175659,286.368896484375,111.47576904296875,6.403739929199219,,-4.778611183166504,288.8203125,4.159082412719727
2014-08-28 02:00:00+00:00,0.9311251044273376,286.582763671875,113.70596313476562,6.538876533508301,,-4.406610488891602,288.893310546875,4.209416389465332
2014-08-28 03:00:00+00:00,0.9271217584609985,286.84912109375,115.63761901855469,6.521451950073242,,-4.011659622192383,288.939453125,4.242610931396484
2014-08-28 04:00:00+00:00,0.9124098420143127,287.0859375,116.95405578613281,6.303866386413574,,-3.6449012756347656,288.79833984375,4.269086837768555
2014-08-28 05:00:00+00:00,0.8885485529899597,287.2724609375,117.46006774902344,6.104728698730469,,-3.329730987548828,288.8388671875,4.287081718444824
2014-08-28 06:00:00+00:00,0.8609282374382019,287.408203125,117.64083862304688,5.911684036254883,0.0006401261780411005,-2.929281234741211,288.9208984375,4.302508354187012
2014-08-28 07:00:00+00:00,0.82932049036026,287.51904296875,117.54644775390625,5.837569236755371,,-2.7288007736206055,288.95166015625,4.3228607177734375
2014-08-28 08:00:00+00:00,0.8005979657173157,287.69677734375,117.54232788085938,5.781323432922363,,-2.2389745712280273,289.009521484375,4.331809043884277
2014-08-28 09:00:00+00:00,0.7686984539031982,287.879150390625,116.80746459960938,5.491846084594727,,-1.6108465194702148,289.05615234375,4.365050315856934
2014-08-28 10:00:00+00:00,0.7384467124938965,288.55224609375,116.15554809570312,5.244755744934082,,-1.0564260482788086,289.271240234375,4.395709991455078
2014-08-28 11:00:00+00:00,0.7087103724479675,288.445068359375,114.994384765625,4.689043045043945,,-0.23631668090820312,289.453125,4.436899185180664
2014-08-28 12:00:00+00:00,0.6805770993232727,288.032470703125,114.01699829101562,4.800173759460449,,0.8831216096878052,290.231689453125,4.4719696044921875
2014-08-28 13:00:00+00:00,0.6634246706962585,287.56005859375,115.27841186523438,4.999180793762207,,2.134587287902832,290.880126953125,4.44698429107666
2014-08-28 14:00:00+00:00,0.6496829390525818,286.759033203125,117.25379943847656,4.896559715270996,,3.197214126586914,291.52587890625,4.402894973754883
2014-08-28 15:00:00+00:00,0.643415093421936,285.944580078125,122.29679870605469,5.153203964233398,,3.282607078552246,292.108154296875,4.337297439575195
2014-08-28 16:00:00+00:00,0.6583913564682007,285.7333984375,134.21392822265625,5.40371036529541,,4.598134994506836,292.082763671875,4.182400703430176
2014-08-28 17:00:00+00:00,0.657708466053009,286.06005859375,142.52169799804688,4.360361099243164,,5.051309585571289,291.309326171875,4.110544204711914
2014-08-28 18:00:00+00:00,0.6276374459266663,286.343994140625,138.99139404296875,3.2896690368652344,0.0,4.674238204956055,290.761962890625,4.180197715759277
2014-08-28 19:00:00+00:00,0.5869541168212891,286.412353515625,131.57427978515625,2.687868118286133,,3.4162654876708984,290.0302734375,4.311429023742676
2014-08-28 20:00:00+00:00,0.5519525408744812,286.250244140625,126.07778930664062,2.9815759658813477,,2.613142967224121,289.255126953125,4.416934013366699
2014-08-28 21:00:00+00:00,0.5267561078071594,285.960205078125,123.66127014160156,3.796222686767578,,2.4721765518188477,288.799072265625,4.448363304138184
2014-08-28 22:00:00+00:00,0.5067896246910095,284.810302734375,124.285400390625,4.731768608093262,,1.994471549987793,288.342041015625,4.434486389160156
2014-08-28 23:00:00+00:00,0.508988618850708,284.16748046875,130.89048767089844,5.491559028625488,,2.2149696350097656,288.080078125,4.255468368530273
