timestamp,Significant height of combined wind waves and swell,10 metre V wind component,2 metre dewpoint temperature,Mean wave period,2 metre temperature,10 metre U wind component,Total precipitation,Mean wave direction
2016-03-11 00:00:00+00:00,0.6744750738143921,-0.06674432754516602,276.22216796875,4.134014129638672,277.8369140625,-5.759897232055664,,70.23193359375
2016-03-11 01:00:00+00:00,0.6538434028625488,-0.4418331980705261,276.253662109375,4.149168968200684,277.712890625,-5.400021553039551,,69.4986572265625
2016-03-11 02:00:00+00:00,0.628932774066925,-0.8247694373130798,276.2421875,4.184547424316406,277.553955078125,-4.996819496154785,,68.09201049804688
2016-03-11 03:00:00+00:00,0.6050019860267639,-0.8108598589897156,276.20166015625,4.214459419250488,277.3701171875,-4.952278137207031,,66.5953369140625
2016-03-11 04:00:00+00:00,0.5914726257324219,-1.1164588928222656,275.96728515625,4.197890281677246,277.004638671875,-5.071610450744629,,65.45877075195312
2016-03-11 05:00:00+00:00,0.5935164093971252,-1.166916847229004,275.53955078125,4.1175336837768555,276.578125,-5.361843109130859,,65.29908752441406
2016-03-11 06:00:00+00:00,0.6016418933868408,-1.148092269897461,275.211669921875,4.036332130432129,276.163818359375,-5.44034481048584,1.1066796105296817e-05,65.51382446289062
2016-03-11 07:00:00+00:00,0.6074042320251465,-1.1928882598876953,274.794189453125,3.982818603515625,275.8076171875,-5.378681182861328,,65.80320739746094
2016-03-11 08:00:00+00:00,0.6108810901641846,-1.1576337814331055,274.344970703125,3.941756248474121,275.618896484375,-5.552925109863281,,66.17893981933594
2016-03-11 09:00:00+00:00,0.6182850003242493,-0.8596045970916748,273.87744140625,3.8913698196411133,275.365478515625,-5.739803314208984,,67.09317016601562
2016-03-11 10:00:00+00:00,0.6150449514389038,0.08638596534729004,273.059814453125,3.8707847595214844,275.290771484375,-5.3563690185546875,,69.29249572753906
2016-03-11 11:00:00+00:00,0.5968748927116394,0.06713706254959106,272.78271484375,3.892148017883301,275.418701171875,-4.875934600830078,,69.72865295410156
2016-03-11 12:00:00+00:00,0.5693646669387817,-0.20908713340759277,272.630859375,3.9320220947265625,275.58349609375,-4.5798492431640625,,69.1080322265625
2016-03-11 13:00:00+00:00,0.5487157702445984,-0.2296329140663147,272.559814453125,3.9258947372436523,275.802001953125,-4.7860870361328125,,68.90231323242188
2016-03-11 14:00:00+00:00,0.5345238447189331,-0.11703795194625854,272.67236328125,3.8871755599975586,276.118896484375,-5.045397758483887,,68.96951293945312
2016-03-11 15:00:00+00:00,0.5266783237457275,-0.10171574354171753,272.906494140625,3.824734687805176,276.4892578125,-5.257016181945801,,69.75294494628906
2016-03-11 16:00:00+00:00,0.5270369052886963,0.27184611558914185,273.219970703125,3.7405710220336914,276.897705078125,-5.538873672485352,,71.48883056640625
2016-03-11 17:00:00+00:00,0.5405347943305969,0.7527970671653748,273.486572265625,3.640596389770508,277.258544921875,-5.605647087097168,,74.94729614257812
2016-03-11 18:00:00+00:00,0.5512492656707764,1.2237005233764648,273.715576171875,3.583704948425293,277.409912109375,-5.559675216674805,0.0,78.02438354492188
2016-03-11 19:00:00+00:00,0.5540422201156616,1.6614789962768555,273.83642578125,3.5573501586914062,277.58837890625,-5.333654403686523,,80.47050476074219
2016-03-11 20:00:00+00:00,0.5504628419876099,2.326436996459961,274.1455078125,3.540350914001465,277.564697265625,-5.01373291015625,,82.871337890625
2016-03-11 21:00:00+00:00,0.5422165989875793,2.686666488647461,274.28076171875,3.526730537414551,277.521484375,-4.5067243576049805,,85.27552795410156
2016-03-11 22:00:00+00:00,0.5423881411552429,3.7161130905151367,273.208984375,3.4733638763427734,277.0859375,-3.7144088745117188,,92.06056213378906
2016-03-11 23:00:00+00:00,0.5154068470001221,3.0899534225463867,273.420654296875,3.5079803466796875,276.92236328125,-2.8201379776000977,,93.189208984375
2016-03-12 00:00:00+00:00,0.4761604070663452,2.446549415588379,273.617431640625,3.578340530395508,276.867919921875,-2.9028186798095703,,91.21272277832031
2016-03-12 01:00:00+00:00,0.4493597745895386,2.1019859313964844,273.864990234375,3.5810022354125977,276.730712890625,-3.4412078857421875,,90.10391235351562
2016-03-12 02:00:00+00:00,0.43188244104385376,1.7720985412597656,274.098388671875,3.550673484802246,276.560546875,-3.650594711303711,,89.80339050292969
2016-03-12 03:00:00+00:00,0.41574376821517944,1.641707420349121,274.25048828125,3.538238525390625,276.3173828125,-3.646852493286133,,89.24821472167969
2016-03-12 04:00:00+00:00,0.40890151262283325,1.901998519897461,274.311767578125,3.491851806640625,276.13427734375,-4.028675079345703,,90.25143432617188
2016-03-12 05:00:00+00:00,0.4117121696472168,2.2297964096069336,274.29296875,3.428952217102051,275.924560546875,-4.290500640869141,,92.89985656738281
2016-03-12 06:00:00+00:00,0.4252200722694397,2.617947578430176,274.2255859375,3.3662357330322266,275.763671875,-4.447958946228027,0.0,96.81045532226562
2016-03-12 07:00:00+00:00,0.43865150213241577,2.785536766052246,274.227783203125,3.3456602096557617,275.731201171875,-4.423754692077637,,100.14604187011719
2016-03-12 08:00:00+00:00,0.4440076947212219,2.7750930786132812,274.221923828125,3.367755889892578,275.885986328125,-4.090848922729492,,101.91836547851562
2016-03-12 09:00:00+00:00,0.43704068660736084,2.514799118041992,274.196044921875,3.431516647338867,276.1103515625,-3.9074649810791016,,102.45442199707031
2016-03-12 10:00:00+00:00,0.41631174087524414,2.3654136657714844,273.661376953125,3.533506393432617,276.34521484375,-3.369335174560547,,102.70257568359375
2016-03-12 11:00:00+00:00,0.3905635476112366,1.4571771621704102,273.529541015625,3.6911449432373047,276.449951171875,-3.3101940155029297,,100.28800964355469
2016-03-12 12:00:00+00:00,0.37162095308303833,1.0311870574951172,273.567626953125,3.824387550354004,276.593505859375,-3.912470817565918,,97.4468994140625
2016-03-12 13:00:00+00:00,0.3699977397918701,0.418199360370636,273.62451171875,3.8489904403686523,276.818115234375,-4.236678123474121,,94.50741577148438
2016-03-12 14:00:00+00:00,0.3705946207046509,-0.2300843596458435,273.662841796875,3.885220527648926,277.0283203125,-4.555943489074707,,90.76023864746094
2016-03-12 15:00:00+00:00,0.38067132234573364,-0.7851303815841675,273.714599609375,3.872319221496582,277.20263671875,-4.815248489379883,,86.96847534179688
2016-03-12 16:00:00+00:00,0.3916395902633667,-0.9527592062950134,273.851318359375,3.8761520385742188,277.397216796875,-5.253130912780762,,83.66380310058594
2016-03-12 17:00:00+00:00,0.4067094922065735,-0.739190399646759,274.088623046875,3.8762454986572266,277.5595703125,-5.508394241333008,,80.74153137207031
2016-03-12 18:00:00+00:00,0.4309319257736206,-0.7062621116638184,274.338134765625,3.8578271865844727,277.690673828125,-5.576489448547363,0.0,79.10214233398438
2016-03-12 19:00:00+00:00,0.474235475063324,-0.44684475660324097,274.65576171875,3.859163284301758,277.899658203125,-5.781745910644531,,78.98817443847656
2016-03-12 20:00:00+00:00,0.5090987682342529,0.18691229820251465,274.96484375,3.866175651550293,278.001220703125,-5.9889326095581055,,80.28691101074219
2016-03-12 21:00:00+00:00,0.5428174138069153,0.8220428228378296,275.13525390625,3.915032386779785,277.99462890625,-5.939187049865723,,82.53909301757812
2016-03-12 22:00:00+00:00,0.5589902400970459,1.7754392623901367,274.513916015625,4.024776458740234,277.3984375,-5.433148384094238,,85.97334289550781
2016-03-12 23:00:00+00:00,0.5559632778167725,1.899658203125,274.421630859375,4.142735481262207,276.970703125,-5.224644660949707,,86.99842834472656
2016-03-13 00:00:00+00:00,0.559253990650177,1.9887304306030273,274.3251953125,4.167672157287598,276.59716796875,-5.316896438598633,,88.45843505859375
2016-03-13 01:00:00+00:00,0.5759181976318359,2.1282596588134766,274.291259765625,4.090033531188965,276.294921875,-5.457662582397461,,91.462890625
2016-03-13 02:00:00+00:00,0.584671139717102,1.9610462188720703,274.208984375,4.0489044189453125,275.9677734375,-5.136615753173828,,93.06742858886719
2016-03-13 03:00:00+00:00,0.561170220375061,1.4477052688598633,274.080322265625,4.14109992980957,275.66455078125,-4.454595565795898,,91.6414794921875
2016-03-13 04:00:00+00:00,0.5217474102973938,0.737359344959259,273.95361328125,4.303498268127441,275.420654296875,-3.9065170288085938,,88.69480895996094
2016-03-13 05:00:00+00:00,0.48749274015426636,0.25844818353652954,273.848876953125,4.430119514465332,275.313232421875,-3.985396385192871,,85.74127197265625
2016-03-13 06:00:00+00:00,0.4719576835632324,0.4237018823623657,273.834228515625,4.399087905883789,275.287353515625,-4.6014299392700195,9.5367431640625e-07,83.5386962890625
2016-03-13 07:00:00+00:00,0.4779471158981323,0.1401016116142273,273.928466796875,4.218717575073242,275.34521484375,-4.8152666091918945,,82.68582153320312
2016-03-13 08:00:00+00:00,0.49223417043685913,-0.5248864889144897,273.933349609375,4.053042411804199,275.314453125,-4.900968551635742,,82.08033752441406
2016-03-13 09:00:00+00:00,0.5038848519325256,-0.7069594264030457,273.921875,3.9480361938476562,275.266357421875,-4.998963356018066,,81.828125
2016-03-13 10:00:00+00:00,0.5199655294418335,0.3847150206565857,273.190185546875,3.8451967239379883,274.88525390625,-5.363207817077637,,82.87738037109375
2016-03-13 11:00:00+00:00,0.5213246941566467,0.5481322407722473,273.17138671875,3.820864677429199,275.192626953125,-5.137920379638672,,83.45281982421875
2016-03-13 12:00:00+00:00,0.505856454372406,0.015818290412425995,273.3603515625,3.846078872680664,275.52978515625,-4.838964462280273,,82.77729797363281
2016-03-13 13:00:00+00:00,0.49035143852233887,-1.047682762145996,273.622802734375,3.85305118560791,275.8125,-4.927657127380371,,80.5443115234375
2016-03-13 14:00:00+00:00,0.49323898553848267,-1.4597091674804688,273.93896484375,3.783341407775879,275.971923828125,-5.475983619689941,,77.77999877929688
2016-03-13 15:00:00+00:00,0.5772787928581238,-1.8307113647460938,274.151123046875,3.8625612258911133,276.08056640625,-5.971136093139648,,75.51371765136719
2016-03-13 16:00:00+00:00,0.6065840125083923,-2.2910804748535156,274.302490234375,3.890401840209961,276.177001953125,-6.252015113830566,,72.79441833496094
2016-03-13 17:00:00+00:00,0.6477405428886414,-2.4354639053344727,274.539306640625,3.9130210876464844,276.256591796875,-6.468374252319336,,70.484375
2016-03-13 18:00:00+00:00,0.6783313155174255,-2.3228330612182617,274.75927734375,3.8854150772094727,276.4423828125,-6.398018836975098,0.0,69.87911987304688
2016-03-13 19:00:00+00:00,0.6887668371200562,-2.223191261291504,274.9580078125,3.8622817993164062,276.7900390625,-6.222869873046875,,69.87925720214844
2016-03-13 20:00:00+00:00,0.6813448071479797,-1.460341453552246,275.016845703125,3.857171058654785,277.156005859375,-6.316628456115723,,70.6666259765625
2016-03-13 21:00:00+00:00,0.659826934337616,-0.9128330945968628,275.245361328125,3.8679380416870117,277.234375,-5.987409591674805,,71.50935363769531
2016-03-13 22:00:00+00:00,0.6464101672172546,-0.7545762062072754,274.472900390625,3.8584680557250977,276.927734375,-6.15004825592041,,73.07673645019531
2016-03-13 23:00:00+00:00,0.6149428486824036,-0.5916814208030701,274.3671875,3.9027318954467773,276.841064453125,-5.601341247558594,,73.41822814941406
2016-03-14 00:00:00+00:00,0.5713715553283691,-0.4624308943748474,274.28759765625,3.982179641723633,276.669677734375,-5.128594398498535,,72.53968811035156
2016-03-14 01:00:00+00:00,0.5312544107437134,0.09702879190444946,274.162353515625,4.067079544067383,276.48095703125,-4.631834983825684,,71.95953369140625
2016-03-14 02:00:00+00:00,0.4861399531364441,0.062196288257837296,273.98388671875,4.2177581787109375,276.271240234375,-3.9169063568115234,,70.39442443847656
2016-03-14 03:00:00+00:00,0.4451391100883484,-0.6335154175758362,273.879150390625,4.397564888000488,276.17333984375,-3.374444007873535,,67.74385070800781
2016-03-14 04:00:00+00:00,0.4111458659172058,-0.8418797850608826,273.861083984375,4.581844329833984,276.166259765625,-3.1603612899780273,,64.2274169921875
2016-03-14 05:00:00+00:00,0.3820804953575134,-0.8905209302902222,273.89990234375,4.7835798263549805,276.224853515625,-2.8628063201904297,,60.066680908203125
2016-03-14 06:00:00+00:00,0.3559296727180481,-0.8994787335395813,274.013916015625,5.021407127380371,276.349609375,-2.281256675720215,0.0,55.039093017578125
2016-03-14 07:00:00+00:00,0.3329269289970398,-0.8676946759223938,274.267333984375,5.27390193939209,276.63623046875,-1.6465911865234375,,48.84846496582031
2016-03-14 08:00:00+00:00,0.31447428464889526,-0.9712010025978088,274.54638671875,5.502265930175781,276.9443359375,-1.035069465637207,,41.31336975097656
2016-03-14 09:00:00+00:00,0.3027859330177307,-1.1223430633544922,274.802734375,5.618535041809082,277.2109375,-0.24877405166625977,,32.23829650878906
2016-03-14 10:00:00+00:00,0.28077560663223267,-1.3545160293579102,275.1845703125,6.0240478515625,277.411376953125,0.10405075550079346,,22.769058227539062
2016-03-14 11:00:00+00:00,0.284640371799469,-2.047560691833496,275.384765625,5.823276519775391,277.73291015625,0.9992267489433289,,9.32093620300293
2016-03-14 12:00:00+00:00,0.29376959800720215,-2.5141525268554688,275.572265625,5.552783012390137,278.0048828125,1.4340791702270508,,357.918212890625
2016-03-14 13:00:00+00:00,0.30816638469696045,-3.0199804306030273,275.73779296875,5.269643783569336,278.20947265625,1.8876304626464844,,349.619384765625
2016-03-14 14:00:00+00:00,0.3383098840713501,-3.8657121658325195,275.95947265625,4.823929786682129,278.353271484375,2.352518081665039,,342.786865234375
2016-03-14 15:00:00+00:00,0.3856303095817566,-4.461796760559082,276.276123046875,4.354799270629883,278.500732421875,2.290302276611328,,339.46142578125
2016-03-14 16:00:00+00:00,0.42815619707107544,-4.543920516967773,276.683349609375,4.136187553405762,278.594482421875,1.8043241500854492,,339.57373046875
2016-03-14 17:00:00+00:00,0.44782572984695435,-4.258441925048828,277.022216796875,4.145236968994141,278.6826171875,1.5242938995361328,,339.616455078125
2016-03-14 18:00:00+00:00,0.4584731459617615,-3.7732362747192383,277.367919921875,4.209649085998535,278.720703125,1.2102842330932617,3.991131961811334e-06,339.71875
2016-03-14 19:00:00+00:00,0.46403932571411133,-3.474428176879883,277.667724609375,4.30177116394043,278.77001953125,0.8494384288787842,,339.920654296875
2016-03-14 20:00:00+00:00,0.4682753086090088,-3.376779556274414,277.880126953125,4.388213157653809,278.77685546875,0.3896809220314026,,340.201171875
2016-03-14 21:00:00+00:00,0.47983062267303467,-3.467052459716797,277.99072265625,4.463018417358398,278.734619140625,-0.7072310447692871,,340.879638671875
2016-03-14 22:00:00+00:00,0.4879293441772461,-2.912783622741699,277.8740234375,4.543683052062988,278.53515625,-1.6211881637573242,,341.662841796875
2016-03-14 23:00:00+00:00,0.4960365891456604,-2.4587411880493164,277.85009765625,4.62263298034668,278.45458984375,-1.862701416015625,,342.1328125
2016-03-15 00:00:00+00:00,0.5085561275482178,-2.9765090942382812,277.801025390625,4.643769264221191,278.419677734375,-2.2165260314941406,,343.32373046875
2016-03-15 01:00:00+00:00,0.5208057761192322,-3.143336296081543,277.659423828125,4.646906852722168,278.38720703125,-2.6171789169311523,,344.555908203125
2016-03-15 02:00:00+00:00,0.5262598991394043,-2.6958274841308594,277.535400390625,4.705450057983398,278.267578125,-2.438565254211426,,344.65283203125
2016-03-15 03:00:00+00:00,0.5304440855979919,-3.0627317428588867,277.504638671875,4.763776779174805,278.251953125,-2.0147905349731445,,344.411376953125
2016-03-15 04:00:00+00:00,0.536916971206665,-3.3835372924804688,277.58203125,4.783474922180176,278.3017578125,-1.408761978149414,,344.450439453125
2016-03-15 05:00:00+00:00,0.5414247512817383,-3.520496368408203,277.6904296875,4.812360763549805,278.3486328125,-0.6879647970199585,,344.29638671875
2016-03-15 06:00:00+00:00,0.5481534004211426,-3.9649887084960938,277.833984375,4.804416656494141,278.45263671875,-0.8581247329711914,1.5640485798940063e-05,344.6044921875
2016-03-15 07:00:00+00:00,0.5582364201545715,-4.389106750488281,277.891357421875,4.752251625061035,278.54150390625,-1.5689449310302734,,345.708740234375
2016-03-15 08:00:00+00:00,0.5839936137199402,-4.593422889709473,277.745849609375,4.5814313888549805,278.509521484375,-3.095627784729004,,349.600830078125
2016-03-15 09:00:00+00:00,0.6304653286933899,-4.679134368896484,277.494873046875,4.328632354736328,278.432373046875,-4.515256881713867,,357.040771484375
2016-03-15 10:00:00+00:00,0.713803768157959,-4.245495796203613,277.517822265625,4.032085418701172,278.310546875,-6.03450870513916,,10.251199722290039
2016-03-15 11:00:00+00:00,0.7518244385719299,-3.991579055786133,277.478759765625,3.981255531311035,278.43359375,-5.53006649017334,,15.601386070251465
2016-03-15 12:00:00+00:00,0.7511008381843567,-3.9185876846313477,277.51025390625,4.022512435913086,278.627197265625,-5.042112350463867,,16.535507202148438
2016-03-15 13:00:00+00:00,0.7164604067802429,-3.6777305603027344,277.632080078125,4.133283615112305,278.854736328125,-4.051817893981934,,13.768733024597168
2016-03-15 14:00:00+00:00,0.6812273263931274,-3.7759971618652344,277.80029296875,4.228937149047852,279.021240234375,-3.549771308898926,,10.516586303710938
2016-03-15 15:00:00+00:00,0.6586217880249023,-4.049736022949219,277.99609375,4.261026382446289,279.211181640625,-3.779911994934082,,8.455995559692383
2016-03-15 16:00:00+00:00,0.6494576930999756,-4.034139633178711,278.115478515625,4.233048439025879,279.400146484375,-4.126982688903809,,8.293251037597656
2016-03-15 17:00:00+00:00,0.6492842435836792,-3.6248645782470703,278.192138671875,4.176227569580078,279.511962890625,-4.866487503051758,,9.936758995056152
2016-03-15 18:00:00+00:00,0.6733266711235046,-3.263899803161621,278.11669921875,4.047402381896973,279.473388671875,-6.0468034744262695,0.0,16.053955078125
2016-03-15 19:00:00+00:00,0.7448081374168396,-2.8542585372924805,277.684814453125,3.8668336868286133,279.368408203125,-7.260571479797363,,28.815521240234375
2016-03-15 20:00:00+00:00,0.862441897392273,-2.454188346862793,276.677490234375,3.7731828689575195,279.078857421875,-8.323168754577637,,43.162750244140625
2016-03-15 21:00:00+00:00,0.9879340529441833,-1.779862403869629,275.140625,3.8371753692626953,278.393310546875,-8.583489418029785,,54.18742370605469
2016-03-15 22:00:00+00:00,1.0444812774658203,-1.7320117950439453,274.442138671875,3.977937698364258,277.91845703125,-8.048558235168457,,59.682220458984375
2016-03-15 23:00:00+00:00,1.0528106689453125,-1.732020378112793,274.322021484375,4.100370407104492,277.45068359375,-7.715193748474121,,61.910308837890625
2016-03-16 00:00:00+00:00,1.0533819198608398,-2.0484066009521484,274.17333984375,4.168045997619629,277.09423828125,-7.861016273498535,,62.94218444824219
2016-03-16 01:00:00+00:00,1.091242790222168,-2.241074562072754,273.908935546875,4.196344375610352,276.794921875,-8.455955505371094,,64.35931396484375
2016-03-16 02:00:00+00:00,1.155263900756836,-1.226959228515625,273.473388671875,4.227730751037598,276.57568359375,-8.93154525756836,,67.418212890625
2016-03-16 03:00:00+00:00,1.1733369827270508,-0.5226333737373352,273.120849609375,4.279145240783691,276.394287109375,-8.452471733093262,,70.28462219238281
2016-03-16 04:00:00+00:00,1.1438465118408203,-0.6593698859214783,272.867431640625,4.314864158630371,276.346923828125,-8.024445533752441,,71.77066040039062
2016-03-16 05:00:00+00:00,1.1055183410644531,-0.5934572219848633,272.58251953125,4.320842742919922,276.457763671875,-7.927792549133301,,72.53781127929688
2016-03-16 06:00:00+00:00,1.0654945373535156,-0.521012008190155,272.455322265625,4.307920455932617,276.624755859375,-7.714251518249512,1.9085376834482304e-07,72.98451232910156
2016-03-16 07:00:00+00:00,1.0180253982543945,-0.48766881227493286,272.51416015625,4.286530494689941,276.8818359375,-7.430373191833496,,73.16748046875
2016-03-16 08:00:00+00:00,0.9695783853530884,-0.3638303875923157,272.61962890625,4.253467559814453,277.22607421875,-7.163629531860352,,73.1192626953125
2016-03-16 09:00:00+00:00,0.9213556051254272,-0.45980721712112427,272.87158203125,4.218513488769531,277.548095703125,-6.956499099731445,,72.71287536621094
2016-03-16 10:00:00+00:00,0.9116677641868591,-0.8762117624282837,274.981689453125,4.144797325134277,277.704345703125,-7.45073127746582,,72.71360778808594
2016-03-16 11:00:00+00:00,0.8921665549278259,-1.407435417175293,274.852783203125,4.107419013977051,277.89111328125,-7.187077522277832,,71.7110595703125
2016-03-16 12:00:00+00:00,0.8781716823577881,-2.1378040313720703,274.931396484375,4.072973251342773,278.08056640625,-7.081057548522949,,70.34719848632812
2016-03-16 13:00:00+00:00,0.8583202362060547,-2.658841133117676,274.898681640625,4.051107406616211,278.317626953125,-7.087925910949707,,68.0360107421875
2016-03-16 14:00:00+00:00,0.8429335951805115,-2.9835195541381836,274.8857421875,4.027159690856934,278.537109375,-6.813507080078125,,65.65156555175781
2016-03-16 15:00:00+00:00,0.8158185482025146,-3.177739143371582,274.931884765625,4.021535873413086,278.712158203125,-6.475699424743652,,62.96549987792969
2016-03-16 16:00:00+00:00,0.7837110757827759,-3.480905532836914,275.1923828125,4.015947341918945,278.80419921875,-6.066372871398926,,59.56721496582031
2016-03-16 17:00:00+00:00,0.757712185382843,-3.7662572860717773,275.47705078125,3.9988574981689453,278.80859375,-5.730133056640625,,55.687652587890625
2016-03-16 18:00:00+00:00,0.7434060573577881,-4.034914970397949,275.7001953125,3.9707517623901367,278.672119140625,-5.550553321838379,0.0,51.988555908203125
2016-03-16 19:00:00+00:00,0.7337028980255127,-3.837510108947754,275.77783203125,3.9516048431396484,278.614501953125,-5.494720458984375,,49.02427673339844
2016-03-16 20:00:00+00:00,0.7149449586868286,-3.213703155517578,275.891845703125,3.9650402069091797,278.632568359375,-5.319336891174316,,46.66790771484375
2016-03-16 21:00:00+00:00,0.6813839077949524,-2.597848892211914,276.017333984375,4.017734527587891,278.61669921875,-5.182723045349121,,44.06153869628906
2016-03-16 22:00:00+00:00,0.6361352801322937,-1.7384681701660156,276.02685546875,4.1192522048950195,278.5166015625,-4.40964412689209,,40.40460205078125
2016-03-16 23:00:00+00:00,0.5956137776374817,-1.1576080322265625,275.98486328125,4.231406211853027,278.382080078125,-4.102358818054199,,35.92779541015625
2016-03-17 00:00:00+00:00,0.5590428113937378,-0.5463857650756836,275.8984375,4.360708236694336,278.20947265625,-3.5646181106567383,,30.604415893554688
2016-03-17 01:00:00+00:00,0.5280194878578186,-0.25656193494796753,275.8095703125,4.492135047912598,277.97314453125,-2.8064794540405273,,25.041763305664062
2016-03-17 02:00:00+00:00,0.5023790597915649,-0.3258601427078247,275.624267578125,4.6165571212768555,277.6669921875,-2.2237119674682617,,19.60723876953125
2016-03-17 03:00:00+00:00,0.4807147979736328,-0.5473840236663818,275.58837890625,4.730951309204102,277.4521484375,-1.8012886047363281,,14.539631843566895
2016-03-17 04:00:00+00:00,0.4624660611152649,-1.093557357788086,275.692626953125,4.837531089782715,277.35888671875,-1.509324073791504,,9.89488410949707
2016-03-17 05:00:00+00:00,0.4473782777786255,-1.2338981628417969,275.891357421875,4.924923896789551,277.413818359375,-1.2536754608154297,,5.788860321044922
2016-03-17 06:00:00+00:00,0.43333542346954346,-1.3150787353515625,275.818603515625,5.016999244689941,277.478515625,-0.885539174079895,0.0,2.129225730895996
2016-03-17 07:00:00+00:00,0.4213109612464905,-1.6140708923339844,275.87451171875,5.097700119018555,277.641357421875,-0.488106369972229,,358.899658203125
2016-03-17 08:00:00+00:00,0.41110724210739136,-1.667222023010254,276.167724609375,5.165779113769531,278.117431640625,-0.28047657012939453,,356.05615234375
2016-03-17 09:00:00+00:00,0.4025796055793762,-1.4998846054077148,276.283447265625,5.224115371704102,278.457763671875,0.010090954601764679,,353.50634765625
2016-03-17 10:00:00+00:00,0.3891972303390503,-1.7244958877563477,276.250732421875,5.368472099304199,278.69677734375,0.12774860858917236,,350.529052734375
2016-03-17 11:00:00+00:00,0.3920205235481262,-2.2167978286743164,276.2685546875,5.273889541625977,278.873291015625,0.6079161763191223,,348.0224609375
2016-03-17 12:00:00+00:00,0.39769870042800903,-2.8277816772460938,276.287353515625,5.1631317138671875,278.96630859375,1.1158466339111328,,345.533447265625
2016-03-17 13:00:00+00:00,0.4093618392944336,-3.307832717895508,276.2724609375,5.015146255493164,278.97607421875,1.6779861450195312,,343.01806640625
2016-03-17 14:00:00+00:00,0.4277340769767761,-3.526247024536133,276.206787109375,4.831792831420898,278.894775390625,2.1970748901367188,,340.388916015625
2016-03-17 15:00:00+00:00,0.46365922689437866,-3.7040882110595703,276.188232421875,4.545733451843262,278.817626953125,2.930911064147949,,337.137939453125
2016-03-17 16:00:00+00:00,0.5204428434371948,-3.9890613555908203,276.155029296875,4.288018226623535,278.708740234375,3.599672317504883,,333.938720703125
2016-03-17 17:00:00+00:00,0.5906592011451721,-4.12160587310791,276.201171875,4.115752220153809,278.64697265625,4.231247901916504,,330.954833984375
2016-03-17 18:00:00+00:00,0.6707804799079895,-4.314883232116699,276.260498046875,4.040962219238281,278.386474609375,4.703993797302246,1.908026206365321e-06,328.706787109375
2016-03-17 19:00:00+00:00,0.7598116397857666,-4.552583694458008,276.42529296875,4.037768363952637,278.23583984375,5.056405067443848,,327.0830078125
2016-03-17 20:00:00+00:00,0.8416982293128967,-4.656012535095215,276.518310546875,4.090897560119629,278.30517578125,5.296063423156738,,326.31103515625
2016-03-17 21:00:00+00:00,0.913497269153595,-4.347203254699707,276.722412109375,4.225462913513184,278.626953125,5.320901870727539,,326.154296875
2016-03-17 22:00:00+00:00,0.9089782238006592,-4.058427810668945,276.503173828125,4.360901832580566,278.622314453125,4.756346702575684,,326.681884765625
2016-03-17 23:00:00+00:00,0.9211686849594116,-4.489071846008301,276.98876953125,4.40834903717041,278.884765625,5.183149337768555,,326.47802734375
2016-03-18 00:00:00+00:00,0.9517267942428589,-4.961146354675293,277.439453125,4.409061431884766,279.014892578125,5.328542709350586,,326.339599609375
2016-03-18 01:00:00+00:00,0.9705826640129089,-4.820730209350586,277.729248046875,4.431690216064453,279.1015625,5.102165222167969,,327.05517578125
2016-03-18 02:00:00+00:00,0.9752057194709778,-4.8845367431640625,277.9365234375,4.474185943603516,279.197265625,4.933626174926758,,327.978515625
2016-03-18 03:00:00+00:00,0.9991741180419922,-5.4016313552856445,278.000732421875,4.492168426513672,279.25439453125,4.704693794250488,,329.08154296875
2016-03-18 04:00:00+00:00,1.0660371780395508,-6.288773536682129,277.9951171875,4.506765365600586,279.209228515625,4.257292747497559,,330.9365234375
2016-03-18 05:00:00+00:00,1.1546697616577148,-6.95993709564209,277.876953125,4.588258743286133,278.99755859375,3.7690534591674805,,333.2548828125
2016-03-18 06:00:00+00:00,1.2466440200805664,-7.694671630859375,277.588134765625,4.734957695007324,278.569091796875,3.558670997619629,1.8694991013035178e-05,335.1162109375
2016-03-18 07:00:00+00:00,1.3493595123291016,-8.16256332397461,277.28955078125,4.88987922668457,278.21337890625,3.492063522338867,,336.792236328125
2016-03-18 08:00:00+00:00,1.4414052963256836,-8.175516128540039,277.024169921875,5.060634613037109,278.08984375,2.912125587463379,,338.565673828125
2016-03-18 09:00:00+00:00,1.4889564514160156,-7.726662635803223,276.925048828125,5.2503767013549805,278.1943359375,2.5424280166625977,,340.034912109375
2016-03-18 10:00:00+00:00,1.4948539733886719,-7.217537879943848,276.720947265625,5.453237533569336,278.315673828125,3.018893241882324,,340.738037109375
2016-03-18 11:00:00+00:00,1.5178260803222656,-7.552152633666992,276.524658203125,5.587175369262695,278.3681640625,2.8715295791625977,,341.19384765625
2016-03-18 12:00:00+00:00,1.5364961624145508,-6.877890586853027,276.300537109375,5.702568054199219,278.367919921875,3.201643943786621,,341.24365234375
2016-03-18 13:00:00+00:00,1.5398321151733398,-6.39341926574707,276.141845703125,5.810149192810059,278.367919921875,3.7860021591186523,,340.93115234375
2016-03-18 14:00:00+00:00,1.540802001953125,-6.480440139770508,276.0205078125,5.8719482421875,278.447509765625,3.85952091217041,,340.34814453125
2016-03-18 15:00:00+00:00,1.537550926208496,-6.266048431396484,275.904296875,5.91439151763916,278.595703125,3.6334991455078125,,339.894775390625
2016-03-18 16:00:00+00:00,1.5117130279541016,-5.912796974182129,275.876953125,5.957932472229004,278.802978515625,2.9422760009765625,,339.7080078125
2016-03-18 17:00:00+00:00,1.4624443054199219,-5.165165901184082,276.291015625,6.040876388549805,278.88916015625,2.599395751953125,,339.60595703125
2016-03-18 18:00:00+00:00,1.4082975387573242,-5.032190322875977,276.70458984375,6.123665809631348,278.876220703125,2.118556022644043,1.1732280654541682e-05,339.44580078125
2016-03-18 19:00:00+00:00,1.4235105514526367,-5.268608093261719,276.825927734375,6.278079032897949,278.82177734375,1.2238569259643555,,339.3154296875
2016-03-18 20:00:00+00:00,1.3831024169921875,-5.247380256652832,276.960205078125,6.282599449157715,278.816650390625,0.44939208030700684,,339.209716796875
2016-03-18 21:00:00+00:00,1.5307750701904297,-5.246716499328613,277.03369140625,6.649502754211426,278.8330078125,0.020160559564828873,,339.1240234375
2016-03-18 22:00:00+00:00,1.49444580078125,-6.676006317138672,277.328857421875,6.480289459228516,278.685302734375,-0.5378459692001343,,339.609130859375
2016-03-18 23:00:00+00:00,1.4731769561767578,-6.664172172546387,277.4091796875,6.317197799682617,278.6962890625,-0.8638219237327576,,340.242431640625
2016-03-19 00:00:00+00:00,1.4463558197021484,-6.505667686462402,277.515869140625,6.221094131469727,278.720458984375,-0.6754978895187378,,340.396484375
2016-03-19 01:00:00+00:00,1.4173479080200195,-6.359903335571289,277.503173828125,6.162571907043457,278.678955078125,-0.29994338750839233,,340.267822265625
2016-03-19 02:00:00+00:00,1.3867149353027344,-6.112154006958008,277.363525390625,6.129901885986328,278.611572265625,0.26627230644226074,,339.9580078125
2016-03-19 03:00:00+00:00,1.3582887649536133,-6.1164960861206055,277.13916015625,6.1035051345825195,278.5830078125,0.8344178199768066,,339.621337890625
2016-03-19 04:00:00+00:00,1.3321352005004883,-6.023529052734375,276.938232421875,6.080421447753906,278.6064453125,1.0885190963745117,,339.300048828125
2016-03-19 05:00:00+00:00,1.3041086196899414,-5.417693138122559,276.775390625,6.083937644958496,278.61865234375,1.362844467163086,,338.927001953125
2016-03-19 06:00:00+00:00,1.2762022018432617,-4.733737945556641,276.6728515625,6.1054792404174805,278.6396484375,1.9483766555786133,5.0544376790639944e-06,338.459228515625
2016-03-19 07:00:00+00:00,1.258035659790039,-4.714215278625488,276.4775390625,6.101253509521484,278.743408203125,2.487548828125,,337.935302734375
2016-03-19 08:00:00+00:00,1.2497882843017578,-4.786429405212402,276.182373046875,6.075157165527344,278.80419921875,2.715121269226074,,337.425537109375
2016-03-19 09:00:00+00:00,1.2514381408691406,-4.684615135192871,275.925048828125,6.037330627441406,278.840576171875,2.898313522338867,,336.899658203125
2016-03-19 10:00:00+00:00,1.2757816314697266,-5.692934989929199,276.01904296875,5.954744338989258,279.224609375,2.9530763626098633,,336.53173828125
2016-03-19 11:00:00+00:00,1.3218679428100586,-6.20875358581543,276.0537109375,5.8625593185424805,279.22900390625,3.545858383178711,,336.0732421875
2016-03-19 12:00:00+00:00,1.3884944915771484,-6.701135635375977,275.974853515625,5.787880897521973,279.31396484375,3.5184879302978516,,335.846923828125
2016-03-19 13:00:00+00:00,1.457387924194336,-6.906149864196777,276.12744140625,5.789770126342773,279.395263671875,3.212553024291992,,336.0869140625
2016-03-19 14:00:00+00:00,1.5274238586425781,-7.388308525085449,276.425048828125,5.828752517700195,279.445068359375,2.9382991790771484,,336.611328125
2016-03-19 15:00:00+00:00,1.596461296081543,-7.793879508972168,276.78466796875,5.867644309997559,279.49755859375,2.7296695709228516,,337.2685546875
2016-03-19 16:00:00+00:00,1.634037971496582,-7.652185440063477,277.041748046875,5.927700042724609,279.5517578125,2.7861576080322266,,337.69384765625
2016-03-19 17:00:00+00:00,1.657461166381836,-7.568019866943359,277.191650390625,5.9596662521362305,279.570556640625,3.3484983444213867,,337.80029296875
2016-03-19 18:00:00+00:00,1.6753501892089844,-7.763110160827637,277.334228515625,5.965801239013672,279.571533203125,4.252904891967773,1.2489499567891471e-05,337.440185546875
2016-03-19 19:00:00+00:00,1.6286306381225586,-7.848864555358887,277.455078125,5.802120208740234,279.58056640625,4.682443618774414,,336.979248046875
2016-03-19 20:00:00+00:00,1.6743125915527344,-8.02159309387207,277.574951171875,5.796199798583984,279.538330078125,4.619810104370117,,336.714111328125
2016-03-19 21:00:00+00:00,1.7007837295532227,-7.559858322143555,277.70703125,5.822137832641602,279.496826171875,4.691007614135742,,336.615478515625
2016-03-19 22:00:00+00:00,1.7041378021240234,-7.39943790435791,277.4189453125,5.882672309875488,279.3701171875,5.008575439453125,,336.58056640625
2016-03-19 23:00:00+00:00,1.7232046127319336,-7.093377113342285,277.44775390625,5.904496192932129,279.359619140625,5.7429351806640625,,335.936767578125
2016-03-20 00:00:00+00:00,1.7518939971923828,-6.812116622924805,277.383056640625,5.921778678894043,279.318603515625,5.885967254638672,,335.541015625
2016-03-20 01:00:00+00:00,1.7857255935668945,-7.456212043762207,276.835205078125,5.945338249206543,279.251708984375,5.76904296875,,335.522705078125
2016-03-20 02:00:00+00:00,1.808436393737793,-8.037703514099121,276.15576171875,5.968615531921387,279.171142578125,5.804767608642578,,335.345458984375
2016-03-20 03:00:00+00:00,1.8143110275268555,-6.743002891540527,276.289306640625,5.978951454162598,279.177001953125,6.344656944274902,,334.510986328125
2016-03-20 04:00:00+00:00,1.7981452941894531,-5.283718109130859,276.365966796875,5.9902753829956055,279.221435546875,7.219018936157227,,333.228759765625
2016-03-20 05:00:00+00:00,1.791691780090332,-4.860326766967773,276.77587890625,5.974637985229492,279.24658203125,7.661900520324707,,331.673828125
2016-03-20 06:00:00+00:00,1.794525146484375,-5.157265663146973,277.1513671875,5.945884704589844,279.41162109375,7.846011161804199,2.241921902168542e-05,330.364013671875
2016-03-20 07:00:00+00:00,1.8073186874389648,-5.644108772277832,277.70263671875,5.907445907592773,279.572021484375,7.7383222579956055,,329.281005859375
2016-03-20 08:00:00+00:00,1.800013542175293,-5.67011833190918,278.244384765625,5.910920143127441,279.75048828125,7.18784236907959,,329.133056640625
2016-03-20 09:00:00+00:00,1.7804546356201172,-5.832637786865234,278.693115234375,5.939143180847168,279.849853515625,6.687897682189941,,329.68359375
2016-03-20 10:00:00+00:00,1.7816247940063477,-6.483102798461914,278.791748046875,5.938718795776367,279.9580078125,6.322300910949707,,330.20458984375
2016-03-20 11:00:00+00:00,1.76910400390625,-6.437318801879883,278.912841796875,5.962673187255859,279.980712890625,6.314343452453613,,330.810546875
2016-03-20 12:00:00+00:00,1.7685775756835938,-6.71150016784668,278.928955078125,5.958061218261719,280.041015625,6.398589134216309,,331.05322265625
2016-03-20 13:00:00+00:00,1.763397216796875,-6.484419822692871,278.9599609375,5.950186729431152,280.050537109375,6.3094940185546875,,331.07958984375
2016-03-20 14:00:00+00:00,1.7462749481201172,-6.041969299316406,278.944091796875,5.964159965515137,280.01220703125,6.279126167297363,,331.046875
2016-03-20 15:00:00+00:00,1.7247705459594727,-6.269741058349609,278.75244140625,5.925996780395508,279.986083984375,6.288142204284668,,330.78076171875
2016-03-20 16:00:00+00:00,1.7071208953857422,-6.558405876159668,278.47119140625,5.870875358581543,279.8876953125,6.12839412689209,,330.584716796875
2016-03-20 17:00:00+00:00,1.6791706085205078,-6.729987144470215,278.174072265625,5.826878547668457,279.747802734375,5.699590682983398,,330.536376953125
2016-03-20 18:00:00+00:00,1.6354618072509766,-6.654151916503906,277.900146484375,5.800333023071289,279.663330078125,5.359098434448242,2.3746892111375928e-05,330.6142578125
2016-03-20 19:00:00+00:00,1.5859870910644531,-6.414604187011719,277.80419921875,5.775710105895996,279.663330078125,5.229134559631348,,330.5087890625
2016-03-20 20:00:00+00:00,1.5519390106201172,-6.140307426452637,277.81396484375,5.758570671081543,279.701416015625,5.208820343017578,,330.18017578125
2016-03-20 21:00:00+00:00,1.5196514129638672,-6.030999183654785,277.84619140625,5.709817886352539,279.724609375,5.205331802368164,,329.795654296875
2016-03-20 22:00:00+00:00,1.502227783203125,-6.3101301193237305,277.533447265625,5.652284622192383,279.83837890625,5.508715629577637,,329.16943359375
2016-03-20 23:00:00+00:00,1.5124120712280273,-6.033979415893555,277.7392578125,5.583401679992676,279.803955078125,6.081940650939941,,327.845458984375
2016-03-21 00:00:00+00:00,1.5762701034545898,-7.056427001953125,277.98291015625,5.505488395690918,279.72119140625,5.966716766357422,,326.98681640625
2016-03-21 01:00:00+00:00,1.6474609375,-8.127828598022461,278.0986328125,5.501850128173828,279.58349609375,5.413485527038574,,327.37890625
2016-03-21 02:00:00+00:00,1.6807241439819336,-7.878274917602539,278.0341796875,5.5669660568237305,279.497802734375,5.128853797912598,,327.789306640625
2016-03-21 03:00:00+00:00,1.718745231628418,-7.477690696716309,277.956298828125,5.623185157775879,279.48583984375,5.892856597900391,,327.44873046875
2016-03-21 04:00:00+00:00,1.7895269393920898,-7.159977912902832,277.94677734375,5.65848445892334,279.494140625,6.601346969604492,,326.572998046875
2016-03-21 05:00:00+00:00,1.8638973236083984,-7.332284927368164,277.660400390625,5.709715843200684,279.4580078125,7.000522613525391,,325.790283203125
2016-03-21 06:00:00+00:00,1.9174432754516602,-7.67462158203125,277.31787109375,5.778138160705566,279.41259765625,6.916648864746094,3.1946387025527656e-05,325.56494140625
2016-03-21 07:00:00+00:00,1.9390153884887695,-7.5491743087768555,276.662109375,5.854620933532715,279.40625,6.838034629821777,,325.68798828125
2016-03-21 08:00:00+00:00,1.914750099182129,-6.868473052978516,276.526611328125,5.939095497131348,279.362060546875,6.730109214782715,,325.880126953125
2016-03-21 09:00:00+00:00,1.8729667663574219,-5.916905403137207,276.53564453125,6.004810333251953,279.3994140625,6.922882080078125,,325.847900390625
2016-03-21 10:00:00+00:00,1.8081207275390625,-3.867445945739746,276.92919921875,6.063214302062988,279.813232421875,7.545688629150391,,325.443603515625
2016-03-21 11:00:00+00:00,1.765228271484375,-2.6324987411499023,277.388916015625,6.042842864990234,279.862548828125,8.500823020935059,,323.77783203125
2016-03-21 12:00:00+00:00,1.733750343322754,-2.3239755630493164,277.839599609375,5.976474761962891,279.81884765625,8.636738777160645,,321.56005859375
2016-03-21 13:00:00+00:00,1.684412956237793,-1.7457056045532227,278.060546875,5.94282341003418,279.71240234375,8.312854766845703,,320.107421875
2016-03-21 14:00:00+00:00,1.6512041091918945,-2.26611328125,278.221923828125,5.886241912841797,279.647216796875,8.391839027404785,,318.615966796875
2016-03-21 15:00:00+00:00,1.636911392211914,-2.90718936920166,278.092041015625,5.791314125061035,279.64404296875,8.562211990356445,,317.11474609375
2016-03-21 16:00:00+00:00,1.6301584243774414,-3.5428056716918945,277.86279296875,5.714576721191406,279.650146484375,8.28514575958252,,316.271240234375
2016-03-21 17:00:00+00:00,1.6148080825805664,-3.847445487976074,277.77685546875,5.684087753295898,279.69189453125,7.9260454177856445,,316.330322265625
2016-03-21 18:00:00+00:00,1.6061935424804688,-4.25950813293457,277.7412109375,5.662835121154785,279.682861328125,7.82997989654541,1.685784081928432e-05,316.665771484375
2016-03-21 19:00:00+00:00,1.6257286071777344,-4.954972267150879,277.822265625,5.675957679748535,279.673828125,7.549745559692383,,317.392822265625
2016-03-21 20:00:00+00:00,1.5391159057617188,-5.370391845703125,277.872314453125,5.528735160827637,279.69384765625,7.1643476486206055,,318.5693359375
2016-03-21 21:00:00+00:00,1.5527286529541016,-5.373217582702637,277.797119140625,5.546884536743164,279.72265625,7.017538070678711,,319.389404296875
2016-03-21 22:00:00+00:00,1.5813941955566406,-6.303069114685059,277.6142578125,5.5479230880737305,279.885986328125,6.804744720458984,,320.16796875
2016-03-21 23:00:00+00:00,1.5886144638061523,-6.123048782348633,277.58349609375,5.581740379333496,279.8564453125,6.456164360046387,,321.0556640625
2016-03-22 00:00:00+00:00,1.573552131652832,-5.892666816711426,277.54443359375,5.6319580078125,279.795166015625,6.23805046081543,,321.78955078125
2016-03-22 01:00:00+00:00,1.5436038970947266,-5.412487983703613,277.4404296875,5.695486068725586,279.70849609375,5.743292808532715,,322.578369140625
2016-03-22 02:00:00+00:00,1.5072555541992188,-4.8406877517700195,277.18798828125,5.760972023010254,279.548583984375,5.735935211181641,,323.20947265625
2016-03-22 03:00:00+00:00,1.4749250411987305,-4.484855651855469,276.841064453125,5.809609413146973,279.47412109375,5.9547529220581055,,323.5263671875
2016-03-22 04:00:00+00:00,1.452326774597168,-4.53493595123291,276.606201171875,5.825634956359863,279.423583984375,6.030176162719727,,323.57958984375
2016-03-22 05:00:00+00:00,1.426499366760254,-4.471345901489258,276.812255859375,5.853904724121094,279.45556640625,5.773385047912598,,323.6396484375
2016-03-22 06:00:00+00:00,1.4025955200195312,-4.735958099365234,277.14990234375,5.878606796264648,279.47900390625,5.743054389953613,6.4803707573446445e-06,323.6904296875
2016-03-22 07:00:00+00:00,1.3915023803710938,-5.074914932250977,277.521240234375,5.859785079956055,279.538330078125,5.81861686706543,,323.52783203125
2016-03-22 08:00:00+00:00,1.3751583099365234,-5.104475021362305,277.79541015625,5.862277984619141,279.613037109375,5.488310813903809,,323.552001953125
2016-03-22 09:00:00+00:00,1.3506669998168945,-4.769942283630371,278.00537109375,5.893693923950195,279.646728515625,5.22036075592041,,323.73681640625
2016-03-22 10:00:00+00:00,1.3126201629638672,-2.621580123901367,278.020263671875,5.981945037841797,279.607666015625,4.947056770324707,,324.106201171875
2016-03-22 11:00:00+00:00,1.2859344482421875,-2.2468795776367188,278.272705078125,6.014531135559082,279.625,5.48790168762207,,324.049072265625
2016-03-22 12:00:00+00:00,1.2705726623535156,-3.141775131225586,278.50146484375,5.991363525390625,279.664306640625,5.436134338378906,,323.815185546875
2016-03-22 13:00:00+00:00,1.2687368392944336,-4.383451461791992,278.667724609375,5.912074089050293,279.69970703125,4.949748992919922,,323.601806640625
2016-03-22 14:00:00+00:00,1.2686347961425781,-5.128066062927246,278.7685546875,5.832916259765625,279.6806640625,4.45102596282959,,323.629150390625
2016-03-22 15:00:00+00:00,1.2618379592895508,-5.216211318969727,278.751708984375,5.782892227172852,279.6884765625,4.118166923522949,,323.71142578125
2016-03-22 16:00:00+00:00,1.2472295761108398,-4.888355255126953,278.736083984375,5.7612152099609375,279.68896484375,4.22862434387207,,323.673095703125
2016-03-22 17:00:00+00:00,1.2370824813842773,-4.673606872558594,278.7431640625,5.7204084396362305,279.702880859375,4.560275077819824,,323.420166015625
2016-03-22 18:00:00+00:00,1.2375125885009766,-5.058788299560547,278.804443359375,5.644109725952148,279.766845703125,4.896646499633789,2.9531336622312665e-05,323.090576171875
2016-03-22 19:00:00+00:00,1.3933162689208984,-5.58309268951416,278.8134765625,5.8435258865356445,279.743408203125,4.889033317565918,,322.83544921875
2016-03-22 20:00:00+00:00,1.3744335174560547,-5.658201217651367,278.75927734375,5.756442070007324,279.69921875,4.738309860229492,,322.8115234375
2016-03-22 21:00:00+00:00,1.3983402252197266,-5.73646354675293,278.677978515625,5.751788139343262,279.633056640625,5.095634460449219,,322.79248046875
2016-03-22 22:00:00+00:00,1.3709602355957031,-5.243067741394043,278.621337890625,5.721820831298828,279.638671875,5.299078941345215,,322.6142578125
2016-03-22 23:00:00+00:00,1.3500328063964844,-5.403875350952148,278.540283203125,5.6553544998168945,279.600830078125,5.318109512329102,,322.52685546875
2016-03-23 00:00:00+00:00,1.3322229385375977,-5.777408599853516,278.468994140625,5.578600883483887,279.57763671875,5.328424453735352,,322.628173828125
2016-03-23 01:00:00+00:00,1.325963020324707,-6.265420913696289,278.429443359375,5.483121871948242,279.572265625,5.03912353515625,,322.912109375
2016-03-23 02:00:00+00:00,1.3245277404785156,-6.846807479858398,278.356689453125,5.393545150756836,279.52294921875,4.393573760986328,,323.5927734375
2016-03-23 03:00:00+00:00,1.3189868927001953,-7.241296768188477,278.24951171875,5.324737548828125,279.45654296875,3.6442365646362305,,324.6533203125
2016-03-23 04:00:00+00:00,1.3063392639160156,-6.920162200927734,278.183349609375,5.275538444519043,279.326416015625,3.0776853561401367,,325.9833984375
2016-03-23 05:00:00+00:00,1.2811574935913086,-6.885271072387695,277.86376953125,5.264984130859375,279.185546875,2.9756650924682617,,326.98486328125
2016-03-23 06:00:00+00:00,1.249105453491211,-7.091495513916016,277.595703125,5.27750301361084,279.11083984375,2.476835250854492,1.2879692803835496e-05,327.663818359375
2016-03-23 07:00:00+00:00,1.2300739288330078,-6.730915069580078,277.338623046875,5.259739875793457,279.125,2.4781761169433594,,328.356201171875
2016-03-23 08:00:00+00:00,1.2232484817504883,-6.3658599853515625,277.113525390625,5.220894813537598,279.1552734375,3.031801223754883,,329.06103515625
2016-03-23 09:00:00+00:00,1.2246885299682617,-6.501951217651367,277.07373046875,5.184782028198242,279.223388671875,3.57509708404541,,329.683837890625
2016-03-23 10:00:00+00:00,1.2058115005493164,-5.869497299194336,276.94091796875,5.218040466308594,279.347412109375,3.441054344177246,,330.363525390625
2016-03-23 11:00:00+00:00,1.1959962844848633,-5.914052963256836,276.884765625,5.228732109069824,279.380126953125,3.7713327407836914,,331.12060546875
2016-03-23 12:00:00+00:00,1.2055673599243164,-6.297547340393066,276.7421875,5.195627212524414,279.43603515625,3.711606979370117,,331.9970703125
2016-03-23 13:00:00+00:00,1.1875638961791992,-6.660168647766113,276.417724609375,5.081417083740234,279.388671875,3.087632179260254,,333.44677734375
2016-03-23 14:00:00+00:00,1.2058258056640625,-6.798158645629883,275.92529296875,5.066461563110352,279.302001953125,2.654421806335449,,335.25439453125
2016-03-23 15:00:00+00:00,1.2109127044677734,-6.841602325439453,275.365966796875,5.074567794799805,279.16259765625,2.540194511413574,,336.692626953125
2016-03-23 16:00:00+00:00,1.2102670669555664,-6.708847999572754,274.791748046875,5.074959754943848,279.004150390625,2.5939512252807617,,337.6875
2016-03-23 17:00:00+00:00,1.203155517578125,-6.589229583740234,274.431396484375,5.068126678466797,278.9208984375,2.86391544342041,,338.26025390625
2016-03-23 18:00:00+00:00,1.1855411529541016,-6.39714241027832,274.495849609375,5.063849449157715,278.779296875,2.858738899230957,0.0,338.52099609375
2016-03-23 19:00:00+00:00,1.1604843139648438,-6.220109939575195,274.6025390625,5.0576934814453125,278.6689453125,2.702932357788086,,338.7705078125
2016-03-23 20:00:00+00:00,1.125472068786621,-5.8547515869140625,274.716064453125,5.063194274902344,278.5244140625,2.506664276123047,,339.0234375
2016-03-23 21:00:00+00:00,1.0828399658203125,-5.465797424316406,274.76513671875,5.081305503845215,278.37255859375,2.2926197052001953,,339.16845703125
2016-03-23 22:00:00+00:00,1.0275821685791016,-4.188346862792969,274.41455078125,5.146556854248047,278.139892578125,1.7465486526489258,,339.235595703125
2016-03-23 23:00:00+00:00,0.9809486269950867,-3.943972587585449,274.483642578125,5.1765336990356445,278.103515625,2.7346534729003906,,339.034423828125
2016-03-24 00:00:00+00:00,0.9410386681556702,-3.734729766845703,274.492919921875,5.178291320800781,278.121337890625,2.98647403717041,,338.627685546875
2016-03-24 01:00:00+00:00,0.8989715576171875,-3.012820243835449,274.431884765625,5.2056989669799805,277.980712890625,2.256558418273926,,338.42724609375
2016-03-24 02:00:00+00:00,0.858473002910614,-2.1899147033691406,274.495849609375,5.237373352050781,277.9453125,2.5646181106567383,,338.27880859375
2016-03-24 03:00:00+00:00,0.8233869671821594,-1.2533769607543945,274.696533203125,5.24680233001709,277.9453125,3.0403976440429688,,337.873046875
2016-03-24 04:00:00+00:00,0.7917454242706299,-0.14271342754364014,275.193603515625,5.2491960525512695,278.105712890625,2.9689712524414062,,337.38525390625
2016-03-24 05:00:00+00:00,0.7633622884750366,1.306797981262207,275.979736328125,5.241156578063965,278.358642578125,2.6306982040405273,,336.69384765625
2016-03-24 06:00:00+00:00,0.73806232213974,2.3746767044067383,276.715087890625,5.227794647216797,278.48291015625,2.765122413635254,7.327826460823417e-05,335.887939453125
2016-03-24 07:00:00+00:00,0.7181816101074219,2.826234817504883,277.286865234375,5.1878252029418945,278.655517578125,3.2406702041625977,,334.36962890625
2016-03-24 08:00:00+00:00,0.7003730535507202,2.814450263977051,277.4677734375,5.149280548095703,278.88916015625,3.5583887100219727,,332.715576171875
2016-03-24 09:00:00+00:00,0.689474880695343,2.8107872009277344,277.7333984375,5.078034400939941,279.1533203125,3.8674068450927734,,330.002197265625
2016-03-24 10:00:00+00:00,0.683890163898468,3.0711183547973633,277.594970703125,4.99268913269043,279.2822265625,4.448366165161133,,325.441650390625
2016-03-24 11:00:00+00:00,0.6797782778739929,3.214116096496582,277.642578125,4.920316696166992,279.410888671875,4.2728776931762695,,321.5537109375
2016-03-24 12:00:00+00:00,0.6762765645980835,3.531352996826172,277.763916015625,4.859411239624023,279.483154296875,4.151152610778809,,317.7666015625
2016-03-24 13:00:00+00:00,0.6800917983055115,3.700845718383789,277.779296875,4.788689613342285,279.53857421875,4.257322311401367,,313.035400390625
2016-03-24 14:00:00+00:00,0.6867334842681885,3.623854637145996,277.812255859375,4.717463493347168,279.605224609375,4.623873710632324,,307.720458984375
2016-03-24 15:00:00+00:00,0.6980980634689331,3.2989959716796875,277.85302734375,4.645902633666992,279.6396484375,4.9499711990356445,,302.0966796875
2016-03-24 16:00:00+00:00,0.7128162980079651,3.266646385192871,277.9228515625,4.588772773742676,279.652587890625,5.025735855102539,,296.73095703125
2016-03-24 17:00:00+00:00,0.7376284599304199,3.377351760864258,277.935791015625,4.523260116577148,279.629638671875,5.3797607421875,,290.724853515625
2016-03-24 18:00:00+00:00,0.7694789171218872,3.5694684982299805,277.9443359375,4.47067928314209,279.607666015625,5.545679092407227,0.00021505396580323577,284.784423828125
2016-03-24 19:00:00+00:00,0.8007981777191162,3.8722333908081055,277.9716796875,4.461381912231445,279.586181640625,5.355712890625,,279.866455078125
2016-03-24 20:00:00+00:00,0.8379783034324646,4.257620811462402,278.044189453125,4.494711875915527,279.52490234375,5.094766616821289,,275.6181640625
2016-03-24 21:00:00+00:00,0.8672854900360107,4.542652130126953,278.093505859375,4.543652534484863,279.47021484375,4.9136247634887695,,272.294677734375
2016-03-24 22:00:00+00:00,0.9021303653717041,5.0027618408203125,277.9931640625,4.5537567138671875,279.49560546875,5.080203056335449,,268.22802734375
2016-03-24 23:00:00+00:00,0.923768162727356,5.403295516967773,277.9873046875,4.591527938842773,279.51220703125,4.392986297607422,,265.478759765625
