timestamp,Mean wave direction,Significant height of combined wind waves and swell,Mean wave period,100 metre V wind component,100 metre U wind component
2019-11-01 00:00:00+00:00,139.0315399169922,1.2245330810546875,4.558797836303711,8.26351261138916,-3.973118782043457
2019-11-01 01:00:00+00:00,140.09132385253906,1.206578254699707,4.597159385681152,8.14892578125,-4.612553596496582
2019-11-01 02:00:00+00:00,140.8411407470703,1.23272705078125,4.590629577636719,8.640528678894043,-4.67794132232666
2019-11-01 03:00:00+00:00,143.31190490722656,1.250655174255371,4.600346565246582,9.208093643188477,-3.2430973052978516
2019-11-01 04:00:00+00:00,147.04782104492188,1.2513504028320312,4.618295669555664,8.918261528015137,-2.95159912109375
2019-11-01 05:00:00+00:00,148.9459686279297,1.24761962890625,4.63762092590332,8.736688613891602,-3.2135486602783203
2019-11-01 06:00:00+00:00,149.12193298339844,1.268843650817871,4.637808799743652,9.123621940612793,-3.9063310623168945
2019-11-01 07:00:00+00:00,150.35586547851562,1.3110589981079102,4.637740135192871,9.695297241210938,-3.6395530700683594
2019-11-01 08:00:00+00:00,151.84690856933594,1.3456897735595703,4.659544944763184,9.729249000549316,-3.4557695388793945
2019-11-01 09:00:00+00:00,153.16873168945312,1.3649511337280273,4.691926956176758,9.8021240234375,-3.148797035217285
2019-11-01 10:00:00+00:00,155.42019653320312,1.343186378479004,4.728855133056641,9.687472343444824,-2.1492881774902344
2019-11-01 11:00:00+00:00,158.03176879882812,1.3133583068847656,4.745454788208008,9.91169548034668,-0.9092333316802979
2019-11-01 12:00:00+00:00,160.96839904785156,1.2816295623779297,4.745540618896484,9.511290550231934,-0.7093208432197571
2019-11-01 13:00:00+00:00,163.26287841796875,1.2504711151123047,4.738547325134277,9.57608699798584,-0.7281913757324219
2019-11-01 14:00:00+00:00,165.43031311035156,1.2379932403564453,4.712859153747559,9.766283988952637,-0.890188992023468
2019-11-01 15:00:00+00:00,167.04986572265625,1.2556047439575195,4.676508903503418,10.031061172485352,-1.4767036437988281
2019-11-01 16:00:00+00:00,167.67005920410156,1.2777824401855469,4.663217544555664,10.30372142791748,-2.0611581802368164
2019-11-01 17:00:00+00:00,167.60964965820312,1.2828588485717773,4.672414779663086,10.671363830566406,-1.7200689315795898
2019-11-01 18:00:00+00:00,168.06790161132812,1.2852392196655273,4.680744171142578,10.946499824523926,-1.5491971969604492
2019-11-01 19:00:00+00:00,168.9779815673828,1.3313770294189453,4.744895935058594,10.444549560546875,-1.462803840637207
2019-11-01 20:00:00+00:00,169.71421813964844,1.3216609954833984,4.757762908935547,9.84648323059082,-2.3480615615844727
2019-11-01 21:00:00+00:00,170.61961364746094,1.3176279067993164,4.760336875915527,9.851973533630371,-3.223093032836914
2019-11-01 22:00:00+00:00,170.28387451171875,1.2405099868774414,4.814117431640625,9.10994815826416,-3.510255813598633
2019-11-01 23:00:00+00:00,170.18568420410156,1.2054357528686523,4.803702354431152,9.360085487365723,-2.198824882507324
2019-11-02 00:00:00+00:00,171.60836791992188,1.1731185913085938,4.7880144119262695,8.963916778564453,-1.1973676681518555
2019-11-02 01:00:00+00:00,174.4575653076172,1.1425399780273438,4.766073226928711,9.375676155090332,0.046458251774311066
2019-11-02 02:00:00+00:00,177.07176208496094,1.1172237396240234,4.735344886779785,9.821369171142578,0.5276864767074585
2019-11-02 03:00:00+00:00,178.59500122070312,1.1027240753173828,4.689845085144043,10.2467622756958,0.0312345027923584
2019-11-02 04:00:00+00:00,178.17422485351562,1.0831785202026367,4.656594276428223,10.791382789611816,-0.9032959938049316
2019-11-02 05:00:00+00:00,177.0650177001953,1.061635971069336,4.627864837646484,11.241080284118652,-0.3171893358230591
2019-11-02 06:00:00+00:00,177.9164581298828,1.0455694198608398,4.600460052490234,11.057207107543945,0.40209144353866577
2019-11-02 07:00:00+00:00,181.4226837158203,1.0503005981445312,4.563344955444336,11.439208984375,2.222360610961914
2019-11-02 08:00:00+00:00,190.49598693847656,1.114201545715332,4.518797874450684,11.948827743530273,6.649641990661621
2019-11-02 09:00:00+00:00,206.64544677734375,1.3254804611206055,4.52522087097168,11.508621215820312,8.918963432312012
2019-11-02 10:00:00+00:00,215.09803771972656,1.382950782775879,4.718932151794434,9.898476600646973,7.801779747009277
2019-11-02 11:00:00+00:00,219.68771362304688,1.4544401168823242,4.8753814697265625,10.547683715820312,7.708115577697754
2019-11-02 12:00:00+00:00,221.8838653564453,1.538614273071289,4.991018295288086,10.94919490814209,7.058503150939941
2019-11-02 13:00:00+00:00,222.44296264648438,1.6704978942871094,5.084713935852051,11.873956680297852,7.198270797729492
2019-11-02 14:00:00+00:00,222.05560302734375,1.743821144104004,5.184809684753418,12.24894905090332,6.241612434387207
2019-11-02 15:00:00+00:00,219.9452362060547,1.7528295516967773,5.250174522399902,13.128669738769531,4.711969375610352
2019-11-02 16:00:00+00:00,215.94886779785156,1.7700271606445312,5.25201416015625,13.517175674438477,3.3026084899902344
2019-11-02 17:00:00+00:00,210.3821563720703,1.7628669738769531,5.2227582931518555,13.251994132995605,-0.032656461000442505
2019-11-02 18:00:00+00:00,203.8728790283203,1.7769184112548828,5.201625823974609,14.563765525817871,-1.9905414581298828
2019-11-02 19:00:00+00:00,198.81468200683594,2.1430273056030273,5.535698890686035,15.947729110717773,-1.3874530792236328
2019-11-02 20:00:00+00:00,199.37686157226562,2.2192869186401367,5.748867988586426,15.759907722473145,-0.2878035306930542
2019-11-02 21:00:00+00:00,201.66998291015625,2.31441593170166,5.954662322998047,15.391182899475098,0.019833046942949295
2019-11-02 22:00:00+00:00,203.88156127929688,2.392139434814453,6.117678642272949,16.11297607421875,1.5604982376098633
2019-11-02 23:00:00+00:00,206.05441284179688,2.441329002380371,6.2254180908203125,15.460714340209961,2.7173471450805664
2019-11-03 00:00:00+00:00,208.04434204101562,2.4132518768310547,6.300634384155273,14.579360961914062,2.717352867126465
2019-11-03 01:00:00+00:00,209.30575561523438,2.3480634689331055,6.328995704650879,14.32279109954834,3.0406904220581055
2019-11-03 02:00:00+00:00,209.46075439453125,2.311123847961426,6.282928466796875,13.843815803527832,2.776421546936035
2019-11-03 03:00:00+00:00,209.7865753173828,2.241875648498535,6.234875679016113,12.952386856079102,2.3309860229492188
2019-11-03 04:00:00+00:00,210.31573486328125,2.1341495513916016,6.187409400939941,12.660205841064453,1.5531787872314453
2019-11-03 05:00:00+00:00,209.95681762695312,2.041553497314453,6.083922386169434,12.25614070892334,1.1941852569580078
2019-11-03 06:00:00+00:00,209.71875,1.9430809020996094,5.9766845703125,11.530670166015625,0.9115382432937622
2019-11-03 07:00:00+00:00,209.50732421875,1.8333568572998047,5.876277923583984,11.084158897399902,0.5767968893051147
2019-11-03 08:00:00+00:00,208.89642333984375,1.7258739471435547,5.769315719604492,10.683846473693848,-0.043942891061306
2019-11-03 09:00:00+00:00,208.4271697998047,1.6259021759033203,5.6665239334106445,10.0073823928833,0.015298910439014435
2019-11-03 10:00:00+00:00,210.0860595703125,1.4938850402832031,5.65289306640625,8.630389213562012,0.4753115177154541
2019-11-03 11:00:00+00:00,211.98976135253906,1.3796939849853516,5.634699821472168,8.038286209106445,0.3321441411972046
2019-11-03 12:00:00+00:00,214.051025390625,1.2804336547851562,5.623854637145996,7.4977006912231445,0.6654808521270752
2019-11-03 13:00:00+00:00,216.9250030517578,1.1893463134765625,5.652383804321289,5.353142738342285,-0.5280255079269409
2019-11-03 14:00:00+00:00,220.85186767578125,1.1062488555908203,5.725567817687988,5.5010833740234375,-1.9587936401367188
2019-11-03 15:00:00+00:00,225.01263427734375,1.0413131713867188,5.787282943725586,5.764764785766602,-2.361138343811035
2019-11-03 16:00:00+00:00,230.0122833251953,0.9901887774467468,5.84970760345459,4.517056465148926,-3.0509414672851562
2019-11-03 17:00:00+00:00,235.76708984375,0.9528219103813171,5.894680976867676,5.006197929382324,-3.763303756713867
2019-11-03 18:00:00+00:00,241.36578369140625,0.9306160807609558,5.895899772644043,5.077383995056152,-3.9247684478759766
2019-11-03 19:00:00+00:00,249.50048828125,0.9171843528747559,5.890445709228516,4.313070297241211,-4.128880500793457
2019-11-03 20:00:00+00:00,266.045654296875,0.911989688873291,5.874789237976074,3.0232038497924805,-4.750997543334961
2019-11-03 21:00:00+00:00,321.1689453125,0.9232926964759827,5.7881011962890625,2.762296676635742,-5.298683166503906
2019-11-03 22:00:00+00:00,356.564453125,0.9038888812065125,5.934372901916504,0.8708914518356323,-5.370018005371094
2019-11-03 23:00:00+00:00,9.669814109802246,0.8981419801712036,5.998387336730957,1.2157831192016602,-5.719496726989746
2019-11-04 00:00:00+00:00,15.577327728271484,0.893839955329895,6.070574760437012,1.857041358947754,-4.53466796875
2019-11-04 01:00:00+00:00,17.596694946289062,0.888954758644104,6.158005714416504,2.3883752822875977,-2.019590377807617
2019-11-04 02:00:00+00:00,17.185165405273438,0.8921423554420471,6.1663360595703125,2.8171815872192383,1.5003461837768555
2019-11-04 03:00:00+00:00,12.04141616821289,0.9036070108413696,6.098445892333984,2.64382266998291,5.000967025756836
2019-11-04 04:00:00+00:00,2.8184261322021484,0.9174094200134277,6.010745048522949,2.293585777282715,6.503049850463867
2019-11-04 05:00:00+00:00,354.8291015625,0.9270009994506836,5.952098846435547,2.557374954223633,6.40531063079834
2019-11-04 06:00:00+00:00,347.990966796875,0.937830924987793,5.880583763122559,3.3560047149658203,6.0133209228515625
2019-11-04 07:00:00+00:00,343.180419921875,0.9460077285766602,5.825336456298828,4.08884334564209,5.119829177856445
2019-11-04 08:00:00+00:00,343.841796875,0.9442100524902344,5.838025093078613,4.885552406311035,3.9155569076538086
2019-11-04 09:00:00+00:00,346.6142578125,0.9456615447998047,5.853837013244629,5.923169136047363,2.9820737838745117
2019-11-04 10:00:00+00:00,339.236083984375,0.9836714863777161,5.708073616027832,7.168733596801758,3.2851171493530273
2019-11-04 11:00:00+00:00,332.31787109375,1.0225648880004883,5.645751953125,7.060564041137695,3.091303825378418
2019-11-04 12:00:00+00:00,339.5380859375,1.033473014831543,5.768095970153809,5.981047630310059,2.6937665939331055
2019-11-04 13:00:00+00:00,351.543701171875,1.0287036895751953,5.986959457397461,5.388324737548828,1.9480581283569336
2019-11-04 14:00:00+00:00,359.098388671875,1.0255584716796875,6.18868350982666,5.657797813415527,1.3854007720947266
2019-11-04 15:00:00+00:00,3.1449642181396484,1.0267162322998047,6.3324480056762695,5.6744842529296875,1.0395755767822266
2019-11-04 16:00:00+00:00,5.632655143737793,1.0233707427978516,6.463305473327637,5.1865949630737305,0.5197215676307678
2019-11-04 17:00:00+00:00,7.419844627380371,1.0169143676757812,6.570448875427246,4.839715003967285,0.04262496158480644
2019-11-04 18:00:00+00:00,8.962486267089844,1.0109615325927734,6.634004592895508,4.812750816345215,-0.6887336373329163
2019-11-04 19:00:00+00:00,10.254578590393066,1.0051231384277344,6.672972679138184,4.335988998413086,-1.447484016418457
2019-11-04 20:00:00+00:00,11.374094009399414,0.9998058676719666,6.704489707946777,3.8862476348876953,-2.2429885864257812
2019-11-04 21:00:00+00:00,12.464996337890625,0.9967760443687439,6.733198165893555,3.963886260986328,-2.5595359802246094
2019-11-04 22:00:00+00:00,13.340213775634766,0.9908589720726013,6.80439567565918,3.5003137588500977,-2.31679630279541
2019-11-04 23:00:00+00:00,14.037924766540527,0.9890711903572083,6.851197242736816,3.162860870361328,-2.4800548553466797
2019-11-05 00:00:00+00:00,15.136401176452637,0.9921260476112366,6.8622589111328125,3.1302366256713867,-2.545257568359375
2019-11-05 01:00:00+00:00,16.329757690429688,0.9980146884918213,6.848423004150391,3.0240650177001953,-2.3044204711914062
2019-11-05 02:00:00+00:00,17.294754028320312,1.0025215148925781,6.843911170959473,2.3119001388549805,-2.0384178161621094
2019-11-05 03:00:00+00:00,17.954940795898438,1.0050783157348633,6.852958679199219,1.4691247940063477,-1.7997550964355469
2019-11-05 04:00:00+00:00,18.684768676757812,1.0094785690307617,6.835588455200195,0.719368577003479,-1.538111686706543
2019-11-05 05:00:00+00:00,19.474014282226562,1.187821388244629,7.354042053222656,0.09847581386566162,-1.5290403366088867
2019-11-05 06:00:00+00:00,20.223953247070312,1.168593406677246,7.190709114074707,-0.6589232683181763,-1.9995203018188477
2019-11-05 07:00:00+00:00,21.503372192382812,1.162912368774414,6.990528106689453,-1.3523530960083008,-2.7623586654663086
2019-11-05 08:00:00+00:00,23.50457763671875,1.1800117492675781,6.771327018737793,-2.065401077270508,-3.9463186264038086
2019-11-05 09:00:00+00:00,26.107681274414062,1.2256402969360352,6.534750938415527,-2.6240005493164062,-5.186468124389648
2019-11-05 10:00:00+00:00,28.28192138671875,1.2865495681762695,6.361366271972656,-1.927053451538086,-5.079938888549805
2019-11-05 11:00:00+00:00,29.8914794921875,1.351125717163086,6.226630210876465,-2.429825782775879,-5.81699275970459
2019-11-05 12:00:00+00:00,31.00823974609375,1.398564338684082,6.124980926513672,-3.2054433822631836,-6.976751327514648
2019-11-05 13:00:00+00:00,31.89117431640625,1.427556037902832,6.026276588439941,-4.084927558898926,-7.327530860900879
2019-11-05 14:00:00+00:00,32.82843017578125,1.451491355895996,5.896178245544434,-5.183901786804199,-7.318911552429199
2019-11-05 15:00:00+00:00,33.8760986328125,1.4835824966430664,5.739144325256348,-5.72938346862793,-7.494062423706055
2019-11-05 16:00:00+00:00,34.86860656738281,1.517155647277832,5.593101501464844,-6.058265686035156,-7.321122169494629
2019-11-05 17:00:00+00:00,35.4757080078125,1.5335731506347656,5.493318557739258,-6.237286567687988,-7.230597496032715
2019-11-05 18:00:00+00:00,35.483489990234375,1.516977310180664,5.446163177490234,-6.102405548095703,-6.898782730102539
2019-11-05 19:00:00+00:00,35.02143859863281,1.5233335494995117,5.501628875732422,-6.0531768798828125,-6.492527008056641
2019-11-05 20:00:00+00:00,34.133941650390625,1.4746150970458984,5.4944868087768555,-6.104814529418945,-6.3709211349487305
2019-11-05 21:00:00+00:00,32.92771911621094,1.4249534606933594,5.483701705932617,-6.034239768981934,-6.296175003051758
2019-11-05 22:00:00+00:00,30.93817138671875,1.3827342987060547,5.462800979614258,-6.6839494705200195,-4.446629524230957
2019-11-05 23:00:00+00:00,28.320159912109375,1.342203140258789,5.451726913452148,-6.917220115661621,-3.298123359680176
2019-11-06 00:00:00+00:00,25.200668334960938,1.3137569427490234,5.42933464050293,-7.062491416931152,-2.461003303527832
2019-11-06 01:00:00+00:00,21.875228881835938,1.2905292510986328,5.404726982116699,-7.172039031982422,-1.8448524475097656
2019-11-06 02:00:00+00:00,18.5196533203125,1.2753181457519531,5.371662139892578,-7.259106636047363,-1.2478599548339844
2019-11-06 03:00:00+00:00,15.517277717590332,1.2540550231933594,5.365924835205078,-7.155988693237305,-0.8005358576774597
2019-11-06 04:00:00+00:00,12.905515670776367,1.2284889221191406,5.376519203186035,-6.855989456176758,-0.3093627691268921
2019-11-06 05:00:00+00:00,10.628600120544434,1.1967182159423828,5.409686088562012,-6.611634254455566,-0.09775638580322266
2019-11-06 06:00:00+00:00,8.556124687194824,1.1656370162963867,5.444085121154785,-6.17104434967041,0.2569887042045593
2019-11-06 07:00:00+00:00,6.684258460998535,1.137833595275879,5.468428611755371,-6.0018205642700195,0.4024896025657654
2019-11-06 08:00:00+00:00,5.028502464294434,1.1117448806762695,5.489498138427734,-5.894133567810059,0.38810378313064575
2019-11-06 09:00:00+00:00,3.5328855514526367,1.0866966247558594,5.508920669555664,-5.723267555236816,0.19563066959381104
2019-11-06 10:00:00+00:00,1.7323293685913086,1.0708084106445312,5.486621856689453,-5.745206832885742,0.756839394569397
2019-11-06 11:00:00+00:00,0.021294306963682175,1.048116683959961,5.4985761642456055,-5.034438133239746,1.1068954467773438
2019-11-06 12:00:00+00:00,358.341064453125,1.0243959426879883,5.516476631164551,-4.735952377319336,1.6712169647216797
2019-11-06 13:00:00+00:00,356.7646484375,1.0024824142456055,5.523370742797852,-4.748405456542969,2.075532913208008
2019-11-06 14:00:00+00:00,355.30126953125,0.9813046455383301,5.52585506439209,-4.81411075592041,2.105915069580078
2019-11-06 15:00:00+00:00,354.03369140625,0.9599548578262329,5.528940200805664,-4.653404235839844,1.814497947692871
2019-11-06 16:00:00+00:00,353.054931640625,0.9357134699821472,5.550502777099609,-4.382468223571777,1.7845125198364258
2019-11-06 17:00:00+00:00,352.233642578125,0.9110230803489685,5.577369689941406,-4.1120100021362305,1.948481559753418
2019-11-06 18:00:00+00:00,351.583984375,0.8858453035354614,5.611734390258789,-3.900697708129883,1.692647933959961
2019-11-06 19:00:00+00:00,351.08837890625,0.8604727387428284,5.652870178222656,-3.5647783279418945,1.315408706665039
2019-11-06 20:00:00+00:00,350.7021484375,0.8355966806411743,5.698624610900879,-2.908543586730957,1.0041675567626953
2019-11-06 21:00:00+00:00,350.360107421875,0.8115973472595215,5.744437217712402,-1.9842939376831055,0.5634232759475708
2019-11-06 22:00:00+00:00,350.018798828125,0.7877306342124939,5.791997909545898,-0.031953126192092896,0.034536875784397125
2019-11-06 23:00:00+00:00,349.687255859375,0.7672243714332581,5.819262504577637,0.9270079731941223,-0.10787421464920044
2019-11-07 00:00:00+00:00,349.2607421875,0.7533172369003296,5.786038398742676,2.049017906188965,-0.09896892309188843
2019-11-07 01:00:00+00:00,348.84033203125,0.7390267848968506,5.768310546875,3.075958251953125,-0.09290546178817749
2019-11-07 02:00:00+00:00,348.59423828125,0.7260118722915649,5.742740631103516,3.4028873443603516,-0.6550991535186768
2019-11-07 03:00:00+00:00,349.100341796875,0.7184569239616394,5.673317909240723,3.9257078170776367,-1.7386512756347656
2019-11-07 04:00:00+00:00,350.4892578125,0.7262914180755615,5.485124588012695,4.909825325012207,-2.471529960632324
2019-11-07 05:00:00+00:00,353.6572265625,0.7454574704170227,5.239092826843262,5.214115142822266,-2.7698917388916016
2019-11-07 06:00:00+00:00,2.115406036376953,0.7701311707496643,5.016817092895508,4.610345840454102,-3.629643440246582
2019-11-07 07:00:00+00:00,19.499588012695312,0.7945805788040161,4.834809303283691,4.307814598083496,-5.075567245483398
2019-11-07 08:00:00+00:00,48.202728271484375,0.8344041109085083,4.621271133422852,5.012570381164551,-6.499093055725098
2019-11-07 09:00:00+00:00,92.76759338378906,0.9210284948348999,4.3494157791137695,5.688387870788574,-7.643650054931641
2019-11-07 10:00:00+00:00,114.28482055664062,1.1043319702148438,4.1329755783081055,6.05731201171875,-9.034882545471191
2019-11-07 11:00:00+00:00,115.83456420898438,1.2769012451171875,4.18992805480957,5.256076812744141,-10.182552337646484
2019-11-07 12:00:00+00:00,114.04600524902344,1.4299860000610352,4.343868255615234,5.041168212890625,-10.70031452178955
2019-11-07 13:00:00+00:00,112.80789184570312,1.5447235107421875,4.507716178894043,4.33565616607666,-11.059836387634277
2019-11-07 14:00:00+00:00,110.88243103027344,1.6318740844726562,4.649417877197266,4.421405792236328,-11.516800880432129
2019-11-07 15:00:00+00:00,108.29908752441406,1.7068977355957031,4.779315948486328,4.487221717834473,-12.297151565551758
2019-11-07 16:00:00+00:00,105.59579467773438,1.7843103408813477,4.890873908996582,4.415579795837402,-12.836190223693848
2019-11-07 17:00:00+00:00,103.72201538085938,1.868927001953125,4.990398406982422,5.493356704711914,-13.193855285644531
2019-11-07 18:00:00+00:00,104.23049926757812,1.9447917938232422,5.081887245178223,7.025518417358398,-12.132461547851562
2019-11-07 19:00:00+00:00,108.31631469726562,1.9366674423217773,5.126466751098633,9.48083209991455,-8.464008331298828
2019-11-07 20:00:00+00:00,113.75724792480469,1.8013229370117188,5.100253105163574,10.495784759521484,-1.4613103866577148
2019-11-07 21:00:00+00:00,123.70132446289062,1.6681365966796875,4.983278274536133,10.197028160095215,3.9766530990600586
2019-11-07 22:00:00+00:00,141.28346252441406,1.5767850875854492,4.842220306396484,10.347432136535645,5.664054870605469
2019-11-07 23:00:00+00:00,166.76055908203125,1.575775146484375,4.7321977615356445,10.831136703491211,6.274860382080078
2019-11-08 00:00:00+00:00,186.65045166015625,1.6149587631225586,4.723969459533691,10.936261177062988,6.690164566040039
2019-11-08 01:00:00+00:00,198.4162139892578,1.6215267181396484,4.790963172912598,10.078537940979004,6.381425857543945
2019-11-08 02:00:00+00:00,205.855712890625,1.5970115661621094,4.863720893859863,9.489277839660645,5.832818031311035
2019-11-08 03:00:00+00:00,209.52943420410156,1.5724210739135742,4.916947364807129,9.968167304992676,4.773890495300293
2019-11-08 04:00:00+00:00,210.84410095214844,1.5615196228027344,4.943506240844727,10.510041236877441,4.383424758911133
2019-11-08 05:00:00+00:00,211.82569885253906,1.5505657196044922,4.966341972351074,10.289463996887207,4.530757904052734
2019-11-08 06:00:00+00:00,211.79095458984375,1.570444107055664,4.978348731994629,10.914373397827148,4.368809700012207
2019-11-08 07:00:00+00:00,212.0963592529297,1.5903959274291992,5.007474899291992,10.425742149353027,4.564746856689453
2019-11-08 08:00:00+00:00,213.88796997070312,1.5576448440551758,5.069934844970703,9.641168594360352,4.636194229125977
2019-11-08 09:00:00+00:00,215.7327423095703,1.508127212524414,5.130911827087402,9.62078857421875,3.9887914657592773
2019-11-08 10:00:00+00:00,217.53167724609375,1.4475345611572266,5.191220283508301,8.40955638885498,3.230733871459961
2019-11-08 11:00:00+00:00,219.03065490722656,1.3917179107666016,5.239346504211426,8.318270683288574,2.3645105361938477
2019-11-08 12:00:00+00:00,221.65013122558594,1.3348512649536133,5.299036026000977,7.553820610046387,2.533963203430176
2019-11-08 13:00:00+00:00,226.4792938232422,1.2732324600219727,5.386033058166504,6.798417091369629,2.611757278442383
2019-11-08 14:00:00+00:00,233.4196319580078,1.2145709991455078,5.48126220703125,5.7143964767456055,1.8507051467895508
2019-11-08 15:00:00+00:00,244.0196533203125,1.1587810516357422,5.584067344665527,5.5418701171875,0.9520882964134216
2019-11-08 16:00:00+00:00,253.3057098388672,1.1185293197631836,5.631312370300293,6.108121871948242,0.5596201419830322
2019-11-08 17:00:00+00:00,260.91650390625,1.093292236328125,5.621500015258789,6.540126800537109,0.14751434326171875
2019-11-08 18:00:00+00:00,267.39013671875,1.0758476257324219,5.591192245483398,6.770983695983887,-0.20668727159500122
2019-11-08 19:00:00+00:00,275.260009765625,1.1341629028320312,5.7493486404418945,6.710274696350098,-0.08892154693603516
2019-11-08 20:00:00+00:00,289.0703125,1.1121625900268555,5.754486083984375,6.385082244873047,0.22460108995437622
2019-11-08 21:00:00+00:00,302.254150390625,1.091634750366211,5.760058403015137,5.935791015625,0.5139136910438538
2019-11-08 22:00:00+00:00,316.3115234375,1.062422752380371,5.816095352172852,5.4767913818359375,-0.1449483036994934
2019-11-08 23:00:00+00:00,325.142333984375,1.0412845611572266,5.825922966003418,5.454627990722656,-0.1577601432800293
2019-11-09 00:00:00+00:00,330.54736328125,1.0236434936523438,5.808594703674316,5.246406555175781,-0.07549053430557251
2019-11-09 01:00:00+00:00,334.315673828125,1.0041065216064453,5.802164077758789,5.262870788574219,-0.17643100023269653
2019-11-09 02:00:00+00:00,336.594482421875,0.9876612424850464,5.771793365478516,5.51673698425293,-0.6444875597953796
2019-11-09 03:00:00+00:00,338.526611328125,0.9754089713096619,5.719195365905762,5.8346052169799805,-0.9506792426109314
2019-11-09 04:00:00+00:00,340.037353515625,0.9683468341827393,5.638959884643555,5.966092109680176,-1.1969118118286133
2019-11-09 05:00:00+00:00,341.645751953125,0.9654783010482788,5.5443830490112305,6.3525543212890625,-1.5784530639648438
2019-11-09 06:00:00+00:00,344.160888671875,0.9704599976539612,5.419589996337891,6.699176788330078,-1.7655315399169922
2019-11-09 07:00:00+00:00,353.6611328125,0.9816638231277466,5.284709930419922,7.067254066467285,-1.9239730834960938
2019-11-09 08:00:00+00:00,4.0626020431518555,0.9945775866508484,5.161437034606934,7.518104553222656,-2.1194276809692383
2019-11-09 09:00:00+00:00,317.765625,1.0105199813842773,5.039385795593262,7.784188270568848,-2.397404670715332
2019-11-09 10:00:00+00:00,276.1142578125,1.0003948211669922,5.025712013244629,7.266985893249512,-2.609933853149414
2019-11-09 11:00:00+00:00,193.9219512939453,1.0055551528930664,4.951450347900391,7.697185516357422,-3.484811782836914
2019-11-09 12:00:00+00:00,158.48345947265625,1.052389144897461,4.773369789123535,8.490835189819336,-3.5606565475463867
2019-11-09 13:00:00+00:00,160.19436645507812,1.113816261291504,4.647000312805176,8.411299705505371,-3.663372039794922
2019-11-09 14:00:00+00:00,161.36334228515625,1.134150505065918,4.651119232177734,8.03868293762207,-4.032871246337891
2019-11-09 15:00:00+00:00,157.8555450439453,1.1312732696533203,4.679574966430664,7.824873924255371,-4.2824201583862305
2019-11-09 16:00:00+00:00,152.56813049316406,1.1430587768554688,4.671169281005859,7.938681602478027,-4.593854904174805
2019-11-09 17:00:00+00:00,147.726318359375,1.1737489700317383,4.650827407836914,8.511716842651367,-4.763157844543457
2019-11-09 18:00:00+00:00,145.06930541992188,1.2015743255615234,4.670668601989746,8.553579330444336,-4.2953290939331055
2019-11-09 19:00:00+00:00,143.71533203125,1.1454744338989258,4.606759071350098,8.130587577819824,-3.635117530822754
2019-11-09 20:00:00+00:00,143.30374145507812,1.133260726928711,4.677624702453613,7.2657012939453125,-2.3436527252197266
2019-11-09 21:00:00+00:00,144.89772033691406,1.1099987030029297,4.722536087036133,6.054237365722656,-0.6312519311904907
2019-11-09 22:00:00+00:00,145.4436798095703,1.0473756790161133,4.772696495056152,6.214692115783691,1.8285064697265625
2019-11-09 23:00:00+00:00,146.98617553710938,1.0019559860229492,4.7794342041015625,4.463677406311035,3.4767398834228516
2019-11-10 00:00:00+00:00,147.5415496826172,0.9644373059272766,4.7734174728393555,3.100614547729492,3.9300622940063477
2019-11-10 01:00:00+00:00,204.80685424804688,0.9377223253250122,4.757232666015625,2.336287498474121,3.885849952697754
2019-11-10 02:00:00+00:00,237.8683319091797,0.9272709488868713,4.720928192138672,2.091141700744629,4.0767316818237305
2019-11-10 03:00:00+00:00,239.33322143554688,0.9150448441505432,4.693779945373535,1.7530908584594727,4.700196266174316
2019-11-10 04:00:00+00:00,243.19839477539062,0.8874375820159912,4.692926406860352,0.6491338610649109,4.878950119018555
2019-11-10 05:00:00+00:00,248.97340393066406,0.8502074480056763,4.703497886657715,-0.24196135997772217,4.481396675109863
2019-11-10 06:00:00+00:00,255.63247680664062,0.8105840682983398,4.713581085205078,-0.4547582268714905,4.138921737670898
2019-11-10 07:00:00+00:00,262.20703125,0.7772799134254456,4.702281951904297,-0.3669559359550476,3.9802818298339844
2019-11-10 08:00:00+00:00,267.4833984375,0.7529747486114502,4.66469669342041,-0.35985666513442993,3.985647201538086
2019-11-10 09:00:00+00:00,271.207763671875,0.7370856404304504,4.610008239746094,-0.1714281439781189,4.288060188293457
2019-11-10 10:00:00+00:00,272.892578125,0.7262549996376038,4.565516471862793,0.7635696530342102,5.011797904968262
2019-11-10 11:00:00+00:00,274.423828125,0.7259562611579895,4.498331069946289,1.2113037109375,5.2344207763671875
2019-11-10 12:00:00+00:00,276.414794921875,0.7300163507461548,4.430698394775391,0.8159026503562927,5.912416458129883
2019-11-10 13:00:00+00:00,278.858154296875,0.7410614490509033,4.34671688079834,0.058827079832553864,6.648442268371582
2019-11-10 14:00:00+00:00,282.044677734375,0.7642456889152527,4.245670318603516,-1.1006174087524414,7.124378204345703
2019-11-10 15:00:00+00:00,286.7216796875,0.7953730225563049,4.168940544128418,-2.0529279708862305,7.114217758178711
2019-11-10 16:00:00+00:00,292.17822265625,0.8170431852340698,4.156415939331055,-2.2339181900024414,6.979405403137207
2019-11-10 17:00:00+00:00,296.381103515625,0.8282347917556763,4.188774108886719,-1.7233409881591797,6.73220157623291
2019-11-10 18:00:00+00:00,298.7880859375,0.827939510345459,4.247457504272461,-0.6122744679450989,6.7417192459106445
2019-11-10 19:00:00+00:00,298.890380859375,0.8324220180511475,4.285275459289551,0.5396352410316467,7.059512138366699
2019-11-10 20:00:00+00:00,297.32373046875,0.8401585221290588,4.310426712036133,1.9867486953735352,6.528353691101074
2019-11-10 21:00:00+00:00,295.11865234375,0.8443138003349304,4.338397026062012,2.8754663467407227,7.14768123626709
2019-11-10 22:00:00+00:00,292.7568359375,0.8414512872695923,4.372797966003418,3.176915168762207,6.5129804611206055
2019-11-10 23:00:00+00:00,289.354248046875,0.8425116539001465,4.392425537109375,4.166276931762695,5.923125267028809
2019-11-11 00:00:00+00:00,283.098876953125,0.8558323979377747,4.374355316162109,5.4332380294799805,5.449986457824707
2019-11-11 01:00:00+00:00,272.1279296875,0.8954544067382812,4.303189277648926,6.346495628356934,5.7704877853393555
2019-11-11 02:00:00+00:00,258.207275390625,0.9622051119804382,4.228899955749512,7.357000350952148,5.615148544311523
2019-11-11 03:00:00+00:00,245.77256774902344,1.0198144912719727,4.224522590637207,8.345969200134277,4.256455421447754
2019-11-11 04:00:00+00:00,231.7132110595703,1.076578140258789,4.242046356201172,9.473884582519531,2.289522171020508
2019-11-11 05:00:00+00:00,216.93621826171875,1.155766487121582,4.264437675476074,10.512041091918945,1.2414617538452148
2019-11-11 06:00:00+00:00,204.4626007080078,1.267409324645996,4.321332931518555,11.476534843444824,0.5933479070663452
2019-11-11 07:00:00+00:00,195.84063720703125,1.4054269790649414,4.416882514953613,12.28725528717041,0.13411056995391846
2019-11-11 08:00:00+00:00,191.04440307617188,1.5324583053588867,4.54811954498291,12.751102447509766,0.1509336233139038
2019-11-11 09:00:00+00:00,188.8131866455078,1.6305122375488281,4.690114974975586,13.1502103805542,-0.19783830642700195
2019-11-11 10:00:00+00:00,186.95611572265625,1.7618474960327148,4.818897247314453,14.233139991760254,-0.7440361976623535
2019-11-11 11:00:00+00:00,184.7589874267578,1.9197912216186523,4.96102237701416,15.09912395477295,-1.284921646118164
2019-11-11 12:00:00+00:00,183.2387237548828,2.085123062133789,5.112330436706543,15.636155128479004,-1.456756591796875
2019-11-11 13:00:00+00:00,182.17100524902344,2.2427749633789062,5.264412879943848,16.398345947265625,-1.4621753692626953
2019-11-11 14:00:00+00:00,181.67477416992188,2.431889533996582,5.431488990783691,17.223068237304688,-1.4276313781738281
2019-11-11 15:00:00+00:00,181.0849151611328,2.573988914489746,5.594727516174316,17.73388671875,-2.21734619140625
2019-11-11 16:00:00+00:00,179.03231811523438,2.6826305389404297,5.709623336791992,17.670822143554688,-4.069112777709961
2019-11-11 17:00:00+00:00,176.02516174316406,2.728923797607422,5.7811384201049805,17.868026733398438,-4.876669883728027
2019-11-11 18:00:00+00:00,174.59814453125,2.7744531631469727,5.829607009887695,18.149200439453125,-3.6426706314086914
2019-11-11 19:00:00+00:00,176.26992797851562,2.830007553100586,5.928173065185547,17.998504638671875,-0.05865635722875595
2019-11-11 20:00:00+00:00,179.86337280273438,2.702024459838867,5.932743072509766,15.337367057800293,3.951582908630371
2019-11-11 21:00:00+00:00,184.83038330078125,2.5066471099853516,5.8670501708984375,12.592057228088379,6.277957916259766
2019-11-11 22:00:00+00:00,192.39381408691406,2.2884931564331055,5.746767044067383,11.009709358215332,7.3451080322265625
2019-11-11 23:00:00+00:00,201.75123596191406,2.191038131713867,5.629617691040039,11.446642875671387,7.82479190826416
2019-11-12 00:00:00+00:00,209.78802490234375,2.2018041610717773,5.598069190979004,12.297292709350586,8.08267593383789
2019-11-12 01:00:00+00:00,214.45556640625,2.2836427688598633,5.648733139038086,12.952713966369629,7.387564659118652
2019-11-12 02:00:00+00:00,216.4254150390625,2.4223718643188477,5.7321624755859375,14.39531135559082,6.819589614868164
2019-11-12 03:00:00+00:00,218.58534240722656,2.5566444396972656,5.845660209655762,14.450061798095703,7.7061004638671875
2019-11-12 04:00:00+00:00,222.09140014648438,2.6277551651000977,5.9770660400390625,13.311084747314453,8.407862663269043
2019-11-12 05:00:00+00:00,226.24143981933594,2.63897705078125,6.106271743774414,12.484701156616211,9.045273780822754
2019-11-12 06:00:00+00:00,230.0563507080078,2.6401758193969727,6.213744163513184,12.338688850402832,9.157739639282227
2019-11-12 07:00:00+00:00,232.58218383789062,2.6434926986694336,6.279036521911621,11.980813980102539,9.116742134094238
2019-11-12 08:00:00+00:00,233.03079223632812,2.661518096923828,6.290096282958984,12.684311866760254,8.175063133239746
2019-11-12 09:00:00+00:00,231.1461181640625,2.6922225952148438,6.250932693481445,14.317319869995117,7.163915634155273
2019-11-12 10:00:00+00:00,227.766845703125,2.7133493423461914,6.198200225830078,15.186904907226562,6.597535133361816
2019-11-12 11:00:00+00:00,225.58151245117188,2.7190141677856445,6.169028282165527,14.744348526000977,6.5962982177734375
2019-11-12 12:00:00+00:00,225.00637817382812,2.6524085998535156,6.172700881958008,14.148209571838379,5.966943740844727
2019-11-12 13:00:00+00:00,224.74232482910156,2.5513648986816406,6.162751197814941,13.673103332519531,5.456518173217773
2019-11-12 14:00:00+00:00,225.0830841064453,2.4275169372558594,6.144919395446777,13.120354652404785,5.161577224731445
2019-11-12 15:00:00+00:00,224.64682006835938,2.335193634033203,6.097127914428711,13.100152969360352,4.287520408630371
2019-11-12 16:00:00+00:00,222.90179443359375,2.283562660217285,6.026210784912109,13.430678367614746,3.329726219177246
2019-11-12 17:00:00+00:00,220.3001251220703,2.2522764205932617,5.955685615539551,13.995223999023438,2.0780162811279297
2019-11-12 18:00:00+00:00,216.178955078125,2.2411508560180664,5.876127243041992,14.516487121582031,0.6989806890487671
2019-11-12 19:00:00+00:00,209.66839599609375,2.2812938690185547,5.7707929611206055,15.107460975646973,-0.9670509099960327
2019-11-12 20:00:00+00:00,201.89691162109375,2.3742294311523438,5.689916610717773,15.624463081359863,-1.3815937042236328
2019-11-12 21:00:00+00:00,197.22177124023438,2.4666404724121094,5.696324348449707,15.74594497680664,-0.5448986291885376
2019-11-12 22:00:00+00:00,195.246337890625,2.472400665283203,5.74540901184082,15.534088134765625,-0.6649619936943054
2019-11-12 23:00:00+00:00,193.8897705078125,2.4113473892211914,5.7740278244018555,14.84827709197998,-0.9565054774284363
2019-11-13 00:00:00+00:00,190.6657257080078,2.3376760482788086,5.742053985595703,14.041238784790039,-3.2110090255737305
2019-11-13 01:00:00+00:00,186.16197204589844,2.2793312072753906,5.674086570739746,14.044800758361816,-4.372076988220215
2019-11-13 02:00:00+00:00,180.717041015625,2.3025455474853516,5.590536117553711,13.878682136535645,-5.1712751388549805
2019-11-13 03:00:00+00:00,177.38966369628906,2.321953773498535,5.561359405517578,14.182092666625977,-4.87591552734375
2019-11-13 04:00:00+00:00,178.3025665283203,2.261754035949707,5.570258140563965,14.000173568725586,-2.2895278930664062
2019-11-13 05:00:00+00:00,182.4835662841797,2.1429481506347656,5.57135009765625,14.303092002868652,2.250459671020508
2019-11-13 06:00:00+00:00,188.34979248046875,2.0111446380615234,5.557077407836914,11.225541114807129,4.428548812866211
2019-11-13 07:00:00+00:00,194.231201171875,1.8365888595581055,5.512611389160156,8.63476276397705,5.742379188537598
2019-11-13 08:00:00+00:00,201.8330535888672,1.6914558410644531,5.422544479370117,6.806926727294922,7.026052474975586
2019-11-13 09:00:00+00:00,211.62808227539062,1.5863428115844727,5.318870544433594,5.384204864501953,8.457304954528809
2019-11-13 10:00:00+00:00,227.01307678222656,1.562967300415039,5.185206413269043,2.772068977355957,10.594561576843262
2019-11-13 11:00:00+00:00,242.15687561035156,1.5522480010986328,5.1518354415893555,1.1933155059814453,10.464986801147461
2019-11-13 12:00:00+00:00,253.83998107910156,1.5470104217529297,5.187779426574707,1.0534439086914062,10.052735328674316
2019-11-13 13:00:00+00:00,261.77392578125,1.5686359405517578,5.2345991134643555,1.7478885650634766,10.51079273223877
2019-11-13 14:00:00+00:00,266.83740234375,1.614790916442871,5.276867866516113,1.5064563751220703,11.318458557128906
2019-11-13 15:00:00+00:00,270.345703125,1.6604528427124023,5.330060005187988,1.3025789260864258,11.601765632629395
2019-11-13 16:00:00+00:00,273.2099609375,1.6541833877563477,5.390442848205566,1.3042421340942383,10.908164978027344
2019-11-13 17:00:00+00:00,275.362548828125,1.6006813049316406,5.44222354888916,1.4188461303710938,10.001005172729492
2019-11-13 18:00:00+00:00,276.937255859375,1.5262422561645508,5.4713239669799805,1.9316978454589844,9.216607093811035
2019-11-13 19:00:00+00:00,278.00341796875,1.4450206756591797,5.478957176208496,2.882439613342285,8.149681091308594
2019-11-13 20:00:00+00:00,278.466064453125,1.3680791854858398,5.467442512512207,3.96175479888916,7.019895553588867
2019-11-13 21:00:00+00:00,277.90771484375,1.3051223754882812,5.419615745544434,5.066830635070801,5.970267295837402
2019-11-13 22:00:00+00:00,276.8212890625,1.2542743682861328,5.34891414642334,5.485762596130371,5.386292457580566
2019-11-13 23:00:00+00:00,275.969970703125,1.2042646408081055,5.293085098266602,5.523653030395508,4.604216575622559
2019-11-14 00:00:00+00:00,277.02197265625,1.1389503479003906,5.306195259094238,5.242215156555176,2.975213050842285
2019-11-14 01:00:00+00:00,278.4541015625,1.0770635604858398,5.320661544799805,5.76943302154541,1.6315937042236328
2019-11-14 02:00:00+00:00,277.786376953125,1.0366401672363281,5.254997253417969,6.629890441894531,0.29600584506988525
2019-11-14 03:00:00+00:00,272.651123046875,1.0237255096435547,5.089117050170898,7.613245010375977,-0.4586111903190613
2019-11-14 04:00:00+00:00,262.922607421875,1.0271062850952148,4.898776054382324,7.688542366027832,-0.6291412115097046
2019-11-14 05:00:00+00:00,253.89535522460938,1.0164976119995117,4.789281845092773,6.9019575119018555,-1.4968786239624023
2019-11-14 06:00:00+00:00,242.6616668701172,1.0053977966308594,4.693167686462402,6.887677192687988,-3.0373048782348633
2019-11-14 07:00:00+00:00,219.5642852783203,1.0353736877441406,4.530825614929199,8.55657958984375,-3.2905988693237305
2019-11-14 08:00:00+00:00,199.10086059570312,1.089517593383789,4.405780792236328,8.98518180847168,-3.192519187927246
2019-11-14 09:00:00+00:00,188.61807250976562,1.0964317321777344,4.398602485656738,7.071186065673828,-4.448502540588379
2019-11-14 10:00:00+00:00,183.81076049804688,1.0385093688964844,4.453118324279785,6.260668754577637,-4.874114036560059
2019-11-14 11:00:00+00:00,172.41146850585938,1.042562484741211,4.385251998901367,7.276735305786133,-5.849432945251465
2019-11-14 12:00:00+00:00,161.87855529785156,1.0664634704589844,4.322575569152832,6.992403030395508,-6.009050369262695
2019-11-14 13:00:00+00:00,153.92825317382812,1.0597219467163086,4.311765670776367,6.120572090148926,-6.968822479248047
2019-11-14 14:00:00+00:00,145.82150268554688,1.0776338577270508,4.276120185852051,6.314692497253418,-7.666060447692871
2019-11-14 15:00:00+00:00,138.29251098632812,1.1294069290161133,4.2467498779296875,5.577700614929199,-8.33138370513916
2019-11-14 16:00:00+00:00,130.07473754882812,1.2230253219604492,4.252650260925293,5.159714698791504,-9.110075950622559
2019-11-14 17:00:00+00:00,125.5057373046875,1.324021339416504,4.3313140869140625,6.407732009887695,-9.059521675109863
2019-11-14 18:00:00+00:00,124.01626586914062,1.3542509078979492,4.436550140380859,5.792869567871094,-9.272014617919922
2019-11-14 19:00:00+00:00,121.2916259765625,1.352299690246582,4.5284624099731445,4.839734077453613,-9.548052787780762
2019-11-14 20:00:00+00:00,117.20072937011719,1.338139533996582,4.56883430480957,4.511401176452637,-9.709538459777832
2019-11-14 21:00:00+00:00,114.17605590820312,1.3484926223754883,4.584995269775391,4.641780853271484,-9.882722854614258
2019-11-14 22:00:00+00:00,111.17367553710938,1.3757667541503906,4.6031494140625,4.177698135375977,-9.652021408081055
2019-11-14 23:00:00+00:00,107.34245300292969,1.3814382553100586,4.640102386474609,2.7801008224487305,-9.88352108001709
2019-11-15 00:00:00+00:00,103.11811828613281,1.411825180053711,4.680361747741699,1.5900506973266602,-10.737024307250977
2019-11-15 01:00:00+00:00,97.77876281738281,1.5036935806274414,4.736136436462402,0.2773737907409668,-11.56015396118164
2019-11-15 02:00:00+00:00,92.20242309570312,1.6465787887573242,4.826565742492676,0.09329110383987427,-12.420689582824707
2019-11-15 03:00:00+00:00,89.42669677734375,1.7776775360107422,4.954158782958984,-0.7489385008811951,-13.05130672454834
2019-11-15 04:00:00+00:00,86.30754089355469,1.9113187789916992,5.094175338745117,-2.121893882751465,-13.779709815979004
2019-11-15 05:00:00+00:00,83.0247802734375,2.051356315612793,5.242073059082031,-2.043938636779785,-13.542346954345703
2019-11-15 06:00:00+00:00,80.829833984375,2.193706512451172,5.390131950378418,-2.3586654663085938,-13.757436752319336
2019-11-15 07:00:00+00:00,79.32640075683594,2.33261775970459,5.546838760375977,-2.7180538177490234,-14.634360313415527
2019-11-15 08:00:00+00:00,78.29927062988281,2.4485464096069336,5.704580307006836,-2.8054141998291016,-14.621676445007324
2019-11-15 09:00:00+00:00,77.16242980957031,2.5203628540039062,5.823259353637695,-2.6452131271362305,-14.44437026977539
2019-11-15 10:00:00+00:00,77.48388671875,2.529722213745117,5.897281646728516,-1.0834379196166992,-14.063806533813477
2019-11-15 11:00:00+00:00,77.704345703125,2.440824508666992,5.935823440551758,-0.6312376260757446,-13.145585060119629
2019-11-15 12:00:00+00:00,78.22113037109375,2.4125747680664062,5.921099662780762,0.07567626237869263,-13.706343650817871
2019-11-15 13:00:00+00:00,78.16603088378906,2.392658233642578,5.898128509521484,-0.32665562629699707,-13.922255516052246
2019-11-15 14:00:00+00:00,78.44017028808594,2.336517333984375,5.876338958740234,0.7713366746902466,-12.940153121948242
2019-11-15 15:00:00+00:00,78.95263671875,2.242304801940918,5.850545883178711,0.026144713163375854,-12.769433975219727
2019-11-15 16:00:00+00:00,78.31591796875,2.1484737396240234,5.819687843322754,0.304241418838501,-12.672295570373535
2019-11-15 17:00:00+00:00,78.19911193847656,2.0621938705444336,5.772730827331543,1.7830047607421875,-11.402556419372559
2019-11-15 18:00:00+00:00,79.43939208984375,1.9560937881469727,5.718320846557617,3.812880516052246,-9.906427383422852
2019-11-15 19:00:00+00:00,80.11677551269531,2.1778345108032227,6.216875076293945,5.045969009399414,-7.24043083190918
2019-11-15 20:00:00+00:00,77.29039001464844,1.9420280456542969,6.255558013916016,4.497312545776367,-5.0971784591674805
2019-11-15 21:00:00+00:00,73.43563842773438,1.742262840270996,6.2957963943481445,4.179543495178223,-3.611936569213867
2019-11-15 22:00:00+00:00,69.19644165039062,1.5786876678466797,6.32548713684082,3.9548587799072266,-2.139646530151367
2019-11-15 23:00:00+00:00,64.54948425292969,1.445169448852539,6.354244232177734,2.873077392578125,-0.8212942481040955
2019-11-16 00:00:00+00:00,59.7122802734375,1.3367424011230469,6.3786115646362305,2.5264720916748047,-0.5008335709571838
2019-11-16 01:00:00+00:00,54.85661315917969,1.2487764358520508,6.397831916809082,2.6075754165649414,-0.2532857060432434
2019-11-16 02:00:00+00:00,50.04618835449219,1.1793289184570312,6.3961639404296875,3.1570892333984375,1.1046457290649414
2019-11-16 03:00:00+00:00,44.69886779785156,1.1204643249511719,6.402459144592285,2.07613468170166,2.7961673736572266
2019-11-16 04:00:00+00:00,39.24024963378906,1.0683631896972656,6.433619499206543,0.13312506675720215,2.9121036529541016
2019-11-16 05:00:00+00:00,34.72978210449219,1.0203542709350586,6.495475769042969,0.7686682343482971,2.6465816497802734
2019-11-16 06:00:00+00:00,30.6484375,0.9795836210250854,6.545682907104492,0.4017612338066101,3.1095199584960938
2019-11-16 07:00:00+00:00,26.540985107421875,0.9468519687652588,6.5614118576049805,-0.04918062686920166,4.025464057922363
2019-11-16 08:00:00+00:00,20.64990234375,0.9317908883094788,6.448564529418945,0.5285344123840332,4.328660011291504
2019-11-16 09:00:00+00:00,13.029908180236816,0.9288866519927979,6.255573272705078,0.9378602504730225,5.064969062805176
2019-11-16 10:00:00+00:00,2.3838348388671875,0.9409604668617249,5.997433662414551,1.8666648864746094,6.871494293212891
2019-11-16 11:00:00+00:00,332.01513671875,1.0421648025512695,5.364994049072266,1.7530336380004883,9.397789001464844
2019-11-16 12:00:00+00:00,293.805419921875,1.2115182876586914,4.897512435913086,1.9276704788208008,10.460803985595703
2019-11-16 13:00:00+00:00,273.22705078125,1.3822364807128906,4.765774726867676,2.8637332916259766,10.69658088684082
2019-11-16 14:00:00+00:00,264.023193359375,1.5528602600097656,4.8152971267700195,3.671213150024414,11.546019554138184
2019-11-16 15:00:00+00:00,259.54638671875,1.7092247009277344,4.918304443359375,4.523410797119141,12.179357528686523
2019-11-16 16:00:00+00:00,256.180419921875,1.8613262176513672,5.0658769607543945,5.9216461181640625,12.517221450805664
2019-11-16 17:00:00+00:00,251.600341796875,2.025273323059082,5.205020904541016,6.80574893951416,12.427431106567383
2019-11-16 18:00:00+00:00,248.29856872558594,2.146796226501465,5.345026969909668,7.3697004318237305,12.272579193115234
2019-11-16 19:00:00+00:00,246.22027587890625,2.192960739135742,5.446379661560059,8.70397663116455,11.661704063415527
2019-11-16 20:00:00+00:00,243.6852264404297,2.207477569580078,5.503120422363281,9.971166610717773,10.940511703491211
2019-11-16 21:00:00+00:00,240.04541015625,2.212925910949707,5.516915321350098,10.92162799835205,9.649561882019043
2019-11-16 22:00:00+00:00,235.58287048339844,2.2149314880371094,5.507266998291016,11.904664993286133,8.090194702148438
2019-11-16 23:00:00+00:00,232.86204528808594,2.1747636795043945,5.5106306076049805,11.547408103942871,7.786260604858398
2019-11-17 00:00:00+00:00,231.9213409423828,2.1251420974731445,5.511378288269043,10.977824211120605,8.1552734375
2019-11-17 01:00:00+00:00,231.9119415283203,2.0657167434692383,5.503109931945801,10.621790885925293,8.249017715454102
2019-11-17 02:00:00+00:00,231.24122619628906,2.0017166137695312,5.474198341369629,10.73291015625,7.340910911560059
2019-11-17 03:00:00+00:00,229.76559448242188,1.9410476684570312,5.429008483886719,10.850198745727539,6.90755558013916
2019-11-17 04:00:00+00:00,228.29161071777344,1.8830585479736328,5.376948356628418,10.55356216430664,6.645590782165527
2019-11-17 05:00:00+00:00,227.66043090820312,1.8074541091918945,5.322264671325684,10.516509056091309,6.084699630737305
2019-11-17 06:00:00+00:00,227.70933532714844,1.723860740661621,5.275388717651367,9.864757537841797,5.751395225524902
2019-11-17 07:00:00+00:00,229.11216735839844,1.6193475723266602,5.251317977905273,8.171712875366211,5.908380508422852
2019-11-17 08:00:00+00:00,231.20114135742188,1.49530029296875,5.241870880126953,7.64565372467041,4.506305694580078
2019-11-17 09:00:00+00:00,230.79867553710938,1.4029912948608398,5.176667213439941,8.035021781921387,2.765878677368164
2019-11-17 10:00:00+00:00,230.66224670410156,1.3126602172851562,5.128918647766113,8.213937759399414,1.3591299057006836
2019-11-17 11:00:00+00:00,233.48275756835938,1.2124509811401367,5.1466569900512695,6.404328346252441,2.0689964294433594
2019-11-17 12:00:00+00:00,238.5738525390625,1.1138019561767578,5.208398818969727,5.287603378295898,1.59698486328125
2019-11-17 13:00:00+00:00,244.31011962890625,1.02960205078125,5.27296257019043,3.911496162414551,0.43725794553756714
2019-11-17 14:00:00+00:00,251.0211181640625,0.9567534327507019,5.355033874511719,3.087557792663574,-0.0610012486577034
2019-11-17 15:00:00+00:00,258.018310546875,0.8977441787719727,5.424610137939453,2.017406463623047,-1.4327526092529297
2019-11-17 16:00:00+00:00,265.296142578125,0.8484662175178528,5.491681098937988,1.9436960220336914,-1.9353342056274414
2019-11-17 17:00:00+00:00,272.762939453125,0.8073382377624512,5.548603057861328,0.16636735200881958,-2.1266794204711914
2019-11-17 18:00:00+00:00,281.231689453125,0.7750818729400635,5.581150054931641,-1.2485361099243164,-2.644695281982422
2019-11-17 19:00:00+00:00,289.918212890625,0.7485040426254272,5.596972465515137,-1.9230527877807617,-3.022571563720703
2019-11-17 20:00:00+00:00,302.779541015625,0.739659309387207,5.491674423217773,-3.0021238327026367,-3.4331016540527344
2019-11-17 21:00:00+00:00,324.301513671875,0.7573280334472656,5.242362022399902,-4.008803367614746,-4.316640853881836
2019-11-17 22:00:00+00:00,357.716796875,0.8442063331604004,4.775583267211914,-7.064549446105957,-5.324057579040527
2019-11-17 23:00:00+00:00,19.68408203125,0.9692839980125427,4.4686479568481445,-7.077837944030762,-7.470922470092773
2019-11-22 00:00:00+00:00,108.32388305664062,0.8892846703529358,4.484014511108398,5.579311370849609,-3.5271739959716797
2019-11-22 01:00:00+00:00,110.2662353515625,0.8431346416473389,4.392073631286621,5.441011428833008,-3.447183609008789
2019-11-22 02:00:00+00:00,111.65602111816406,0.7949925661087036,4.321768760681152,5.398545265197754,-3.3609485626220703
2019-11-22 03:00:00+00:00,114.16395568847656,0.7579402923583984,4.221733093261719,5.793103218078613,-3.4060745239257812
2019-11-22 04:00:00+00:00,119.97808837890625,0.7496073246002197,4.062578201293945,6.082738876342773,-3.758045196533203
2019-11-22 05:00:00+00:00,128.52561950683594,0.771141767501831,3.896341323852539,6.800551414489746,-3.878973960876465
2019-11-22 06:00:00+00:00,136.0199432373047,0.8012814521789551,3.796938896179199,7.347911834716797,-3.64290714263916
2019-11-22 07:00:00+00:00,141.15811157226562,0.8217769265174866,3.760204315185547,7.710733413696289,-3.680525779724121
2019-11-22 08:00:00+00:00,146.7171630859375,0.866548478603363,3.7369461059570312,9.048870086669922,-3.317392349243164
2019-11-22 09:00:00+00:00,152.68008422851562,0.9452546834945679,3.7597551345825195,9.75477409362793,-2.5809593200683594
2019-11-22 10:00:00+00:00,156.65972900390625,0.9943410754203796,3.83566951751709,10.01537799835205,-2.274127960205078
2019-11-22 11:00:00+00:00,159.43896484375,1.035043716430664,3.920180320739746,10.333719253540039,-2.495025634765625
2019-11-22 12:00:00+00:00,161.00070190429688,1.0618715286254883,3.995713233947754,9.843862533569336,-2.8984012603759766
2019-11-22 13:00:00+00:00,161.47140502929688,1.0313520431518555,4.0534467697143555,8.791984558105469,-3.2935094833374023
2019-11-22 14:00:00+00:00,160.9969024658203,0.9985802173614502,4.067972183227539,8.849762916564941,-3.987966537475586
2019-11-22 15:00:00+00:00,159.4129180908203,0.998608410358429,4.056154251098633,8.940308570861816,-4.711030960083008
2019-11-22 16:00:00+00:00,156.6664276123047,1.016077995300293,4.0518951416015625,8.696928024291992,-5.310456275939941
2019-11-22 17:00:00+00:00,153.09292602539062,1.0422277450561523,4.064108848571777,8.558598518371582,-5.4841461181640625
2019-11-22 18:00:00+00:00,149.5073699951172,1.0646705627441406,4.091374397277832,8.135894775390625,-6.1626434326171875
2019-11-22 19:00:00+00:00,145.97572326660156,1.0840225219726562,4.123479843139648,7.4620771408081055,-7.076258659362793
2019-11-22 20:00:00+00:00,142.18296813964844,1.0970172882080078,4.155847549438477,7.1450605392456055,-7.586237907409668
2019-11-22 21:00:00+00:00,137.8375701904297,1.1144275665283203,4.18424129486084,6.899083137512207,-7.720720291137695
2019-11-22 22:00:00+00:00,132.2687225341797,1.111586570739746,4.212209701538086,4.676061630249023,-8.300586700439453
2019-11-22 23:00:00+00:00,125.8787841796875,1.1154756546020508,4.222524642944336,3.7398433685302734,-9.208770751953125
2019-11-23 00:00:00+00:00,118.24214172363281,1.2164478302001953,4.234498023986816,3.674769401550293,-10.76700496673584
2019-11-23 01:00:00+00:00,112.22480773925781,1.3974380493164062,4.334933280944824,3.583683967590332,-11.856161117553711
2019-11-23 02:00:00+00:00,108.57235717773438,1.572361946105957,4.512579917907715,3.6514530181884766,-12.779970169067383
2019-11-23 03:00:00+00:00,106.75279235839844,1.7157440185546875,4.715583801269531,4.026020050048828,-13.230249404907227
2019-11-23 04:00:00+00:00,105.4923095703125,1.8111028671264648,4.8789472579956055,5.1592864990234375,-13.747013092041016
2019-11-23 05:00:00+00:00,104.8040771484375,1.889500617980957,5.003416061401367,5.622522354125977,-13.184491157531738
2019-11-23 06:00:00+00:00,104.35983276367188,1.9336233139038086,5.093475341796875,5.249972343444824,-12.920862197875977
2019-11-23 07:00:00+00:00,104.11030578613281,1.9482202529907227,5.152695655822754,4.846813201904297,-13.054680824279785
2019-11-23 08:00:00+00:00,104.15597534179688,2.014873504638672,5.212879180908203,5.237628936767578,-13.57607650756836
2019-11-23 09:00:00+00:00,104.01966857910156,2.100360870361328,5.2894182205200195,5.540949821472168,-14.07890510559082
2019-11-23 10:00:00+00:00,102.69232177734375,2.143496513366699,5.373188018798828,4.434863090515137,-13.452576637268066
2019-11-23 11:00:00+00:00,100.80496215820312,2.1488571166992188,5.438486099243164,4.094605445861816,-13.596986770629883
2019-11-23 12:00:00+00:00,99.3643798828125,2.1653919219970703,5.490400314331055,3.8528318405151367,-13.695202827453613
2019-11-23 13:00:00+00:00,98.07186889648438,2.207366943359375,5.532999038696289,2.3964691162109375,-14.662275314331055
2019-11-23 14:00:00+00:00,96.1776123046875,2.295276641845703,5.573687553405762,2.5023317337036133,-15.498733520507812
2019-11-23 15:00:00+00:00,95.17767333984375,2.3769826889038086,5.620783805847168,3.5924787521362305,-15.07015609741211
2019-11-23 16:00:00+00:00,95.14207458496094,2.375051498413086,5.669692039489746,3.991827964782715,-14.769511222839355
2019-11-23 17:00:00+00:00,95.30119323730469,2.365020751953125,5.700756072998047,3.5973615646362305,-14.59626579284668
2019-11-23 18:00:00+00:00,95.32371520996094,2.34259033203125,5.711676597595215,3.4941205978393555,-14.545169830322266
2019-11-23 19:00:00+00:00,95.57853698730469,2.2869367599487305,5.7051544189453125,4.912289619445801,-14.166751861572266
2019-11-23 20:00:00+00:00,96.32734680175781,2.230706214904785,5.666472434997559,5.39290714263916,-13.156658172607422
2019-11-23 21:00:00+00:00,96.81277465820312,2.182339668273926,5.615809440612793,4.766641616821289,-12.484365463256836
2019-11-23 22:00:00+00:00,96.7000732421875,2.122894287109375,5.567873001098633,3.7694826126098633,-12.788384437561035
2019-11-23 23:00:00+00:00,96.571533203125,2.0589942932128906,5.520442008972168,4.103019714355469,-12.139042854309082
2019-11-24 00:00:00+00:00,96.77630615234375,2.0037174224853516,5.469562530517578,3.7868404388427734,-12.270294189453125
2019-11-24 01:00:00+00:00,96.33811950683594,1.9752883911132812,5.432488441467285,3.323113441467285,-12.967352867126465
2019-11-24 02:00:00+00:00,96.16218566894531,1.9787445068359375,5.405195236206055,4.025443077087402,-12.888812065124512
2019-11-24 03:00:00+00:00,96.76222229003906,1.9904108047485352,5.387419700622559,4.209816932678223,-12.70529556274414
2019-11-24 04:00:00+00:00,97.63600158691406,1.9868059158325195,5.375406265258789,4.424138069152832,-12.559024810791016
2019-11-24 05:00:00+00:00,98.3927001953125,2.0600337982177734,5.468573570251465,5.143675804138184,-11.792154312133789
2019-11-24 06:00:00+00:00,99.03538513183594,1.9846792221069336,5.437873840332031,5.360389709472656,-11.467209815979004
2019-11-24 07:00:00+00:00,100.33149719238281,1.9347209930419922,5.388333320617676,6.0715532302856445,-11.353846549987793
2019-11-24 08:00:00+00:00,101.81045532226562,1.8883495330810547,5.341538429260254,7.171412467956543,-10.24413776397705
2019-11-24 09:00:00+00:00,103.80523681640625,1.8430166244506836,5.286080360412598,7.32679557800293,-9.14950180053711
2019-11-24 10:00:00+00:00,104.71432495117188,1.764434814453125,5.237774848937988,6.637727737426758,-8.936077117919922
2019-11-24 11:00:00+00:00,104.87744140625,1.6545944213867188,5.204061508178711,6.414822578430176,-7.89569091796875
2019-11-24 12:00:00+00:00,105.2071533203125,1.556722640991211,5.150940895080566,6.085081100463867,-7.744050979614258
2019-11-24 13:00:00+00:00,105.08413696289062,1.4670028686523438,5.085667610168457,6.034834861755371,-7.274271011352539
2019-11-24 14:00:00+00:00,105.5137939453125,1.3855705261230469,5.002946853637695,6.180523872375488,-6.687921524047852
2019-11-24 15:00:00+00:00,106.76425170898438,1.3193931579589844,4.903964996337891,6.599458694458008,-6.003649711608887
2019-11-24 16:00:00+00:00,108.28181457519531,1.255147933959961,4.813875198364258,6.447230339050293,-5.165813446044922
2019-11-24 17:00:00+00:00,108.77696228027344,1.1782636642456055,4.757109642028809,6.464613914489746,-4.386114120483398
2019-11-24 18:00:00+00:00,109.35755920410156,1.1085424423217773,4.694310188293457,6.619602203369141,-3.54953670501709
2019-11-24 19:00:00+00:00,110.96525573730469,1.1481008529663086,4.797761917114258,6.181822776794434,-3.028191566467285
2019-11-24 20:00:00+00:00,111.3927001953125,1.0697174072265625,4.718382835388184,5.747056007385254,-2.9005346298217773
2019-11-24 21:00:00+00:00,111.73284912109375,0.9955652356147766,4.635958671569824,5.649141311645508,-3.0454092025756836
2019-11-24 22:00:00+00:00,111.25883483886719,0.9145805239677429,4.584085464477539,5.096435546875,-2.531641960144043
2019-11-24 23:00:00+00:00,110.46270751953125,0.8388521671295166,4.536221504211426,4.596672058105469,-2.206101417541504
2019-11-25 00:00:00+00:00,109.64968872070312,0.7698676586151123,4.482598304748535,3.8409881591796875,-2.45773983001709
2019-11-25 01:00:00+00:00,109.23104858398438,0.7114245295524597,4.405735969543457,3.851609230041504,-3.13555908203125
2019-11-25 02:00:00+00:00,110.68272399902344,0.6722211241722107,4.262081146240234,4.524714469909668,-3.6510391235351562
2019-11-25 03:00:00+00:00,114.95030212402344,0.6552507877349854,4.061047554016113,4.8921003341674805,-3.6665611267089844
2019-11-25 04:00:00+00:00,119.57737731933594,0.6424480676651001,3.9061498641967773,4.818342208862305,-3.5455360412597656
2019-11-25 05:00:00+00:00,123.42921447753906,0.6257357597351074,3.8038339614868164,5.040372848510742,-3.5487518310546875
2019-11-25 06:00:00+00:00,127.34617614746094,0.6082823276519775,3.7257003784179688,5.161521911621094,-3.1062536239624023
2019-11-25 07:00:00+00:00,131.3604736328125,0.592073380947113,3.6635332107543945,4.831930160522461,-2.747346878051758
2019-11-25 08:00:00+00:00,135.3206024169922,0.5760247707366943,3.6145753860473633,4.796866416931152,-2.610004425048828
2019-11-25 09:00:00+00:00,139.6599578857422,0.5670837759971619,3.558976173400879,5.655107498168945,-2.682400703430176
2019-11-25 10:00:00+00:00,143.4571075439453,0.5666555166244507,3.494518280029297,5.458321571350098,-2.9687728881835938
2019-11-25 11:00:00+00:00,146.75778198242188,0.561683177947998,3.4725770950317383,5.201359748840332,-2.708345413208008
2019-11-25 12:00:00+00:00,149.39462280273438,0.5509146451950073,3.467940330505371,4.92653751373291,-2.863165855407715
2019-11-25 13:00:00+00:00,151.52511596679688,0.54874187707901,3.4435338973999023,5.304990768432617,-2.768282890319824
2019-11-25 14:00:00+00:00,154.4732208251953,0.5469803214073181,3.43170166015625,5.439342498779297,-2.687159538269043
2019-11-25 15:00:00+00:00,157.1188507080078,0.5450169444084167,3.4241552352905273,5.623645782470703,-2.6449670791625977
2019-11-25 16:00:00+00:00,158.90255737304688,0.5478919148445129,3.4109745025634766,5.623831748962402,-2.550806999206543
2019-11-25 17:00:00+00:00,159.5554656982422,0.5587000250816345,3.391590118408203,5.691997528076172,-2.736196517944336
2019-11-25 18:00:00+00:00,159.46961975097656,0.5784756541252136,3.3738880157470703,6.068249702453613,-3.421280860900879
2019-11-25 19:00:00+00:00,158.5357208251953,0.5623508095741272,3.2314109802246094,6.407042503356934,-4.01645565032959
2019-11-25 20:00:00+00:00,156.7197265625,0.6286055445671082,3.25765323638916,6.578954696655273,-4.083625793457031
2019-11-25 21:00:00+00:00,157.06443786621094,0.6869024038314819,3.325791358947754,6.809030532836914,-3.5844669342041016
2019-11-25 22:00:00+00:00,160.3495330810547,0.7231131196022034,3.4022960662841797,7.907855987548828,-2.473224639892578
2019-11-25 23:00:00+00:00,162.89837646484375,0.7419096827507019,3.4884300231933594,7.661355972290039,-2.7540292739868164
2019-11-26 00:00:00+00:00,164.48947143554688,0.7420808672904968,3.5555524826049805,7.570293426513672,-2.6067771911621094
2019-11-26 01:00:00+00:00,165.005859375,0.7488667368888855,3.5943050384521484,7.646245956420898,-2.3671560287475586
2019-11-26 02:00:00+00:00,165.60072326660156,0.7642225623130798,3.6210546493530273,7.355043411254883,-2.463669776916504
2019-11-26 03:00:00+00:00,166.00035095214844,0.7762500047683716,3.650822639465332,7.7563018798828125,-2.9003334045410156
2019-11-26 04:00:00+00:00,166.10635375976562,0.8017135262489319,3.6747846603393555,8.057583808898926,-3.060854911804199
2019-11-26 05:00:00+00:00,166.31861877441406,0.8311843872070312,3.7106924057006836,8.141288757324219,-3.0878992080688477
2019-11-26 06:00:00+00:00,166.1461944580078,0.853094220161438,3.7516965866088867,8.297347068786621,-2.9794864654541016
2019-11-26 07:00:00+00:00,166.66262817382812,0.8874028921127319,3.790151596069336,8.762951850891113,-2.3565139770507812
2019-11-26 08:00:00+00:00,167.80970764160156,0.918912410736084,3.839348793029785,8.813224792480469,-1.9879074096679688
2019-11-26 09:00:00+00:00,169.5852813720703,0.9499950408935547,3.893609046936035,9.546669960021973,-1.3505125045776367
2019-11-26 10:00:00+00:00,174.22413635253906,0.9739555716514587,3.950838088989258,9.936837196350098,0.1309714913368225
2019-11-26 11:00:00+00:00,179.54812622070312,1.0077667236328125,4.012381553649902,10.347174644470215,1.018941879272461
2019-11-26 12:00:00+00:00,184.45262145996094,1.0610618591308594,4.079989433288574,10.917102813720703,1.2738466262817383
2019-11-26 13:00:00+00:00,188.78707885742188,1.089402198791504,4.1641845703125,10.800692558288574,1.725442886352539
2019-11-26 14:00:00+00:00,192.35739135742188,1.091568946838379,4.2387542724609375,10.234587669372559,1.5912504196166992
2019-11-26 15:00:00+00:00,194.40623474121094,1.0699310302734375,4.291596412658691,10.459444999694824,1.1908588409423828
2019-11-26 16:00:00+00:00,195.41453552246094,1.0531034469604492,4.309141159057617,10.636608123779297,1.0119285583496094
2019-11-26 17:00:00+00:00,195.4599609375,1.0457935333251953,4.302560806274414,10.78739070892334,0.8197013735771179
2019-11-26 18:00:00+00:00,195.2041778564453,1.0253686904907227,4.302364349365234,10.769789695739746,0.22906261682510376
2019-11-26 19:00:00+00:00,194.17337036132812,1.0114479064941406,4.287425994873047,11.310832023620605,-0.04676021263003349
2019-11-26 20:00:00+00:00,192.53439331054688,1.0123825073242188,4.267312049865723,11.241114616394043,-0.5143314599990845
2019-11-26 21:00:00+00:00,191.1216278076172,1.023000717163086,4.261847496032715,11.333308219909668,-1.2271766662597656
2019-11-26 22:00:00+00:00,191.8571319580078,1.0242624282836914,4.285726547241211,10.510536193847656,0.0724913477897644
2019-11-26 23:00:00+00:00,193.75592041015625,1.0047798156738281,4.329307556152344,9.906328201293945,0.48298555612564087
2019-11-27 00:00:00+00:00,195.2888946533203,0.9790114164352417,4.359964370727539,9.645299911499023,0.4657592177391052
2019-11-27 01:00:00+00:00,196.22789001464844,0.9483780860900879,4.3770904541015625,9.323827743530273,0.2203400731086731
2019-11-27 02:00:00+00:00,196.08946228027344,0.9207729697227478,4.368215560913086,9.692577362060547,-0.8574987649917603
2019-11-27 03:00:00+00:00,194.57147216796875,0.897367000579834,4.336346626281738,8.625977516174316,-2.7187976837158203
2019-11-27 04:00:00+00:00,192.2530975341797,0.8659704923629761,4.308863639831543,8.778727531433105,-3.8951587677001953
2019-11-27 05:00:00+00:00,187.08267211914062,0.8518083691596985,4.228336334228516,8.306232452392578,-4.805078506469727
2019-11-27 06:00:00+00:00,177.52975463867188,0.8654322624206543,4.101727485656738,8.128661155700684,-6.301247596740723
2019-11-27 07:00:00+00:00,164.45738220214844,0.9121131896972656,3.973611831665039,7.507589340209961,-7.800641059875488
2019-11-27 08:00:00+00:00,151.10928344726562,0.9910663962364197,3.906855583190918,6.80708122253418,-9.301572799682617
2019-11-27 09:00:00+00:00,142.264892578125,1.087564468383789,3.9395952224731445,8.23720645904541,-9.449881553649902
2019-11-27 10:00:00+00:00,141.72230529785156,1.2235088348388672,4.054609298706055,10.502333641052246,-7.653280258178711
2019-11-27 11:00:00+00:00,145.36221313476562,1.2588939666748047,4.189152717590332,11.318827629089355,-4.700841903686523
2019-11-27 12:00:00+00:00,150.67465209960938,1.236175537109375,4.25760555267334,12.766329765319824,-1.458216667175293
2019-11-27 13:00:00+00:00,156.78050231933594,1.199666976928711,4.276945114135742,11.77200698852539,0.9817273020744324
2019-11-27 14:00:00+00:00,161.577392578125,1.1383180618286133,4.274623870849609,11.039607048034668,0.36919426918029785
2019-11-27 15:00:00+00:00,165.3604278564453,1.1015729904174805,4.2512407302856445,11.291194915771484,-0.9825018644332886
2019-11-27 16:00:00+00:00,168.83985900878906,1.1014528274536133,4.228314399719238,11.873112678527832,-0.8588324189186096
2019-11-27 17:00:00+00:00,172.31884765625,1.133183479309082,4.234670639038086,12.330217361450195,-0.1210867166519165
2019-11-27 18:00:00+00:00,175.25350952148438,1.1521978378295898,4.2786970138549805,11.467002868652344,-0.19765359163284302
2019-11-27 19:00:00+00:00,177.1570281982422,1.2112083435058594,4.423297882080078,10.761895179748535,-1.152644157409668
2019-11-27 20:00:00+00:00,178.37612915039062,1.16912841796875,4.468806266784668,10.123574256896973,-2.3756771087646484
2019-11-27 21:00:00+00:00,178.08189392089844,1.1307744979858398,4.478184700012207,10.093879699707031,-4.346004486083984
2019-11-27 22:00:00+00:00,172.60858154296875,1.1644830703735352,4.409013748168945,10.738274574279785,-5.76521110534668
2019-11-27 23:00:00+00:00,169.59815979003906,1.1616840362548828,4.407309532165527,9.655665397644043,-4.883632659912109
2019-11-28 00:00:00+00:00,170.255126953125,1.087508201599121,4.455875396728516,8.615741729736328,-2.261641502380371
2019-11-28 01:00:00+00:00,172.9007110595703,1.0021734237670898,4.499599456787109,8.048166275024414,1.232365608215332
2019-11-28 02:00:00+00:00,178.35665893554688,0.9411295056343079,4.4882049560546875,7.393807411193848,4.438323974609375
2019-11-28 03:00:00+00:00,188.18453979492188,0.9407121539115906,4.381738662719727,7.546653747558594,6.80246639251709
2019-11-28 04:00:00+00:00,198.15708923339844,1.0048189163208008,4.294729232788086,8.522714614868164,7.868064880371094
2019-11-28 05:00:00+00:00,203.5050048828125,1.0773277282714844,4.340945243835449,8.444219589233398,6.828451156616211
2019-11-28 06:00:00+00:00,206.6605682373047,1.107182502746582,4.458420753479004,7.168442726135254,5.846986770629883
2019-11-28 07:00:00+00:00,209.67372131347656,1.0822534561157227,4.578953742980957,3.9839344024658203,5.675536155700684
2019-11-28 08:00:00+00:00,213.27943420410156,1.016636848449707,4.6836042404174805,-0.6935767531394958,5.066854476928711
2019-11-28 09:00:00+00:00,219.2738037109375,0.9600496888160706,4.749298095703125,-4.686310768127441,4.246701240539551
2019-11-28 10:00:00+00:00,225.54502868652344,0.9087571501731873,4.836589813232422,-4.06894588470459,3.721773147583008
2019-11-28 11:00:00+00:00,239.3023681640625,0.894692599773407,4.795637130737305,-5.892204284667969,5.203952789306641
2019-11-28 12:00:00+00:00,258.4697265625,0.9177737832069397,4.66082763671875,-5.990349769592285,5.874067306518555
2019-11-28 13:00:00+00:00,279.77392578125,0.9717391133308411,4.546477317810059,-6.121233940124512,6.350069999694824
2019-11-28 14:00:00+00:00,301.462158203125,1.103306770324707,4.4664154052734375,-9.30484676361084,6.483529090881348
2019-11-28 15:00:00+00:00,320.7763671875,1.3608036041259766,4.540985107421875,-12.431635856628418,5.96783447265625
2019-11-28 16:00:00+00:00,329.651123046875,1.627009391784668,4.8189544677734375,-11.667539596557617,6.096467018127441
2019-11-28 17:00:00+00:00,331.746826171875,1.757969856262207,5.1287841796875,-9.91648006439209,6.926706314086914
2019-11-28 18:00:00+00:00,331.47607421875,1.8648605346679688,5.401309013366699,-9.47275447845459,7.995301246643066
2019-11-28 19:00:00+00:00,330.450439453125,2.0925493240356445,5.704537391662598,-11.590411186218262,8.890868186950684
2019-11-28 20:00:00+00:00,329.477294921875,2.4295711517333984,6.072136878967285,-12.383296012878418,9.1915922164917
2019-11-28 21:00:00+00:00,328.31787109375,2.690614700317383,6.460254669189453,-11.670900344848633,9.55471420288086
2019-11-28 22:00:00+00:00,327.225341796875,2.980405807495117,6.8156843185424805,-11.771133422851562,10.814696311950684
2019-11-28 23:00:00+00:00,326.426513671875,3.2718725204467773,7.14949893951416,-12.076437950134277,11.752486228942871
2019-11-29 00:00:00+00:00,325.37841796875,3.566279411315918,7.4453535079956055,-11.474724769592285,13.250921249389648
2019-11-29 01:00:00+00:00,324.69091796875,3.8980722427368164,7.713318824768066,-12.507746696472168,13.923419952392578
2019-11-29 02:00:00+00:00,324.6064453125,4.205029487609863,7.938300132751465,-13.54682731628418,13.5784912109375
2019-11-29 03:00:00+00:00,325.4072265625,4.35914421081543,8.127886772155762,-14.045906066894531,12.214736938476562
2019-11-29 04:00:00+00:00,326.789306640625,4.347874641418457,8.262221336364746,-14.421286582946777,10.481464385986328
2019-11-29 05:00:00+00:00,328.3408203125,4.250694274902344,8.316287994384766,-14.524396896362305,8.999403953552246
2019-11-29 06:00:00+00:00,329.7705078125,4.099543571472168,8.320953369140625,-14.265000343322754,8.129772186279297
2019-11-29 07:00:00+00:00,330.77001953125,3.9258995056152344,8.29629135131836,-13.666558265686035,7.6931047439575195
2019-11-29 08:00:00+00:00,331.421142578125,3.7755355834960938,8.2476806640625,-12.938146591186523,7.337567329406738
2019-11-29 09:00:00+00:00,331.95361328125,3.618560791015625,8.188883781433105,-12.318931579589844,6.650774002075195
2019-11-29 10:00:00+00:00,332.90478515625,3.4490833282470703,8.119269371032715,-12.629292488098145,5.313338279724121
2019-11-29 11:00:00+00:00,333.528076171875,3.2585525512695312,8.046841621398926,-11.712209701538086,5.338046073913574
2019-11-29 12:00:00+00:00,334.020263671875,3.0679569244384766,7.9852094650268555,-10.980278015136719,5.072179794311523
2019-11-29 13:00:00+00:00,334.384033203125,2.9027786254882812,7.91790771484375,-10.294421195983887,4.926039695739746
2019-11-29 14:00:00+00:00,334.652587890625,2.779709815979004,7.827945709228516,-10.321263313293457,5.089977264404297
2019-11-29 15:00:00+00:00,334.91796875,2.6992197036743164,7.71346378326416,-10.597443580627441,5.180081367492676
2019-11-29 16:00:00+00:00,335.242919921875,2.653848648071289,7.585921287536621,-10.93957233428955,5.266785621643066
2019-11-29 17:00:00+00:00,335.64697265625,2.629426956176758,7.465123176574707,-11.041304588317871,5.113780975341797
2019-11-29 18:00:00+00:00,336.051025390625,2.5986175537109375,7.365588188171387,-10.898719787597656,4.80412483215332
2019-11-29 19:00:00+00:00,336.3564453125,2.5460033416748047,7.297516822814941,-10.341500282287598,4.8298845291137695
2019-11-29 20:00:00+00:00,336.51025390625,2.472654342651367,7.248115539550781,-9.725400924682617,4.831586837768555
2019-11-29 21:00:00+00:00,336.565185546875,2.386471748352051,7.208542823791504,-9.148344993591309,4.893158912658691
2019-11-29 22:00:00+00:00,336.84033203125,2.2704896926879883,7.218735694885254,-7.846829414367676,4.1410017013549805
2019-11-29 23:00:00+00:00,336.63427734375,2.1848363876342773,7.169639587402344,-7.512992858886719,5.212676048278809
2019-11-30 00:00:00+00:00,336.086181640625,2.126858711242676,7.07611083984375,-7.66541862487793,5.7171220779418945
2019-11-30 01:00:00+00:00,335.73828125,2.0827035903930664,6.979560852050781,-7.8568315505981445,5.3282270431518555
2019-11-30 02:00:00+00:00,335.60107421875,2.0359153747558594,6.909931182861328,-7.455157279968262,4.596137046813965
2019-11-30 03:00:00+00:00,335.550537109375,1.981536865234375,6.87460994720459,-6.845688819885254,4.633109092712402
2019-11-30 04:00:00+00:00,335.371826171875,1.9283514022827148,6.850983619689941,-6.35579776763916,4.976158142089844
2019-11-30 05:00:00+00:00,335.107421875,1.8840227127075195,6.816993713378906,-6.142184257507324,5.093029022216797
2019-11-30 06:00:00+00:00,334.953125,1.8431854248046875,6.79073429107666,-6.149950981140137,5.143614768981934
2019-11-30 07:00:00+00:00,334.89306640625,1.809880256652832,6.758612632751465,-6.14737606048584,5.217954635620117
2019-11-30 08:00:00+00:00,334.937744140625,1.782517433166504,6.71951961517334,-6.212496757507324,5.247187614440918
2019-11-30 09:00:00+00:00,335.1611328125,1.7546825408935547,6.6905717849731445,-6.14381217956543,4.843489646911621
2019-11-30 10:00:00+00:00,335.55322265625,1.7125720977783203,6.713327407836914,-5.770988464355469,4.251021385192871
2019-11-30 11:00:00+00:00,335.840576171875,1.671248435974121,6.729301452636719,-5.425083160400391,4.3731279373168945
2019-11-30 12:00:00+00:00,336.11328125,1.624959945678711,6.759067535400391,-4.84511661529541,4.352128982543945
2019-11-30 13:00:00+00:00,336.3203125,1.5777435302734375,6.788017272949219,-4.49630069732666,4.264625549316406
2019-11-30 14:00:00+00:00,336.4677734375,1.5322599411010742,6.80494499206543,-4.101287841796875,4.457667350769043
2019-11-30 15:00:00+00:00,336.498291015625,1.4901113510131836,6.802326202392578,-3.795395851135254,4.581862449645996
2019-11-30 16:00:00+00:00,336.427978515625,1.4524497985839844,6.777684211730957,-3.9511661529541016,4.449612617492676
2019-11-30 17:00:00+00:00,336.369384765625,1.4178133010864258,6.73846435546875,-4.313501358032227,3.9595727920532227
2019-11-30 18:00:00+00:00,336.491943359375,1.3841552734375,6.6988935470581055,-4.604330062866211,3.4120264053344727
2019-11-30 19:00:00+00:00,336.804443359375,1.3490285873413086,6.677742958068848,-4.487988471984863,2.6768102645874023
2019-11-30 20:00:00+00:00,337.152099609375,1.3101634979248047,6.686095237731934,-4.224621772766113,1.9022855758666992
2019-11-30 21:00:00+00:00,337.446044921875,1.2720050811767578,6.703188896179199,-3.939413070678711,1.0341157913208008
2019-11-30 22:00:00+00:00,337.658447265625,1.2353429794311523,6.7241106033325195,-2.512653350830078,0.8998762965202332
2019-11-30 23:00:00+00:00,337.821533203125,1.2031211853027344,6.730948448181152,-2.3008546829223633,1.1751108169555664
