timestamp,Mean wave direction,Significant height of combined wind waves and swell,Total precipitation,2 metre temperature,Mean wave period,2 metre dewpoint temperature,10 metre U wind component,10 metre V wind component
2017-06-01 00:00:00+00:00,358.31884765625,0.801584780216217,,285.627685546875,6.182857513427734,282.918701171875,-2.484100341796875,4.737883567810059
2017-06-01 01:00:00+00:00,359.9521484375,0.7937418818473816,,285.633544921875,6.082640647888184,282.927490234375,-2.6317520141601562,4.969485282897949
2017-06-01 02:00:00+00:00,2.402313232421875,0.7875937819480896,,285.650146484375,5.951102256774902,282.96240234375,-2.3122081756591797,5.234663963317871
2017-06-01 03:00:00+00:00,4.678361892700195,0.776936948299408,,285.71875,5.842050552368164,283.02197265625,-2.1099720001220703,5.212004661560059
2017-06-01 04:00:00+00:00,5.46646785736084,0.7575382590293884,,285.7939453125,5.783843994140625,283.090576171875,-2.1753358840942383,5.316241264343262
2017-06-01 05:00:00+00:00,6.735536575317383,0.7421354055404663,,285.9072265625,5.675786018371582,283.177978515625,-2.028862953186035,5.657825469970703
2017-06-01 06:00:00+00:00,9.694820404052734,0.736626386642456,0.00011244005872868001,286.06494140625,5.494363784790039,283.341064453125,-1.8315715789794922,5.814960479736328
2017-06-01 07:00:00+00:00,14.617396354675293,0.7355154156684875,,286.317138671875,5.308223724365234,283.6240234375,-1.7360601425170898,5.997357368469238
2017-06-01 08:00:00+00:00,20.719268798828125,0.7274580597877502,,286.683349609375,5.194795608520508,284.0595703125,-1.5838079452514648,5.784035682678223
2017-06-01 09:00:00+00:00,25.850662231445312,0.7109713554382324,,287.0439453125,5.142180442810059,284.532958984375,-1.5748682022094727,5.472373962402344
2017-06-01 10:00:00+00:00,26.017257690429688,0.684014081954956,,287.3017578125,5.159616470336914,285.0205078125,-1.666982650756836,4.855438232421875
2017-06-01 11:00:00+00:00,27.681243896484375,0.6646205186843872,,287.5751953125,5.144818305969238,285.180908203125,-2.149052619934082,4.607637405395508
2017-06-01 12:00:00+00:00,31.85626220703125,0.6497875452041626,,287.763916015625,5.123247146606445,285.247802734375,-2.372823715209961,4.337806701660156
2017-06-01 13:00:00+00:00,39.7508544921875,0.6396172642707825,,287.908447265625,5.097604751586914,285.131591796875,-2.7484779357910156,4.17855167388916
2017-06-01 14:00:00+00:00,51.5872802734375,0.6370317339897156,,287.841064453125,5.045313835144043,284.98876953125,-3.469341278076172,4.020465850830078
2017-06-01 15:00:00+00:00,65.44497680664062,0.6467289328575134,,287.75537109375,4.944368362426758,284.943603515625,-3.8039684295654297,4.357227325439453
2017-06-01 16:00:00+00:00,77.48176574707031,0.6593765020370483,,287.8134765625,4.854901313781738,284.964111328125,-3.848567008972168,5.004453659057617
2017-06-01 17:00:00+00:00,86.49235534667969,0.667256772518158,,287.932373046875,4.80998420715332,285.062255859375,-3.4933080673217773,5.454977989196777
2017-06-01 18:00:00+00:00,89.9429931640625,0.6613544225692749,0.0,288.016357421875,4.84088134765625,285.185791015625,-2.7396469116210938,5.730069160461426
2017-06-01 19:00:00+00:00,89.31587219238281,0.6458927392959595,,288.033447265625,4.915322303771973,285.312744140625,-2.0751237869262695,5.798478126525879
2017-06-01 20:00:00+00:00,86.02845764160156,0.6287760734558105,,288.12890625,4.997312545776367,285.53466796875,-1.7825937271118164,6.012495994567871
2017-06-01 21:00:00+00:00,81.28857421875,0.6154709458351135,,288.244140625,5.064505577087402,285.75537109375,-1.427999496459961,6.342670440673828
2017-06-01 22:00:00+00:00,82.26519775390625,0.6114049553871155,,288.187255859375,5.071176528930664,285.17236328125,-1.5573463439941406,6.455252647399902
2017-06-01 23:00:00+00:00,82.37562561035156,0.6107959747314453,,288.142578125,5.069954872131348,285.074462890625,-0.9642559289932251,6.526737213134766
2017-06-17 00:00:00+00:00,317.296875,0.461736261844635,,288.71923828125,4.481402397155762,286.678955078125,5.200586318969727,-0.3778374195098877
2017-06-17 01:00:00+00:00,315.72314453125,0.45943760871887207,,288.761474609375,4.318769454956055,286.782958984375,5.632745742797852,-0.19589978456497192
2017-06-17 02:00:00+00:00,313.550537109375,0.4589749574661255,,288.759033203125,4.154416084289551,286.891845703125,6.072980880737305,-0.13848328590393066
2017-06-17 03:00:00+00:00,310.867919921875,0.46174556016921997,,288.658935546875,3.976511001586914,286.98388671875,6.293328285217285,-0.32428067922592163
2017-06-17 04:00:00+00:00,308.607177734375,0.46284300088882446,,288.46337890625,3.8315210342407227,287.016845703125,6.184667587280273,-0.6237326860427856
2017-06-17 05:00:00+00:00,307.564453125,0.4587414860725403,,288.296142578125,3.7380943298339844,287.015380859375,5.938858985900879,-0.673835813999176
2017-06-17 06:00:00+00:00,307.403076171875,0.4487689733505249,0.0,288.18994140625,3.683734893798828,286.9990234375,5.640510559082031,-0.5809677243232727
2017-06-17 07:00:00+00:00,308.0166015625,0.43263792991638184,,288.15771484375,3.662816047668457,286.999755859375,5.410371780395508,-0.34744805097579956
2017-06-17 08:00:00+00:00,309.353515625,0.41137057542800903,,288.214111328125,3.6761789321899414,287.039306640625,5.030948638916016,-0.08424311876296997
2017-06-17 09:00:00+00:00,311.14794921875,0.3875710368156433,,288.319580078125,3.7163801193237305,287.11865234375,4.452796936035156,0.4480636715888977
2017-06-17 10:00:00+00:00,312.806884765625,0.36204105615615845,,289.057861328125,3.7706127166748047,287.56298828125,3.353588104248047,1.0091028213500977
2017-06-17 11:00:00+00:00,314.568603515625,0.34390896558761597,,289.314208984375,3.793628692626953,287.781494140625,2.581216812133789,1.3642864227294922
2017-06-17 12:00:00+00:00,316.212646484375,0.327767550945282,,289.64794921875,3.8140411376953125,287.99609375,2.0927867889404297,1.534449577331543
2017-06-17 13:00:00+00:00,317.79931640625,0.3140048384666443,,290.08544921875,3.830179214477539,288.1279296875,1.1917171478271484,1.7032289505004883
2017-06-17 14:00:00+00:00,319.569580078125,0.30172818899154663,,290.431640625,3.8515148162841797,288.2822265625,-0.03174678236246109,1.9193038940429688
2017-06-17 15:00:00+00:00,321.75927734375,0.3012024164199829,,290.806884765625,3.7553138732910156,288.399169921875,-1.2856264114379883,2.495298385620117
2017-06-17 16:00:00+00:00,323.1181640625,0.30172282457351685,,291.0361328125,3.6913022994995117,288.45849609375,-1.9524803161621094,3.37221622467041
2017-06-17 17:00:00+00:00,322.916015625,0.2993801236152649,,290.980224609375,3.6676454544067383,288.446044921875,-1.9940013885498047,3.7975358963012695
2017-06-17 18:00:00+00:00,321.329345703125,0.29791730642318726,0.0,290.693603515625,3.6511030197143555,288.328369140625,-1.979741096496582,4.075133323669434
2017-06-17 19:00:00+00:00,320.259765625,0.292741060256958,,290.49169921875,3.6698265075683594,288.19384765625,-1.9501218795776367,4.148357391357422
2017-06-17 20:00:00+00:00,315.512451171875,0.28947752714157104,,290.270263671875,3.67746639251709,288.0986328125,-1.976705551147461,4.354349136352539
2017-06-17 21:00:00+00:00,307.944580078125,0.2871748208999634,,290.111572265625,3.6820621490478516,288.105712890625,-1.7431087493896484,4.516118049621582
2017-06-17 22:00:00+00:00,289.879150390625,0.29740452766418457,,289.829345703125,3.608539581298828,287.888427734375,-1.5622987747192383,5.204919815063477
2017-06-17 23:00:00+00:00,290.068603515625,0.29610270261764526,,289.725341796875,3.620549201965332,287.98095703125,-0.9780752062797546,4.743436813354492
2017-06-18 00:00:00+00:00,292.781982421875,0.29039835929870605,,289.55615234375,3.6371631622314453,288.033935546875,-0.4289882779121399,4.211846351623535
2017-06-18 01:00:00+00:00,297.75244140625,0.28156495094299316,,289.367919921875,3.6688642501831055,288.042724609375,0.10401469469070435,3.645796775817871
2017-06-18 02:00:00+00:00,303.82666015625,0.27222180366516113,,289.278076171875,3.7057905197143555,288.087890625,0.3686140775680542,3.170456886291504
2017-06-18 03:00:00+00:00,310.17138671875,0.26385700702667236,,289.19775390625,3.730158805847168,288.1357421875,0.6945703625679016,2.819880485534668
2017-06-18 04:00:00+00:00,316.939453125,0.255557119846344,,289.0537109375,3.755753517150879,288.132080078125,1.0636844635009766,1.940481185913086
2017-06-18 05:00:00+00:00,324.59619140625,0.24759572744369507,,288.783935546875,3.7767534255981445,288.026611328125,1.174311637878418,0.6232866048812866
2017-06-18 06:00:00+00:00,333.000244140625,0.24008214473724365,0.0,288.97314453125,3.7874059677124023,288.227294921875,0.6313260793685913,-0.33274775743484497
2017-06-18 07:00:00+00:00,338.800537109375,0.23353487253189087,,289.417724609375,3.7880897521972656,288.537841796875,-0.2680997848510742,-0.4139646887779236
2017-06-18 08:00:00+00:00,340.99169921875,0.22834831476211548,,289.54443359375,3.7770748138427734,288.546142578125,-0.9996147155761719,0.27966994047164917
2017-06-18 09:00:00+00:00,341.680908203125,0.22419869899749756,,289.4736328125,3.751832962036133,288.439697265625,-1.2406892776489258,1.0948944091796875
2017-06-18 10:00:00+00:00,62.048736572265625,0.20841383934020996,,289.716552734375,3.9020605087280273,288.4267578125,-0.44513875246047974,1.3372974395751953
2017-06-18 11:00:00+00:00,53.56561279296875,0.20780205726623535,,290.237548828125,3.8341169357299805,288.70751953125,-0.44781607389450073,1.1258602142333984
2017-06-18 12:00:00+00:00,55.38969421386719,0.21008455753326416,,290.78173828125,3.7090158462524414,288.969482421875,-0.8364388942718506,0.8380200862884521
2017-06-18 13:00:00+00:00,58.26576232910156,0.21083998680114746,,291.14794921875,3.6467132568359375,289.199462890625,-1.536635398864746,0.6155005693435669
2017-06-18 14:00:00+00:00,60.1248779296875,0.21098625659942627,,291.40087890625,3.598714828491211,289.3759765625,-2.184328079223633,0.7276620268821716
2017-06-18 15:00:00+00:00,64.72885131835938,0.21606969833374023,,291.562255859375,3.4415597915649414,289.452880859375,-2.557035446166992,0.9131793975830078
2017-06-18 16:00:00+00:00,77.28962707519531,0.2243463397026062,,291.738037109375,3.2777414321899414,289.326904296875,-2.8163414001464844,1.3267230987548828
2017-06-18 17:00:00+00:00,89.45135498046875,0.2306765913963318,,291.61865234375,3.1877012252807617,289.0712890625,-2.9716663360595703,2.1653127670288086
2017-06-18 18:00:00+00:00,99.59812927246094,0.23414236307144165,0.0,291.26318359375,3.1339187622070312,288.677490234375,-2.972749710083008,3.048001289367676
2017-06-18 19:00:00+00:00,113.11752319335938,0.23551517724990845,,290.913818359375,3.088709831237793,288.36865234375,-2.709794044494629,3.782475471496582
2017-06-18 20:00:00+00:00,124.70904541015625,0.2346358299255371,,290.6494140625,3.052164077758789,288.265380859375,-2.1514530181884766,4.543081283569336
2017-06-18 21:00:00+00:00,133.04722595214844,0.2312856912612915,,290.66552734375,3.0324087142944336,288.419921875,-1.3617868423461914,5.044816017150879
2017-06-18 22:00:00+00:00,152.40435791015625,0.23984956741333008,,290.814697265625,2.913813591003418,288.132080078125,-1.1043052673339844,5.706795692443848
2017-06-18 23:00:00+00:00,156.156005859375,0.23952823877334595,,290.672607421875,2.889476776123047,288.06005859375,-0.3445611000061035,5.579042434692383
2017-06-19 00:00:00+00:00,158.36805725097656,0.23607319593429565,,290.426025390625,2.8782854080200195,287.891357421875,0.10739254951477051,5.2436113357543945
2017-06-19 01:00:00+00:00,159.38519287109375,0.2302030324935913,,290.138671875,2.8749561309814453,287.7548828125,0.16780787706375122,4.976840019226074
2017-06-19 02:00:00+00:00,160.58287048339844,0.22416770458221436,,289.845947265625,2.870615005493164,287.630126953125,-0.017835024744272232,4.742846488952637
2017-06-19 03:00:00+00:00,160.05783081054688,0.2161540389060974,,289.58154296875,2.878011703491211,287.521484375,-0.29894405603408813,4.563169479370117
2017-06-19 04:00:00+00:00,158.9624481201172,0.20855242013931274,,289.334716796875,2.8794050216674805,287.41357421875,-0.6086962819099426,4.365705490112305
2017-06-19 05:00:00+00:00,157.24191284179688,0.2008022665977478,,289.185791015625,2.891707420349121,287.33203125,-0.9070385694503784,4.266314506530762
2017-06-19 06:00:00+00:00,154.74009704589844,0.19363224506378174,0.0,289.148193359375,2.8982620239257812,287.29833984375,-1.2114734649658203,4.111639976501465
2017-06-19 07:00:00+00:00,151.56761169433594,0.18694770336151123,,289.248046875,2.9094438552856445,287.3388671875,-1.3727960586547852,3.99514102935791
2017-06-19 08:00:00+00:00,147.64378356933594,0.18237435817718506,,289.4541015625,2.893339157104492,287.44775390625,-1.4056758880615234,3.7212743759155273
2017-06-19 09:00:00+00:00,143.59823608398438,0.17809921503067017,,289.72900390625,2.8758039474487305,287.603271484375,-1.4500808715820312,3.4610795974731445
2017-06-19 10:00:00+00:00,137.07260131835938,0.17078840732574463,,290.130615234375,2.733592987060547,287.89697265625,-2.3424911499023438,3.4456701278686523
2017-06-19 11:00:00+00:00,135.29649353027344,0.17092669010162354,,290.393310546875,2.70196533203125,288.107666015625,-2.630298614501953,3.122288703918457
2017-06-19 12:00:00+00:00,133.5562744140625,0.16912084817886353,,290.649658203125,2.7059125900268555,288.30029296875,-2.8428421020507812,2.8366918563842773
2017-06-19 13:00:00+00:00,133.2390594482422,0.16777324676513672,,290.8095703125,2.716032028198242,288.443359375,-3.0033721923828125,2.842789649963379
2017-06-19 14:00:00+00:00,133.48609924316406,0.16989725828170776,,290.94140625,2.706061363220215,288.516845703125,-3.0912961959838867,2.983645439147949
2017-06-19 15:00:00+00:00,135.61239624023438,0.16978096961975098,,291.08154296875,2.7091455459594727,288.521484375,-3.1189403533935547,3.2306461334228516
2017-06-19 16:00:00+00:00,137.31211853027344,0.16795283555984497,,291.076904296875,2.732174873352051,288.444580078125,-2.9716243743896484,3.4268455505371094
2017-06-19 17:00:00+00:00,138.70343017578125,0.16402864456176758,,290.880126953125,2.762986183166504,288.3095703125,-2.501460075378418,3.4544105529785156
2017-06-19 18:00:00+00:00,139.49021911621094,0.1609783172607422,0.0,290.429931640625,2.781680107116699,288.193115234375,-1.9884347915649414,2.8236923217773438
2017-06-19 19:00:00+00:00,136.99851989746094,0.16735589504241943,,290.104248046875,2.8432846069335938,288.117431640625,-2.064652442932129,1.501591682434082
2017-06-19 20:00:00+00:00,130.7506103515625,0.1638055443763733,,289.847900390625,2.923614501953125,287.9326171875,-2.712010383605957,0.6164889335632324
2017-06-19 21:00:00+00:00,124.70098876953125,0.15815192461013794,,289.281982421875,3.0614051818847656,287.73291015625,-3.211345672607422,0.9231248497962952
2017-06-19 22:00:00+00:00,113.60763549804688,0.13998621702194214,,289.7841796875,3.239396095275879,287.6298828125,-3.2565383911132812,1.6468563079833984
2017-06-19 23:00:00+00:00,103.86383056640625,0.14413803815841675,,289.477294921875,3.184051513671875,287.620361328125,-3.1228713989257812,1.4287567138671875
2017-06-20 00:00:00+00:00,89.99440002441406,0.1503896713256836,,289.2646484375,3.137554168701172,287.625732421875,-3.020528793334961,0.8302384614944458
2017-06-20 01:00:00+00:00,74.45011901855469,0.16829025745391846,,289.057861328125,3.055720329284668,287.614990234375,-3.217376708984375,-0.055027298629283905
2017-06-20 02:00:00+00:00,61.67735290527344,0.19196027517318726,,288.74658203125,2.9966182708740234,287.549072265625,-3.7437753677368164,-0.9562221765518188
2017-06-20 03:00:00+00:00,53.3536376953125,0.23197418451309204,,288.520263671875,2.8942670822143555,287.4501953125,-4.417024612426758,-1.6579399108886719
2017-06-20 04:00:00+00:00,51.13623046875,0.28222423791885376,,288.444580078125,2.8029861450195312,287.378173828125,-4.909689903259277,-2.0765037536621094
2017-06-20 05:00:00+00:00,50.2720947265625,0.32749080657958984,,288.332275390625,2.8455114364624023,287.28662109375,-5.266216278076172,-1.8066062927246094
2017-06-20 06:00:00+00:00,49.36376953125,0.3696288466453552,2.3071523173712194e-05,288.2216796875,2.906888961791992,287.201171875,-5.6737565994262695,-1.3360013961791992
2017-06-20 07:00:00+00:00,48.535400390625,0.4081684350967407,,288.144287109375,2.974292755126953,287.1220703125,-5.69842529296875,-1.4164676666259766
2017-06-20 08:00:00+00:00,49.18742370605469,0.4557921290397644,,288.10791015625,3.032700538635254,287.069580078125,-5.735686302185059,-1.7364912033081055
2017-06-20 09:00:00+00:00,50.26277160644531,0.5127439498901367,,288.072509765625,3.101846694946289,287.021484375,-6.01796817779541,-1.6928215026855469
2017-06-20 10:00:00+00:00,52.00352478027344,0.572288453578949,,288.043701171875,3.18703556060791,287.07861328125,-7.133557319641113,-2.0959367752075195
2017-06-20 11:00:00+00:00,54.2672119140625,0.6436214447021484,,288.021484375,3.289435386657715,287.018798828125,-7.643256187438965,-2.1229639053344727
2017-06-20 12:00:00+00:00,56.33720397949219,0.7094246745109558,,288.002685546875,3.4133358001708984,286.9130859375,-7.6203107833862305,-2.0310583114624023
2017-06-20 13:00:00+00:00,58.658233642578125,0.7719120979309082,,287.97607421875,3.5363521575927734,286.787353515625,-7.915458679199219,-1.6565895080566406
2017-06-20 14:00:00+00:00,60.58843994140625,0.816253125667572,,288.0048828125,3.659895896911621,286.66455078125,-7.871091842651367,-1.4477272033691406
2017-06-20 15:00:00+00:00,62.0323486328125,0.8476369976997375,,288.014892578125,3.773209571838379,286.52685546875,-7.8813629150390625,-1.3322782516479492
2017-06-20 16:00:00+00:00,63.68235778808594,0.8767524361610413,,288.021240234375,3.8666648864746094,286.364990234375,-7.911351203918457,-1.3125953674316406
2017-06-20 17:00:00+00:00,65.57334899902344,0.9070389866828918,,288.04052734375,3.9466705322265625,286.163330078125,-7.99751091003418,-1.182790756225586
2017-06-20 18:00:00+00:00,67.26882934570312,0.9306715130805969,0.0,288.024658203125,4.023638725280762,285.93017578125,-7.9464006423950195,-1.005636215209961
2017-06-20 19:00:00+00:00,68.58316040039062,0.9261508584022522,,287.942138671875,4.065451622009277,285.652099609375,-7.945781707763672,-0.7352487444877625
2017-06-20 20:00:00+00:00,70.1414794921875,0.9384613037109375,,287.89794921875,4.113924980163574,285.36669921875,-8.120051383972168,-0.6411359906196594
2017-06-20 21:00:00+00:00,71.82173156738281,0.9612938165664673,,287.83984375,4.153730392456055,285.17041015625,-8.192426681518555,-0.4657277464866638
2017-06-20 22:00:00+00:00,73.63236999511719,0.9865715503692627,,287.585205078125,4.194155693054199,285.13623046875,-7.819374084472656,-0.1255406141281128
2017-06-20 23:00:00+00:00,75.17057800292969,1.0026626586914062,,287.5751953125,4.240899085998535,285.10302734375,-8.424214363098145,0.214372456073761
2017-06-24 00:00:00+00:00,246.5220489501953,0.9875834584236145,,289.920166015625,4.040859222412109,287.227294921875,8.17600154876709,4.573174476623535
2017-06-24 01:00:00+00:00,245.59751892089844,0.9897158145904541,,289.817138671875,4.0454912185668945,287.1884765625,8.157700538635254,4.798349380493164
2017-06-24 02:00:00+00:00,244.89695739746094,1.0058612823486328,,289.731689453125,4.046801567077637,287.14501953125,8.3838472366333,4.56618595123291
2017-06-24 03:00:00+00:00,245.5122833251953,1.0165090560913086,,289.6328125,4.057920455932617,287.129638671875,8.639225006103516,4.0442914962768555
2017-06-24 04:00:00+00:00,247.4475860595703,1.0186271667480469,,289.54931640625,4.067564964294434,287.156494140625,8.709444046020508,3.495576858520508
2017-06-24 05:00:00+00:00,249.78099060058594,0.9960522651672363,,289.500244140625,4.069725036621094,287.24072265625,8.739131927490234,2.431245803833008
2017-06-24 06:00:00+00:00,252.80484008789062,0.9596854448318481,3.7393634556792676e-05,289.356201171875,4.0533857345581055,287.3935546875,8.601272583007812,0.4908865690231323
2017-06-24 07:00:00+00:00,255.9871063232422,0.9033406972885132,,289.022216796875,4.025078773498535,287.374755859375,7.73978328704834,-0.6730608940124512
2017-06-24 08:00:00+00:00,258.787109375,0.835502564907074,,288.8759765625,3.9917192459106445,286.7734375,6.869250297546387,-0.6587942242622375
2017-06-24 09:00:00+00:00,260.976318359375,0.7668671607971191,,288.680908203125,3.963430404663086,285.841552734375,6.257898330688477,-0.03948239982128143
2017-06-24 10:00:00+00:00,262.6005859375,0.6974174380302429,,289.081298828125,3.9604578018188477,286.15673828125,5.809844970703125,0.7777020335197449
2017-06-24 11:00:00+00:00,264.48046875,0.647881805896759,,289.33984375,3.946282386779785,286.121337890625,5.6293487548828125,0.712475597858429
2017-06-24 12:00:00+00:00,266.99365234375,0.6041178107261658,,289.71923828125,3.969219207763672,286.078125,4.657952308654785,0.5468252897262573
2017-06-24 13:00:00+00:00,270.318115234375,0.568612813949585,,290.06591796875,4.014888763427734,286.1015625,3.8252029418945312,0.9463672637939453
2017-06-24 14:00:00+00:00,274.362548828125,0.5405930280685425,,290.305908203125,4.081427574157715,286.259765625,2.9126462936401367,1.4881658554077148
2017-06-24 15:00:00+00:00,278.8291015625,0.5189676284790039,,290.380615234375,4.1599626541137695,286.4072265625,2.1315813064575195,1.3027591705322266
2017-06-24 16:00:00+00:00,283.243896484375,0.5019606351852417,,290.209716796875,4.244215965270996,286.5009765625,1.6794776916503906,0.9053534865379333
2017-06-24 17:00:00+00:00,286.908447265625,0.489870548248291,,289.8828125,4.320630073547363,286.578125,1.3376712799072266,0.598991870880127
2017-06-24 18:00:00+00:00,289.44921875,0.48235994577407837,0.0,289.5615234375,4.3797407150268555,286.631591796875,1.2195167541503906,0.40231454372406006
2017-06-24 19:00:00+00:00,290.8212890625,0.4764631390571594,,289.45751953125,4.423908233642578,286.576171875,1.587942123413086,0.4522897005081177
2017-06-24 20:00:00+00:00,291.049072265625,0.47133374214172363,,289.472412109375,4.447658538818359,286.47607421875,2.357198715209961,0.5381048917770386
2017-06-24 21:00:00+00:00,289.771728515625,0.4724356532096863,,289.49755859375,4.404874801635742,286.382568359375,3.4138574600219727,0.8143458366394043
2017-06-24 22:00:00+00:00,283.144775390625,0.49836641550064087,,289.70947265625,4.2045488357543945,286.56591796875,6.063817977905273,1.225010871887207
2017-06-24 23:00:00+00:00,276.99853515625,0.5466238260269165,,289.576416015625,3.9757471084594727,286.546875,7.108292579650879,0.47904324531555176
2017-06-25 00:00:00+00:00,275.1474609375,0.5931243300437927,,289.2626953125,3.8355798721313477,286.5,7.16011905670166,-0.1933882236480713
2017-06-25 01:00:00+00:00,276.620849609375,0.6249591112136841,,288.9736328125,3.774993896484375,286.44482421875,7.001707077026367,-0.42815566062927246
2017-06-25 02:00:00+00:00,279.233642578125,0.6453707218170166,,288.707763671875,3.7608375549316406,286.388916015625,6.779018402099609,-0.29687070846557617
2017-06-25 03:00:00+00:00,281.867431640625,0.6460827589035034,,288.49755859375,3.803802490234375,286.2802734375,6.397031784057617,-0.07102560997009277
2017-06-25 04:00:00+00:00,283.5947265625,0.6384252309799194,,288.390869140625,3.864805221557617,286.1728515625,6.290911674499512,0.3781721591949463
2017-06-25 05:00:00+00:00,284.50830078125,0.6398552060127258,,288.330810546875,3.90169620513916,285.919189453125,6.655411720275879,0.19336998462677002
2017-06-25 06:00:00+00:00,285.467529296875,0.6504690647125244,1.9271712517365813e-05,288.26904296875,3.932497978210449,285.19921875,6.841889381408691,-0.2605034112930298
2017-06-25 07:00:00+00:00,287.169677734375,0.6645683646202087,,288.12646484375,3.978099822998047,284.2509765625,6.740979194641113,-0.5539231896400452
2017-06-25 08:00:00+00:00,289.26708984375,0.6770379543304443,,288.03662109375,4.0460004806518555,283.669677734375,6.478333473205566,-0.2569845914840698
2017-06-25 09:00:00+00:00,291.0625,0.6859365701675415,,288.141845703125,4.134158134460449,283.37744140625,6.374258041381836,0.19439929723739624
2017-06-25 10:00:00+00:00,291.505615234375,0.7129774689674377,,288.54833984375,4.171906471252441,284.780517578125,6.509026527404785,0.36493682861328125
2017-06-25 11:00:00+00:00,293.171142578125,0.7213150262832642,,288.791259765625,4.282254219055176,284.913330078125,5.540570259094238,0.7345110177993774
2017-06-25 12:00:00+00:00,295.9765625,0.7075030207633972,,289.11328125,4.459362030029297,285.083984375,4.446020126342773,0.7144556045532227
2017-06-25 13:00:00+00:00,299.25927734375,0.6861071586608887,,289.330322265625,4.661501884460449,285.272216796875,3.210251808166504,0.7275851964950562
2017-06-25 14:00:00+00:00,302.54345703125,0.6655441522598267,,289.4091796875,4.849145889282227,285.470703125,2.2936296463012695,0.7662681341171265
2017-06-25 15:00:00+00:00,305.468017578125,0.650693953037262,,289.2890625,4.980531692504883,285.672119140625,1.605581283569336,0.7156153917312622
2017-06-25 16:00:00+00:00,308.012451171875,0.6357483267784119,,289.133056640625,5.110947608947754,285.73828125,1.1489295959472656,0.9115898013114929
2017-06-25 17:00:00+00:00,310.12939453125,0.624815821647644,,288.92919921875,5.208413124084473,285.66552734375,1.4443788528442383,0.6013805270195007
2017-06-25 18:00:00+00:00,311.535400390625,0.6209728717803955,0.0001228662731591612,288.795654296875,5.261653900146484,285.47998046875,2.684856414794922,-0.5514024496078491
2017-06-25 19:00:00+00:00,311.709228515625,0.636968195438385,,288.72314453125,5.160541534423828,285.17529296875,4.6687469482421875,-2.4127893447875977
2017-06-25 20:00:00+00:00,309.213134765625,0.7092949151992798,,288.656005859375,4.773294448852539,284.369384765625,6.770556449890137,-3.8034677505493164
2017-06-25 21:00:00+00:00,306.50537109375,0.8325133323669434,,288.492431640625,4.415910720825195,282.974853515625,7.970586776733398,-4.154176712036133
2017-06-25 22:00:00+00:00,305.706787109375,0.8989315032958984,,288.24169921875,4.348878860473633,282.689208984375,7.784246444702148,-3.1770057678222656
2017-06-25 23:00:00+00:00,305.0703125,0.9587123990058899,,287.9248046875,4.351784706115723,282.75927734375,8.33390998840332,-2.964444160461426
2017-06-26 00:00:00+00:00,305.187255859375,0.9993116855621338,,287.603759765625,4.39617919921875,282.6259765625,8.174604415893555,-3.122180938720703
2017-06-26 01:00:00+00:00,306.35302734375,1.0183401107788086,,287.262939453125,4.456120491027832,282.510498046875,7.628491401672363,-3.7692174911499023
2017-06-26 02:00:00+00:00,308.375,1.0165014266967773,,286.96044921875,4.5189409255981445,282.40478515625,7.031434059143066,-4.450322151184082
2017-06-26 03:00:00+00:00,310.7900390625,1.007650375366211,,286.689453125,4.572331428527832,282.257080078125,6.306966781616211,-4.717764854431152
2017-06-26 04:00:00+00:00,313.753173828125,0.9800532460212708,,286.444091796875,4.647965431213379,282.119140625,5.549223899841309,-4.7309722900390625
2017-06-26 05:00:00+00:00,316.783447265625,0.9471561908721924,,286.251953125,4.724531173706055,282.0498046875,4.883797645568848,-4.768157005310059
2017-06-26 06:00:00+00:00,319.874755859375,0.9159591794013977,0.0,286.135498046875,4.801856994628906,282.053466796875,4.066791534423828,-4.557347297668457
2017-06-26 07:00:00+00:00,322.95263671875,0.8776958584785461,,286.097900390625,4.924221992492676,282.111328125,3.534879684448242,-3.8530778884887695
2017-06-26 08:00:00+00:00,325.84765625,0.8388367295265198,,286.08251953125,5.083065032958984,282.189453125,3.213003158569336,-2.7584667205810547
2017-06-26 09:00:00+00:00,328.635498046875,0.8055823445320129,,286.123291015625,5.249385833740234,282.2509765625,3.1299381256103516,-2.0268030166625977
2017-06-26 10:00:00+00:00,331.353515625,0.7774127721786499,,286.391357421875,5.41887092590332,282.503173828125,1.9346837997436523,-1.6610088348388672
2017-06-26 11:00:00+00:00,333.8447265625,0.7583633661270142,,286.5263671875,5.554818153381348,282.421630859375,1.7003765106201172,-1.9255876541137695
2017-06-26 12:00:00+00:00,336.224609375,0.7449854612350464,,286.59521484375,5.671993255615234,282.32861328125,1.2884864807128906,-2.2785825729370117
2017-06-26 13:00:00+00:00,338.6044921875,0.7362282872200012,,286.677490234375,5.77036190032959,282.288330078125,0.23172688484191895,-2.230775833129883
2017-06-26 14:00:00+00:00,340.791259765625,0.7294353246688843,,286.8408203125,5.865185737609863,282.285888671875,-0.9378336668014526,-2.0206546783447266
2017-06-26 15:00:00+00:00,343.23583984375,0.7280368804931641,,286.9619140625,5.920713424682617,282.45068359375,-2.020719528198242,-2.13076114654541
2017-06-26 16:00:00+00:00,345.869384765625,0.7298590540885925,,287.0263671875,5.9527082443237305,282.677734375,-3.053757667541504,-1.8969049453735352
2017-06-26 17:00:00+00:00,348.09423828125,0.730991005897522,,287.041748046875,5.9987077713012695,282.93603515625,-3.691984176635742,-1.5744352340698242
2017-06-26 18:00:00+00:00,350.141845703125,0.7325266599655151,0.0,287.0166015625,6.047371864318848,283.1201171875,-3.9586143493652344,-1.290353775024414
2017-06-26 19:00:00+00:00,351.896240234375,0.818775475025177,,287.01708984375,6.433773994445801,283.365234375,-4.135298728942871,-0.6570833921432495
2017-06-26 20:00:00+00:00,353.304443359375,0.8211548924446106,,287.018310546875,6.525435447692871,283.6181640625,-4.294118881225586,0.2743381857872009
2017-06-26 21:00:00+00:00,354.7666015625,0.8232763409614563,,287.016357421875,6.579585075378418,283.8369140625,-4.211553573608398,1.0024490356445312
2017-06-26 22:00:00+00:00,355.89404296875,0.818997323513031,,286.8349609375,6.681576728820801,283.5615234375,-3.811492919921875,1.4538660049438477
2017-06-26 23:00:00+00:00,356.8720703125,0.8188137412071228,,286.866455078125,6.7468719482421875,283.6748046875,-4.140317916870117,1.5672264099121094
2017-06-27 00:00:00+00:00,358.077392578125,0.8218339681625366,,286.88427734375,6.7834882736206055,283.769287109375,-4.151649475097656,1.666764259338379
2017-06-27 01:00:00+00:00,0.18684571981430054,0.8330131769180298,,286.935546875,6.745211601257324,283.85595703125,-4.586395263671875,0.9174039959907532
2017-06-27 02:00:00+00:00,4.0208024978637695,0.856055736541748,,286.9541015625,6.60520076751709,283.912841796875,-5.71112060546875,0.40474385023117065
2017-06-27 03:00:00+00:00,9.977564811706543,0.8922574520111084,,287.03173828125,6.384858131408691,283.92626953125,-6.608003616333008,0.633836030960083
2017-06-27 04:00:00+00:00,17.852294921875,0.9408053755760193,,287.12841796875,6.131316184997559,283.889892578125,-6.879824638366699,1.642171859741211
2017-06-27 05:00:00+00:00,27.302566528320312,0.9949634671211243,,287.28271484375,5.897970199584961,283.803466796875,-6.924919128417969,2.6489315032958984
2017-06-27 06:00:00+00:00,35.582183837890625,1.039773941040039,8.71428637765348e-05,287.485107421875,5.756497383117676,283.688232421875,-6.793745994567871,2.893376350402832
2017-06-27 07:00:00+00:00,41.53907775878906,1.0685358047485352,,287.740234375,5.70842170715332,283.5771484375,-6.743422508239746,2.7187576293945312
2017-06-27 08:00:00+00:00,45.29505920410156,1.085118293762207,,287.9248046875,5.713222503662109,283.78564453125,-6.720311164855957,1.9575510025024414
2017-06-27 09:00:00+00:00,48.635162353515625,1.102797508239746,,287.8291015625,5.706812858581543,284.3427734375,-7.21973991394043,1.028944969177246
2017-06-27 10:00:00+00:00,51.527130126953125,1.1346139907836914,,287.811279296875,5.62453556060791,284.523681640625,-8.20722484588623,0.46910762786865234
2017-06-27 11:00:00+00:00,58.397674560546875,1.2104663848876953,,287.824462890625,5.42082405090332,284.7578125,-8.886438369750977,0.46123480796813965
2017-06-27 12:00:00+00:00,63.089813232421875,1.2731943130493164,,287.916748046875,5.314278602600098,284.774169921875,-8.490394592285156,0.6356489062309265
2017-06-27 13:00:00+00:00,66.40957641601562,1.317662239074707,,287.9560546875,5.276802062988281,284.744873046875,-8.844515800476074,0.600963830947876
2017-06-27 14:00:00+00:00,68.89334106445312,1.3538074493408203,,287.9169921875,5.2598371505737305,284.798583984375,-8.782934188842773,0.007871832698583603
2017-06-27 15:00:00+00:00,70.62506103515625,1.3792915344238281,,287.826416015625,5.255000114440918,284.873779296875,-8.866803169250488,0.7283459305763245
2017-06-27 16:00:00+00:00,70.26762390136719,1.3660478591918945,,287.8623046875,5.295185089111328,284.9521484375,-8.577652931213379,0.5423492193222046
2017-06-27 17:00:00+00:00,67.82125854492188,1.3233222961425781,,287.871826171875,5.363807678222656,285.072509765625,-8.336515426635742,0.05803210660815239
2017-06-27 18:00:00+00:00,64.62649536132812,1.2814531326293945,0.0010776554699987173,287.8125,5.413700103759766,285.269775390625,-7.828398704528809,-0.9112248420715332
2017-06-27 19:00:00+00:00,61.72508239746094,1.2552366256713867,,287.7548828125,5.425352096557617,285.421875,-7.224315643310547,-2.025636672973633
2017-06-27 20:00:00+00:00,59.8857421875,1.2557363510131836,,287.6591796875,5.385659217834473,285.593505859375,-7.548492431640625,-3.166057586669922
2017-06-27 21:00:00+00:00,59.53584289550781,1.2824382781982422,,287.691650390625,5.313017845153809,285.6328125,-7.496541976928711,-3.016108512878418
2017-06-27 22:00:00+00:00,58.57635498046875,1.2716846466064453,,287.943359375,5.344517707824707,286.11376953125,-6.254205703735352,-3.479203224182129
2017-06-27 23:00:00+00:00,57.55548095703125,1.2814292907714844,,287.88623046875,5.3356523513793945,286.19384765625,-6.691143035888672,-4.595223426818848
2017-06-28 00:00:00+00:00,56.42364501953125,1.3059110641479492,,287.843505859375,5.308320045471191,286.158447265625,-7.130405426025391,-4.478972434997559
2017-06-28 01:00:00+00:00,55.16969299316406,1.3416242599487305,,287.806396484375,5.275686264038086,286.11083984375,-7.4049272537231445,-4.497016906738281
2017-06-28 02:00:00+00:00,53.4427490234375,1.3976631164550781,,287.7919921875,5.235581398010254,286.081787109375,-7.093209266662598,-5.809883117675781
2017-06-28 03:00:00+00:00,51.30670166015625,1.4581499099731445,,287.686767578125,5.223113059997559,285.95361328125,-7.0854082107543945,-6.908705711364746
2017-06-28 04:00:00+00:00,49.36943054199219,1.540639877319336,,287.615478515625,5.2168474197387695,285.851318359375,-6.971551895141602,-7.463102340698242
2017-06-28 05:00:00+00:00,47.448272705078125,1.6297674179077148,,287.549072265625,5.236513137817383,285.749267578125,-6.3513946533203125,-7.611573219299316
2017-06-28 06:00:00+00:00,44.83531188964844,1.7159662246704102,0.0033247526735067368,287.49853515625,5.286354064941406,285.70263671875,-5.959726333618164,-8.541524887084961
2017-06-28 07:00:00+00:00,42.16737365722656,1.8055410385131836,,287.455810546875,5.353346824645996,285.791748046875,-5.7078752517700195,-9.528865814208984
2017-06-28 08:00:00+00:00,40.181060791015625,1.8983802795410156,,287.497802734375,5.447725296020508,285.9091796875,-5.488713264465332,-10.360773086547852
2017-06-28 09:00:00+00:00,39.56462097167969,2.0123472213745117,,287.509521484375,5.590910911560059,285.974609375,-4.98222541809082,-11.24522876739502
2017-06-28 10:00:00+00:00,36.83253479003906,2.1082468032836914,,287.218994140625,5.738176345825195,286.0390625,-4.69976806640625,-12.419703483581543
2017-06-28 11:00:00+00:00,33.515869140625,2.2317047119140625,,287.17626953125,5.896620750427246,286.103759765625,-4.758171081542969,-12.212974548339844
2017-06-28 12:00:00+00:00,30.232330322265625,2.2935123443603516,,287.59130859375,6.0301971435546875,286.353515625,-4.377978324890137,-11.321004867553711
2017-06-28 13:00:00+00:00,27.617996215820312,2.339488983154297,,287.695556640625,6.151041030883789,286.643798828125,-3.598348617553711,-9.719738006591797
2017-06-28 14:00:00+00:00,25.755996704101562,2.3321399688720703,,287.86474609375,6.26058292388916,286.923828125,-2.529438018798828,-8.391127586364746
2017-06-28 15:00:00+00:00,24.391326904296875,2.2914676666259766,,287.888427734375,6.354339599609375,287.088134765625,-0.9149236083030701,-7.640698432922363
2017-06-28 16:00:00+00:00,23.286270141601562,2.2115602493286133,,287.925048828125,6.442202568054199,287.185302734375,-0.44777506589889526,-7.47248649597168
2017-06-28 17:00:00+00:00,22.135986328125,2.111699104309082,,287.90869140625,6.510093688964844,287.208984375,-0.5523492097854614,-6.589269638061523
2017-06-28 18:00:00+00:00,20.96563720703125,2.008420944213867,0.00014490753528662026,287.8984375,6.551759719848633,287.230224609375,0.2756832242012024,-4.730476379394531
2017-06-28 19:00:00+00:00,19.856124877929688,1.908768653869629,,287.89990234375,6.564120292663574,287.197021484375,1.8475122451782227,-3.5526037216186523
2017-06-28 20:00:00+00:00,18.8421630859375,1.8327550888061523,,287.933349609375,6.571496963500977,287.10205078125,3.1278810501098633,-2.9605484008789062
2017-06-28 21:00:00+00:00,18.050079345703125,1.7501192092895508,,287.900390625,6.545412063598633,286.939208984375,3.976284980773926,-2.124614715576172
2017-06-28 22:00:00+00:00,15.194450378417969,1.7045421600341797,,287.835693359375,6.388601303100586,287.385009765625,4.35407829284668,-2.0598526000976562
2017-06-28 23:00:00+00:00,11.623624801635742,1.6625938415527344,,287.87744140625,6.2786865234375,287.347412109375,3.9088706970214844,-0.9274116158485413
2017-06-29 00:00:00+00:00,6.321176528930664,1.6280202865600586,,287.889892578125,6.20705509185791,287.328369140625,4.262391090393066,1.6919803619384766
2017-06-29 01:00:00+00:00,357.471435546875,1.6018409729003906,,287.850341796875,6.141828536987305,287.249267578125,5.466300010681152,4.142473220825195
2017-06-29 02:00:00+00:00,350.09912109375,1.569845199584961,,287.758056640625,6.089871406555176,287.130126953125,7.150356292724609,5.259851455688477
2017-06-29 03:00:00+00:00,344.73486328125,1.5324697494506836,,287.7060546875,6.042596817016602,287.059814453125,7.708057403564453,5.470208168029785
2017-06-29 04:00:00+00:00,339.92333984375,1.4984054565429688,,287.671630859375,5.972870826721191,286.99560546875,7.5401105880737305,5.514041900634766
2017-06-29 05:00:00+00:00,337.22607421875,1.4569473266601562,,287.647705078125,5.90384578704834,286.888671875,6.497745513916016,6.297745704650879
2017-06-29 06:00:00+00:00,335.657470703125,1.4107732772827148,7.818679478077684e-06,287.641357421875,5.844522476196289,286.720947265625,5.413614273071289,7.785967826843262
2017-06-29 07:00:00+00:00,334.063720703125,1.3708934783935547,,287.66015625,5.776310920715332,286.56494140625,5.822273254394531,7.656747817993164
2017-06-29 08:00:00+00:00,330.486328125,1.344557762145996,,287.71337890625,5.682796478271484,286.43212890625,5.712114334106445,7.742161750793457
2017-06-29 09:00:00+00:00,325.8095703125,1.3247718811035156,,287.82275390625,5.5900163650512695,286.307373046875,4.723360061645508,7.257781982421875
2017-06-29 10:00:00+00:00,316.304443359375,1.3181562423706055,,287.792724609375,5.496258735656738,285.386962890625,5.742016792297363,6.939018249511719
2017-06-29 11:00:00+00:00,314.253662109375,1.2846450805664062,,288.083740234375,5.486087799072266,285.476318359375,5.496975898742676,6.544151306152344
2017-06-29 12:00:00+00:00,322.298583984375,1.2325553894042969,,288.23095703125,5.536525726318359,285.57177734375,5.553442001342773,5.840007781982422
2017-06-29 13:00:00+00:00,335.096923828125,1.1816825866699219,,288.2431640625,5.610790252685547,285.657470703125,5.402035713195801,5.072992324829102
2017-06-29 14:00:00+00:00,345.8037109375,1.1382389068603516,,288.327880859375,5.6868133544921875,285.724609375,5.152037620544434,4.422771453857422
2017-06-29 15:00:00+00:00,352.7568359375,1.1016006469726562,,288.47607421875,5.76304817199707,285.777099609375,4.58001708984375,4.160076141357422
2017-06-29 16:00:00+00:00,357.813720703125,1.068817138671875,,288.56103515625,5.847966194152832,285.91650390625,3.9383811950683594,3.9981212615966797
2017-06-29 17:00:00+00:00,1.7891902923583984,1.0397672653198242,,288.5654296875,5.937558174133301,286.023193359375,3.8086585998535156,3.856633186340332
2017-06-29 18:00:00+00:00,4.788107872009277,1.0149192810058594,0.0,288.51513671875,6.022339820861816,286.063232421875,3.635091781616211,3.788008689880371
2017-06-29 19:00:00+00:00,6.823163032531738,1.1422748565673828,,288.437744140625,6.516563415527344,286.07177734375,3.6902170181274414,3.178234100341797
2017-06-29 20:00:00+00:00,9.164375305175781,1.1099061965942383,,288.33349609375,6.57768440246582,286.084228515625,3.5762109756469727,2.709488868713379
2017-06-29 21:00:00+00:00,11.264394760131836,1.0797338485717773,,288.2099609375,6.644111633300781,286.107421875,2.8733291625976562,2.520559310913086
2017-06-29 22:00:00+00:00,13.038287162780762,1.0513296127319336,,288.244873046875,6.715824127197266,285.578857421875,2.728574752807617,3.097085952758789
2017-06-29 23:00:00+00:00,14.73906421661377,1.0274009704589844,,288.146240234375,6.767263412475586,285.608154296875,1.8835124969482422,3.3574142456054688
2017-06-30 00:00:00+00:00,16.210296630859375,1.005326271057129,,288.033935546875,6.818872451782227,285.626708984375,1.1099939346313477,3.2567100524902344
2017-06-30 01:00:00+00:00,17.459747314453125,0.9856534004211426,,287.928955078125,6.857354164123535,285.6591796875,0.37535756826400757,3.7825746536254883
2017-06-30 02:00:00+00:00,18.533111572265625,0.9686365723609924,,287.79443359375,6.880960464477539,285.619384765625,1.043532371520996,3.898275375366211
2017-06-30 03:00:00+00:00,19.34564208984375,0.9530469179153442,,287.68994140625,6.8901567459106445,285.566650390625,1.7060613632202148,3.455946922302246
2017-06-30 04:00:00+00:00,19.994308471679688,0.9374618530273438,,287.59716796875,6.89902400970459,285.501220703125,1.4675121307373047,3.0029821395874023
2017-06-30 05:00:00+00:00,20.4970703125,0.9222438335418701,,287.521240234375,6.898845672607422,285.53369140625,1.7919349670410156,2.7602710723876953
2017-06-30 06:00:00+00:00,20.787307739257812,0.9078227877616882,0.0,287.510986328125,6.881137847900391,285.52978515625,2.3460521697998047,2.7228870391845703
2017-06-30 07:00:00+00:00,20.940505981445312,0.8932479023933411,,287.584716796875,6.856911659240723,285.52783203125,2.427347183227539,2.1150827407836914
2017-06-30 08:00:00+00:00,21.008377075195312,0.8784180879592896,,287.7236328125,6.831470489501953,285.57275390625,2.23441219329834,1.190643310546875
2017-06-30 09:00:00+00:00,21.020889282226562,0.863101601600647,,287.966064453125,6.806405067443848,285.6162109375,2.5817174911499023,1.0891752243041992
2017-06-30 10:00:00+00:00,20.425674438476562,0.8491154313087463,,288.231201171875,6.761636734008789,286.462890625,2.980593681335449,-0.2262641191482544
2017-06-30 11:00:00+00:00,20.317230224609375,0.8349244594573975,,288.36376953125,6.7243194580078125,286.636962890625,2.367443084716797,-0.4194090962409973
2017-06-30 12:00:00+00:00,20.18463134765625,0.8209868669509888,,288.5,6.691537857055664,286.7705078125,2.1387786865234375,-0.9014774560928345
2017-06-30 13:00:00+00:00,19.938735961914062,0.8085820078849792,,288.612548828125,6.646728515625,286.887451171875,2.4138526916503906,-1.0926828384399414
2017-06-30 14:00:00+00:00,19.505859375,0.7972500324249268,,288.58251953125,6.5957489013671875,286.937255859375,2.484341621398926,-2.030529022216797
2017-06-30 15:00:00+00:00,18.829208374023438,0.7894172668457031,,288.382568359375,6.513368606567383,286.994873046875,1.931924819946289,-2.856207847595215
2017-06-30 16:00:00+00:00,17.408843994140625,0.7912995219230652,,288.014892578125,6.346736907958984,286.95166015625,1.802520751953125,-3.95566463470459
2017-06-30 17:00:00+00:00,15.020968437194824,0.8032779097557068,,287.68994140625,6.100094795227051,286.8505859375,2.433595657348633,-5.160983085632324
2017-06-30 18:00:00+00:00,11.282179832458496,0.836268961429596,0.0001703926536720246,287.498291015625,5.727350234985352,286.71728515625,2.6586008071899414,-5.767775535583496
2017-06-30 19:00:00+00:00,7.193373680114746,0.8857353925704956,,287.459716796875,5.3482465744018555,286.551025390625,2.795689582824707,-6.360623359680176
2017-06-30 20:00:00+00:00,3.3145437240600586,0.9514711499214172,,287.48291015625,5.017644882202148,286.360595703125,3.0482378005981445,-6.743189811706543
2017-06-30 21:00:00+00:00,0.44213253259658813,1.0286493301391602,,287.5078125,4.790952682495117,286.10888671875,3.3326969146728516,-7.273859024047852
2017-06-30 22:00:00+00:00,358.943115234375,1.087244987487793,,287.434814453125,4.712677001953125,285.741455078125,2.7421398162841797,-8.807112693786621
2017-06-30 23:00:00+00:00,358.224853515625,1.1632328033447266,,287.53125,4.672682762145996,285.45458984375,1.6999597549438477,-8.972847938537598
