timestamp,Mean wave period,100 metre V wind component,100 metre U wind component,Significant height of combined wind waves and swell,Mean wave direction
2017-04-01 00:00:00+00:00,4.020013809204102,8.962411880493164,4.042934417724609,0.6730919480323792,196.63821411132812
2017-04-01 01:00:00+00:00,4.033225059509277,8.815727233886719,2.6602354049682617,0.6589382290840149,193.38088989257812
2017-04-01 02:00:00+00:00,4.039630889892578,8.865169525146484,1.0918521881103516,0.6429943442344666,189.6752166748047
2017-04-01 03:00:00+00:00,4.046483993530273,9.415895462036133,-0.13634216785430908,0.6247375011444092,185.56446838378906
2017-04-01 04:00:00+00:00,4.029023170471191,9.570898056030273,-1.2205066680908203,0.6118819713592529,180.8139190673828
2017-04-01 05:00:00+00:00,3.974806785583496,9.990778923034668,-1.768808364868164,0.6126229763031006,176.7611083984375
2017-04-01 06:00:00+00:00,3.9456357955932617,10.016481399536133,-0.9374552369117737,0.6112396717071533,174.3989715576172
2017-04-01 07:00:00+00:00,3.9166154861450195,9.452998161315918,0.14843446016311646,0.6083423495292664,173.2936553955078
2017-04-01 08:00:00+00:00,3.8223180770874023,9.759775161743164,1.3689441680908203,0.6329914331436157,175.31808471679688
2017-04-01 09:00:00+00:00,3.7398204803466797,9.902637481689453,3.2675933837890625,0.6853086948394775,179.90188598632812
2017-04-01 10:00:00+00:00,3.7926387786865234,8.595705032348633,3.02756404876709,0.6753512024879456,181.24124145507812
2017-04-01 11:00:00+00:00,3.8259239196777344,8.294062614440918,3.619601249694824,0.663476288318634,182.3693389892578
2017-04-01 12:00:00+00:00,3.8666200637817383,7.365718841552734,4.007646560668945,0.6409063935279846,182.82513427734375
2017-04-01 13:00:00+00:00,3.9097766876220703,6.371516227722168,4.079951286315918,0.6143794059753418,183.01356506347656
2017-04-01 14:00:00+00:00,3.958550453186035,5.640050888061523,4.206003189086914,0.588118851184845,182.9088897705078
2017-04-01 15:00:00+00:00,4.014904975891113,5.168035507202148,4.656481742858887,0.5604552626609802,182.52154541015625
2017-04-01 16:00:00+00:00,3.8047142028808594,4.755462646484375,5.717443466186523,0.4689179062843323,181.93727111816406
2017-04-01 17:00:00+00:00,3.8100290298461914,3.772064208984375,6.803279876708984,0.4532957077026367,182.7938690185547
2017-04-01 18:00:00+00:00,3.8455286026000977,2.674553871154785,7.54302978515625,0.4375149607658386,183.14454650878906
2017-04-01 19:00:00+00:00,3.853020668029785,1.8330345153808594,7.861871719360352,0.4287189245223999,186.19630432128906
2017-04-01 20:00:00+00:00,3.8117246627807617,1.236281394958496,8.015032768249512,0.4292678236961365,194.78378295898438
2017-04-01 21:00:00+00:00,3.774538040161133,0.3673861026763916,8.132511138916016,0.4309270977973938,205.918701171875
2017-04-01 22:00:00+00:00,3.809469223022461,0.10161685943603516,8.210272789001465,0.4207349419593811,215.20034790039062
2017-04-01 23:00:00+00:00,3.77899169921875,-1.0371170043945312,8.232641220092773,0.4202854037284851,225.97389221191406
2017-04-02 00:00:00+00:00,3.7307052612304688,-2.258681297302246,7.970802307128906,0.4215734601020813,236.0820770263672
2017-04-02 01:00:00+00:00,3.6898059844970703,-3.158036231994629,7.039026260375977,0.4206552505493164,247.1577911376953
2017-04-02 02:00:00+00:00,3.694554328918457,-3.5470447540283203,6.428762435913086,0.4107980728149414,255.76876831054688
2017-04-02 03:00:00+00:00,3.6923227310180664,-3.786870002746582,5.622629165649414,0.3997161388397217,263.816162109375
2017-04-02 04:00:00+00:00,3.679255485534668,-3.9259815216064453,5.026978492736816,0.38926708698272705,270.91943359375
2017-04-02 05:00:00+00:00,3.6520023345947266,-3.8153762817382812,4.695754051208496,0.3816373348236084,277.946044921875
2017-04-02 06:00:00+00:00,3.6057920455932617,-3.9260730743408203,4.31938362121582,0.37862324714660645,285.514892578125
2017-04-02 07:00:00+00:00,3.565248489379883,-4.137134552001953,3.941411018371582,0.3762289881706238,292.775146484375
2017-04-02 08:00:00+00:00,3.5366106033325195,-4.642673492431641,4.044742584228516,0.37319785356521606,299.21630859375
2017-04-02 09:00:00+00:00,3.5143680572509766,-4.97492790222168,3.9529991149902344,0.3700791001319885,305.074951171875
2017-04-02 10:00:00+00:00,3.5288162231445312,-4.465032577514648,2.6810970306396484,0.35891252756118774,311.004638671875
2017-04-02 11:00:00+00:00,3.5426387786865234,-4.383349418640137,2.3495216369628906,0.35448628664016724,315.195556640625
2017-04-02 12:00:00+00:00,3.538619041442871,-4.5550737380981445,1.9968490600585938,0.3537340760231018,319.892578125
2017-04-02 13:00:00+00:00,3.5485172271728516,-4.4365739822387695,0.9818580746650696,0.3528478741645813,324.334716796875
2017-04-02 14:00:00+00:00,3.5920228958129883,-3.933274269104004,-0.15158838033676147,0.3497828245162964,328.072998046875
2017-04-02 15:00:00+00:00,3.6603736877441406,-3.415745735168457,-0.9750285744667053,0.34552425146102905,330.64013671875
2017-04-02 16:00:00+00:00,3.730715751647949,-3.269015312194824,-1.5788183212280273,0.34300023317337036,333.0615234375
2017-04-02 17:00:00+00:00,3.7899723052978516,-2.98892879486084,-2.432525634765625,0.34365159273147583,335.83251953125
2017-04-02 18:00:00+00:00,3.832876205444336,-2.172496795654297,-3.0548200607299805,0.3475279211997986,338.948974609375
2017-04-02 19:00:00+00:00,3.846536636352539,-0.931929349899292,-3.751619338989258,0.35515260696411133,342.50390625
2017-04-02 20:00:00+00:00,3.8522281646728516,0.5208953022956848,-4.055817604064941,0.36537349224090576,346.530517578125
2017-04-02 21:00:00+00:00,3.832077980041504,1.5120267868041992,-4.0571746826171875,0.38033199310302734,351.349365234375
2017-04-02 22:00:00+00:00,3.944605827331543,2.3238887786865234,-2.5135555267333984,0.3776858448982239,352.6201171875
2017-04-02 23:00:00+00:00,3.984386444091797,3.057248115539551,-2.4686126708984375,0.3846646547317505,353.183349609375
2017-04-03 00:00:00+00:00,3.9647226333618164,3.974252700805664,-2.1227340698242188,0.3990141749382019,354.400634765625
2017-04-03 01:00:00+00:00,3.8811492919921875,4.983280181884766,-1.5641584396362305,0.4229130148887634,359.734375
2017-04-03 02:00:00+00:00,3.8416643142700195,5.523211479187012,-0.7942028045654297,0.44143640995025635,354.3994140625
2017-04-03 03:00:00+00:00,3.8027238845825195,5.711954116821289,-0.1842799186706543,0.46214139461517334,330.9814453125
2017-04-03 04:00:00+00:00,3.8043336868286133,5.692577362060547,-0.028007466346025467,0.47702711820602417,291.919189453125
2017-04-03 05:00:00+00:00,3.845585823059082,5.565181732177734,0.007431022822856903,0.4819256067276001,286.277099609375
2017-04-03 06:00:00+00:00,3.9039487838745117,5.714079856872559,0.24591189622879028,0.4763076901435852,285.433349609375
2017-04-03 07:00:00+00:00,3.928929328918457,6.021334648132324,0.28137028217315674,0.4716869592666626,284.249755859375
2017-04-03 08:00:00+00:00,3.9105653762817383,6.515615463256836,-0.29813671112060547,0.4745742678642273,281.3388671875
2017-04-03 09:00:00+00:00,3.8714895248413086,7.204580307006836,-1.0290184020996094,0.4872934818267822,276.474609375
2017-04-03 10:00:00+00:00,3.7950572967529297,7.107417106628418,-0.8093062043190002,0.5091555118560791,195.3079833984375
2017-04-03 11:00:00+00:00,3.7156982421875,7.668239593505859,-1.4185943603515625,0.5412196516990662,171.7927703857422
2017-04-03 12:00:00+00:00,3.678091049194336,8.279377937316895,-1.910787582397461,0.5687550902366638,162.09832763671875
2017-04-03 13:00:00+00:00,3.6521825790405273,8.882335662841797,-2.3392744064331055,0.5988092422485352,155.96849060058594
2017-04-03 14:00:00+00:00,3.6193647384643555,9.371747970581055,-2.601408004760742,0.6456335783004761,156.1982421875
2017-04-03 15:00:00+00:00,3.625992774963379,9.745305061340332,-2.923588752746582,0.7006769776344299,155.8646697998047
2017-04-03 16:00:00+00:00,3.675581932067871,10.20279598236084,-3.28934383392334,0.743903398513794,154.59866333007812
2017-04-03 17:00:00+00:00,3.7412214279174805,10.71921443939209,-2.893888473510742,0.7810315489768982,153.57513427734375
2017-04-03 18:00:00+00:00,3.802456855773926,11.154611587524414,-2.333205223083496,0.8073872327804565,153.49285888671875
2017-04-03 19:00:00+00:00,3.91213321685791,11.491501808166504,-1.7426090240478516,0.8672046661376953,154.2714385986328
2017-04-03 20:00:00+00:00,3.95556640625,11.572861671447754,-0.6710140705108643,0.8673354387283325,155.3863983154297
2017-04-03 21:00:00+00:00,3.979926109313965,11.196052551269531,0.928613543510437,0.8445696234703064,157.3756866455078
2017-04-03 22:00:00+00:00,3.995598793029785,10.210418701171875,1.348008155822754,0.8016461133956909,158.712890625
2017-04-03 23:00:00+00:00,4.003033638000488,9.188006401062012,2.8356056213378906,0.7491639256477356,159.70201110839844
2017-04-04 00:00:00+00:00,3.9820308685302734,7.979816436767578,3.7823314666748047,0.7007102966308594,161.53756713867188
2017-04-04 01:00:00+00:00,3.945075035095215,7.264827728271484,4.6512956619262695,0.657306432723999,164.36244201660156
2017-04-04 02:00:00+00:00,3.906221389770508,5.943717956542969,5.559678077697754,0.6175628304481506,167.97955322265625
2017-04-04 03:00:00+00:00,3.920930862426758,4.73940372467041,5.919278144836426,0.5686978101730347,169.5843505859375
2017-04-04 04:00:00+00:00,3.9586915969848633,3.2239990234375,6.283041954040527,0.5195063948631287,169.9376220703125
2017-04-04 05:00:00+00:00,3.9815969467163086,1.5624771118164062,6.409476280212402,0.47747308015823364,170.58816528320312
2017-04-04 06:00:00+00:00,3.9885311126708984,0.22863858938217163,5.77262020111084,0.44168800115585327,171.5155029296875
2017-04-04 07:00:00+00:00,3.978940010070801,-0.7955905199050903,5.095534324645996,0.4113534688949585,173.0959930419922
2017-04-04 08:00:00+00:00,3.9586801528930664,-1.578730583190918,4.936535835266113,0.3855098485946655,175.53248596191406
2017-04-04 09:00:00+00:00,3.9040584564208984,-2.8369483947753906,4.977718353271484,0.3655458092689514,186.92649841308594
2017-04-04 10:00:00+00:00,3.8678722381591797,-4.174893379211426,3.8432865142822266,0.34403103590011597,197.16238403320312
2017-04-04 11:00:00+00:00,3.7966718673706055,-4.937655448913574,2.974712371826172,0.32936012744903564,201.36167907714844
2017-04-04 12:00:00+00:00,3.6662302017211914,-5.617720603942871,2.261855125427246,0.3243100643157959,223.56446838378906
2017-04-04 13:00:00+00:00,3.4614295959472656,-6.527082443237305,2.046173095703125,0.34425199031829834,300.8671875
2017-04-04 14:00:00+00:00,3.244953155517578,-8.26771354675293,2.299020767211914,0.41499119997024536,323.534912109375
2017-04-04 15:00:00+00:00,3.1817121505737305,-9.569400787353516,2.217670440673828,0.5221978425979614,338.3583984375
2017-04-04 16:00:00+00:00,3.2508468627929688,-9.430012702941895,1.4368457794189453,0.6066211462020874,340.687744140625
2017-04-04 17:00:00+00:00,3.377711296081543,-9.004400253295898,1.0142126083374023,0.6528164744377136,341.219482421875
2017-04-04 18:00:00+00:00,3.492426872253418,-8.757950782775879,0.8383293151855469,0.663110077381134,340.99267578125
2017-04-04 19:00:00+00:00,3.592259407043457,-8.255719184875488,0.32638514041900635,0.661980926990509,340.81005859375
2017-04-04 20:00:00+00:00,3.6844615936279297,-7.088685989379883,-0.47520947456359863,0.6369027495384216,340.748779296875
2017-04-04 21:00:00+00:00,3.767599105834961,-5.710227966308594,-0.6793168783187866,0.6013494729995728,340.659912109375
2017-04-04 22:00:00+00:00,3.8265132904052734,-3.6700124740600586,0.7718445658683777,0.5621973276138306,340.08984375
2017-04-04 23:00:00+00:00,3.8491392135620117,-3.1535415649414062,2.560542106628418,0.532540500164032,339.06201171875
2017-04-05 00:00:00+00:00,3.814272880554199,-2.566948890686035,4.481599807739258,0.5128148198127747,336.651123046875
2017-04-05 01:00:00+00:00,3.7089433670043945,-2.8353633880615234,6.187131881713867,0.5091057419776917,331.852783203125
2017-04-05 02:00:00+00:00,3.576089859008789,-3.4621810913085938,6.380716323852539,0.5244541168212891,326.699951171875
2017-04-05 03:00:00+00:00,3.5157947540283203,-4.808974266052246,6.455831527709961,0.5423061847686768,323.787841796875
2017-04-05 04:00:00+00:00,3.4697723388671875,-6.190678596496582,6.60704231262207,0.5889936685562134,321.288818359375
2017-04-05 05:00:00+00:00,3.4942073822021484,-6.078182220458984,6.760440826416016,0.6540333032608032,320.045654296875
2017-04-05 06:00:00+00:00,3.59372615814209,-6.084455490112305,7.073089599609375,0.7068607211112976,319.66259765625
2017-04-05 07:00:00+00:00,3.718006134033203,-6.017148017883301,6.97526741027832,0.7632352113723755,319.5341796875
2017-04-05 08:00:00+00:00,3.8721303939819336,-5.160387992858887,7.057430267333984,0.7949100732803345,319.99169921875
2017-04-05 09:00:00+00:00,4.022727012634277,-5.057232856750488,7.480828285217285,0.8208610415458679,320.38427734375
2017-04-05 10:00:00+00:00,4.177075386047363,-4.478656768798828,6.9562482833862305,0.8491007685661316,321.140625
2017-04-05 11:00:00+00:00,4.3304243087768555,-4.794519424438477,7.191086769104004,0.8774138689041138,321.982421875
2017-04-05 12:00:00+00:00,4.502913475036621,-5.3122968673706055,6.7881669998168945,0.8999034762382507,323.263916015625
2017-04-05 13:00:00+00:00,4.716615676879883,-5.131726264953613,6.127636909484863,0.9070225358009338,325.1435546875
2017-04-05 14:00:00+00:00,4.990207672119141,-5.191129684448242,4.876274108886719,0.8979061841964722,327.371826171875
2017-04-05 15:00:00+00:00,5.273673057556152,-5.968786239624023,2.9351139068603516,0.8907574415206909,329.810546875
2017-04-05 16:00:00+00:00,5.566601753234863,-6.050299644470215,1.871194839477539,0.889475405216217,332.158935546875
2017-04-05 17:00:00+00:00,5.883999824523926,-6.046760559082031,1.2673540115356445,0.8920943737030029,334.166259765625
2017-04-05 18:00:00+00:00,6.212651252746582,-5.800432205200195,0.7444306015968323,0.899412214756012,335.917724609375
2017-04-05 19:00:00+00:00,6.531621932983398,-5.586269378662109,0.5176542401313782,0.9116838574409485,337.484375
2017-04-05 20:00:00+00:00,6.815672874450684,-5.553372383117676,0.6749148368835449,0.9288219809532166,338.941162109375
2017-04-05 21:00:00+00:00,7.054978370666504,-5.548846244812012,1.016932487487793,0.9491441249847412,340.310302734375
2017-04-05 22:00:00+00:00,7.267728805541992,-4.602705955505371,1.7216987609863281,0.9690278768539429,341.63525390625
2017-04-05 23:00:00+00:00,7.397204399108887,-4.7387495040893555,2.2462844848632812,0.992519736289978,342.844970703125
2017-04-06 00:00:00+00:00,7.474844932556152,-4.998990058898926,2.44619083404541,1.0160388946533203,343.96240234375
2017-04-06 01:00:00+00:00,7.512226104736328,-5.100884437561035,2.397942543029785,1.0383663177490234,345.11474609375
2017-04-06 02:00:00+00:00,7.521111488342285,-5.277194976806641,2.6378278732299805,1.0582780838012695,346.267822265625
2017-04-06 03:00:00+00:00,7.505581855773926,-5.29161262512207,2.7167110443115234,1.0758390426635742,347.386474609375
2017-04-06 04:00:00+00:00,7.486274719238281,-4.727486610412598,2.4378538131713867,1.089066505432129,348.509521484375
2017-04-06 05:00:00+00:00,7.481101989746094,-3.8994646072387695,2.4596481323242188,1.096287727355957,349.618408203125
2017-04-06 06:00:00+00:00,7.47371768951416,-3.7477474212646484,2.5194215774536133,1.0995368957519531,350.655517578125
2017-04-06 07:00:00+00:00,7.462841033935547,-2.732882499694824,2.6327362060546875,1.0993022918701172,351.592041015625
2017-04-06 08:00:00+00:00,7.689822196960449,-1.7211017608642578,3.0352821350097656,1.1719980239868164,352.393798828125
2017-04-06 09:00:00+00:00,7.676128387451172,-0.846965491771698,3.1920347213745117,1.1604318618774414,353.147216796875
2017-04-06 10:00:00+00:00,7.668661117553711,0.3887683153152466,2.666165351867676,1.1437206268310547,353.84619140625
2017-04-06 11:00:00+00:00,7.645671844482422,1.0811471939086914,3.0313854217529297,1.1258955001831055,354.515625
2017-04-06 12:00:00+00:00,7.619709014892578,1.5787782669067383,3.1902284622192383,1.1067266464233398,355.1142578125
2017-04-06 13:00:00+00:00,7.590177536010742,1.9395732879638672,3.6024255752563477,1.087615966796875,355.58251953125
2017-04-06 14:00:00+00:00,7.5169267654418945,1.8846549987792969,4.004401206970215,1.0511436462402344,356.065673828125
2017-04-06 15:00:00+00:00,7.487527847290039,2.023312568664551,3.791006088256836,1.0269956588745117,356.510009765625
2017-04-06 16:00:00+00:00,7.454002380371094,2.678556442260742,3.7457408905029297,1.0058250427246094,356.973388671875
2017-04-06 17:00:00+00:00,7.4155378341674805,2.9961490631103516,4.221380233764648,0.9862798452377319,357.322998046875
2017-04-06 18:00:00+00:00,7.382108688354492,2.5738296508789062,5.069816589355469,0.966439425945282,357.551513671875
2017-04-06 19:00:00+00:00,7.260497093200684,1.3033943176269531,5.972148895263672,0.9276058077812195,357.703125
2017-04-06 20:00:00+00:00,7.202150344848633,-0.7843884229660034,6.84001350402832,0.9118263125419617,357.46728515625
2017-04-06 21:00:00+00:00,7.112214088439941,-3.307767868041992,7.529619216918945,0.9037219882011414,356.58447265625
2017-04-06 22:00:00+00:00,6.870784759521484,-4.141913414001465,8.208703994750977,0.9111171960830688,353.219482421875
2017-04-06 23:00:00+00:00,6.572481155395508,-4.624499320983887,7.810559272766113,0.9262309670448303,349.584716796875
2017-04-07 00:00:00+00:00,6.313529014587402,-4.752614974975586,7.406068801879883,0.9393004775047302,346.325927734375
2017-04-07 01:00:00+00:00,6.123122215270996,-4.523982048034668,7.260927200317383,0.9461831450462341,343.79150390625
2017-04-07 02:00:00+00:00,5.967142105102539,-4.420004844665527,7.253199577331543,0.950832724571228,341.54541015625
2017-04-07 03:00:00+00:00,5.853389739990234,-4.388303756713867,7.164368629455566,0.9519699811935425,339.81005859375
2017-04-07 04:00:00+00:00,5.794445037841797,-4.655971527099609,6.699969291687012,0.9463191628456116,338.910888671875
2017-04-07 05:00:00+00:00,5.800512313842773,-4.748619079589844,5.978177070617676,0.9313757419586182,339.086181640625
2017-04-07 06:00:00+00:00,5.848843574523926,-4.460294723510742,5.467811584472656,0.9105131030082703,339.864990234375
2017-04-07 07:00:00+00:00,5.895787239074707,-3.864748954772949,5.41133975982666,0.8908904790878296,340.5283203125
2017-04-07 08:00:00+00:00,5.905747413635254,-3.320484161376953,5.637734413146973,0.8633590340614319,341.081298828125
2017-04-07 09:00:00+00:00,5.929705619812012,-3.153837203979492,5.458294868469238,0.8439115285873413,341.5322265625
2017-04-07 10:00:00+00:00,5.965846061706543,-2.8513355255126953,4.8002519607543945,0.8291357755661011,341.824951171875
2017-04-07 11:00:00+00:00,6.008668899536133,-2.6298646926879883,4.891903877258301,0.8186713457107544,342.184814453125
2017-04-07 12:00:00+00:00,6.068781852722168,-2.431473731994629,4.726119041442871,0.8084449768066406,342.634765625
2017-04-07 13:00:00+00:00,6.138236045837402,-2.2178192138671875,4.65493106842041,0.7972415685653687,343.19140625
2017-04-07 14:00:00+00:00,6.389900207519531,-2.3096818923950195,4.191391944885254,0.8337267637252808,343.816650390625
2017-04-07 15:00:00+00:00,6.524530410766602,-2.285076141357422,3.5277652740478516,0.8206413388252258,344.814697265625
2017-04-07 16:00:00+00:00,6.642847061157227,-2.1241378784179688,2.691309928894043,0.8056977391242981,345.736572265625
2017-04-07 17:00:00+00:00,6.7422332763671875,-1.7150440216064453,1.9130191802978516,0.7906755805015564,346.559814453125
2017-04-07 18:00:00+00:00,6.819011688232422,-1.4518508911132812,1.1561412811279297,0.7766806483268738,347.276123046875
2017-04-07 19:00:00+00:00,6.963733673095703,-1.0476722717285156,0.6276591420173645,0.787001371383667,347.92041015625
2017-04-07 20:00:00+00:00,7.029333114624023,-0.4287223219871521,0.46614545583724976,0.7766900658607483,348.618896484375
2017-04-07 21:00:00+00:00,7.066730499267578,0.2432185411453247,0.5393563508987427,0.7655818462371826,349.22119140625
2017-04-07 22:00:00+00:00,7.133989334106445,1.1337432861328125,0.7351235151290894,0.7497189044952393,349.825439453125
2017-04-07 23:00:00+00:00,7.116838455200195,1.357090950012207,0.6545150279998779,0.738623321056366,350.36083984375
2017-04-08 00:00:00+00:00,7.08991813659668,1.5249261856079102,0.5073415637016296,0.7271090149879456,350.87744140625
2017-04-08 01:00:00+00:00,7.040705680847168,2.094949722290039,0.4871118664741516,0.7164815664291382,351.29052734375
2017-04-08 02:00:00+00:00,6.969967842102051,3.1130876541137695,0.6123730540275574,0.7067911624908447,351.56787109375
2017-04-08 03:00:00+00:00,6.898842811584473,4.289175987243652,0.9202044010162354,0.6969776749610901,351.85693359375
2017-04-08 04:00:00+00:00,6.847498893737793,4.854765892028809,1.295119285583496,0.6852315068244934,352.270263671875
2017-04-08 05:00:00+00:00,6.791333198547363,5.227996826171875,1.3856449127197266,0.673782467842102,352.733642578125
2017-04-08 06:00:00+00:00,6.710524559020996,5.687863349914551,1.1918859481811523,0.6643494963645935,353.206787109375
2017-04-08 07:00:00+00:00,6.593718528747559,6.1375322341918945,1.0701255798339844,0.6579945683479309,353.540771484375
2017-04-08 08:00:00+00:00,6.476471900939941,6.449384689331055,0.8552241325378418,0.6523372530937195,353.88037109375
2017-04-08 09:00:00+00:00,6.377209663391113,6.430703163146973,0.49691736698150635,0.6461314558982849,354.313720703125
2017-04-08 10:00:00+00:00,6.318301200866699,6.406125068664551,-0.7771172523498535,0.6369282007217407,355.752685546875
2017-04-08 11:00:00+00:00,6.2161865234375,6.411672592163086,-1.0486631393432617,0.6325380802154541,357.064208984375
2017-04-08 12:00:00+00:00,6.100536346435547,6.224143981933594,-1.2984075546264648,0.6306981444358826,359.113525390625
2017-04-08 13:00:00+00:00,5.9564714431762695,6.110015869140625,-1.7373743057250977,0.6335423588752747,2.372957229614258
2017-04-08 14:00:00+00:00,5.758843421936035,6.197031021118164,-2.29742431640625,0.6443735957145691,9.56038761138916
2017-04-08 15:00:00+00:00,5.426774978637695,6.627463340759277,-2.568976402282715,0.6347352266311646,25.996475219726562
2017-04-08 16:00:00+00:00,5.206668853759766,7.0659027099609375,-2.6724720001220703,0.6600430011749268,49.43768310546875
2017-04-08 17:00:00+00:00,5.022024154663086,7.833291053771973,-2.7374343872070312,0.6827172040939331,67.52777099609375
2017-04-08 18:00:00+00:00,4.872974395751953,8.672852516174316,-2.3372249603271484,0.7016104459762573,80.91188049316406
2017-04-08 19:00:00+00:00,4.735600471496582,9.373908996582031,-1.6672401428222656,0.7189427018165588,96.22314453125
2017-04-08 20:00:00+00:00,4.617762565612793,9.883614540100098,-0.8703200221061707,0.7344055771827698,111.88873291015625
2017-04-08 21:00:00+00:00,4.534074783325195,10.079862594604492,-0.015184007585048676,0.7447071671485901,124.39585876464844
2017-04-08 22:00:00+00:00,4.516552925109863,9.984541893005371,0.37038296461105347,0.7367989420890808,131.3059539794922
2017-04-08 23:00:00+00:00,4.470715522766113,10.082287788391113,0.7386569380760193,0.73442143201828,138.31312561035156
2017-04-09 00:00:00+00:00,4.427346229553223,10.048264503479004,0.8790671229362488,0.7312812805175781,144.22669982910156
2017-04-09 01:00:00+00:00,4.3917951583862305,9.904155731201172,1.2066755294799805,0.7261852622032166,149.1480712890625
2017-04-09 02:00:00+00:00,4.36897087097168,9.672508239746094,1.5868902206420898,0.7171432971954346,153.12281799316406
2017-04-09 03:00:00+00:00,4.37401008605957,9.25008773803711,1.8107757568359375,0.6986348628997803,155.19515991210938
2017-04-09 04:00:00+00:00,4.390900611877441,8.90352725982666,1.7624425888061523,0.6743332147598267,155.9259033203125
2017-04-09 05:00:00+00:00,4.401594161987305,8.778517723083496,1.6246461868286133,0.6493821740150452,156.1726837158203
2017-04-09 06:00:00+00:00,4.369684219360352,8.921088218688965,1.5971956253051758,0.6338460445404053,158.1615753173828
2017-04-09 07:00:00+00:00,4.045696258544922,8.926684379577637,1.591679573059082,0.5371346473693848,158.98377990722656
2017-04-09 08:00:00+00:00,3.929713249206543,9.195768356323242,1.3424873352050781,0.5518596768379211,164.62188720703125
2017-04-09 09:00:00+00:00,3.848726272583008,9.5289945602417,0.869838535785675,0.5747330784797668,166.0623016357422
2017-04-09 10:00:00+00:00,3.81796932220459,9.959153175354004,-0.14032280445098877,0.5916812419891357,164.3242950439453
2017-04-09 11:00:00+00:00,3.7428016662597656,10.949775695800781,-0.7221760153770447,0.6417033672332764,163.8009033203125
2017-04-09 12:00:00+00:00,3.7128562927246094,11.621984481811523,-1.0028800964355469,0.7079243659973145,163.07518005371094
2017-04-09 13:00:00+00:00,3.740743637084961,12.278114318847656,-0.9496688842773438,0.7740205526351929,162.71084594726562
2017-04-09 14:00:00+00:00,3.807225227355957,12.922847747802734,-0.36783361434936523,0.8366450071334839,163.00709533691406
2017-04-09 15:00:00+00:00,3.8868236541748047,13.328195571899414,0.429050087928772,0.8902836441993713,163.91026306152344
2017-04-09 16:00:00+00:00,3.970639228820801,13.37281322479248,1.7514619827270508,0.9270259141921997,165.36871337890625
2017-04-09 17:00:00+00:00,4.0424604415893555,12.716423988342285,4.105389595031738,0.9374743103981018,167.85255432128906
2017-04-09 18:00:00+00:00,4.092434883117676,11.087886810302734,7.002153396606445,0.9165486097335815,171.57858276367188
2017-04-09 19:00:00+00:00,4.065220832824707,8.755202293395996,9.505212783813477,0.8703693747520447,178.53543090820312
2017-04-09 20:00:00+00:00,3.970317840576172,-0.36844706535339355,12.304512977600098,0.8724952936172485,200.37554931640625
2017-04-09 21:00:00+00:00,3.8348445892333984,-9.011067390441895,12.36829948425293,0.957811176776886,249.31410217285156
2017-04-09 22:00:00+00:00,3.8583173751831055,-6.622469902038574,13.315202713012695,1.1384944915771484,284.66552734375
2017-04-09 23:00:00+00:00,4.100796699523926,-5.782187461853027,12.507905960083008,1.251607894897461,295.32763671875
2017-04-10 00:00:00+00:00,4.296355247497559,-5.432801246643066,12.010629653930664,1.275949478149414,298.3388671875
2017-04-10 01:00:00+00:00,4.425070762634277,-6.832250595092773,11.531816482543945,1.3006620407104492,301.646484375
2017-04-10 02:00:00+00:00,4.537925720214844,-8.482016563415527,9.605448722839355,1.3290529251098633,306.87255859375
2017-04-10 03:00:00+00:00,4.634249687194824,-9.270075798034668,8.50882339477539,1.3520421981811523,312.015625
2017-04-10 04:00:00+00:00,4.716092109680176,-8.329577445983887,7.8162946701049805,1.3548583984375,315.70361328125
2017-04-10 05:00:00+00:00,4.724968910217285,-7.158308982849121,8.652228355407715,1.3157453536987305,317.005859375
2017-04-10 06:00:00+00:00,4.743364334106445,-6.8002166748046875,8.83834171295166,1.3112831115722656,317.138671875
2017-04-10 07:00:00+00:00,4.759003639221191,-6.583965301513672,8.309553146362305,1.300410270690918,317.44677734375
2017-04-10 08:00:00+00:00,4.824793815612793,-6.309871673583984,7.983574867248535,1.3063373565673828,318.100830078125
2017-04-10 09:00:00+00:00,4.854265213012695,-6.069952011108398,7.269269943237305,1.2775630950927734,319.220458984375
2017-04-10 10:00:00+00:00,4.95445442199707,-5.559911727905273,5.340924263000488,1.210052490234375,321.51904296875
2017-04-10 11:00:00+00:00,5.032411575317383,-5.850586891174316,4.996428489685059,1.1605701446533203,323.885986328125
2017-04-10 12:00:00+00:00,5.106273651123047,-5.913622856140137,4.341879844665527,1.1224546432495117,326.320556640625
2017-04-10 13:00:00+00:00,5.2905988693237305,-5.249933242797852,3.8230934143066406,1.1220331192016602,328.63623046875
2017-04-10 14:00:00+00:00,5.438255310058594,-4.884328842163086,3.003523826599121,1.0872621536254883,330.9794921875
2017-04-10 15:00:00+00:00,5.603265762329102,-4.738738059997559,2.053335189819336,1.060774803161621,333.37548828125
2017-04-10 16:00:00+00:00,5.796309471130371,-4.423823356628418,1.3345708847045898,1.040848731994629,335.705322265625
2017-04-10 17:00:00+00:00,6.00540828704834,-3.575932502746582,0.7094039916992188,1.02886962890625,337.85986328125
2017-04-10 18:00:00+00:00,6.213322639465332,-2.704273223876953,0.26502418518066406,1.0244264602661133,339.8408203125
2017-04-10 19:00:00+00:00,6.683135032653809,-1.2808704376220703,0.19409620761871338,1.1215572357177734,341.59423828125
2017-04-10 20:00:00+00:00,6.812074661254883,0.19572830200195312,0.7942150235176086,1.1131830215454102,343.083740234375
2017-04-10 21:00:00+00:00,6.905217170715332,1.1809625625610352,1.8620824813842773,1.1063013076782227,344.21923828125
2017-04-10 22:00:00+00:00,6.937560081481934,2.9388961791992188,3.7017459869384766,1.1012849807739258,344.623046875
2017-04-10 23:00:00+00:00,6.931020736694336,3.522404670715332,4.926266670227051,1.0946884155273438,344.735595703125
2017-04-11 00:00:00+00:00,6.886837959289551,2.5551986694335938,6.370748519897461,1.0869865417480469,344.33154296875
2017-04-11 01:00:00+00:00,6.802035331726074,-0.09209948778152466,7.517438888549805,1.0798845291137695,343.538818359375
2017-04-11 02:00:00+00:00,6.586322784423828,-3.2436790466308594,7.796112060546875,1.0892724990844727,341.551025390625
2017-04-11 03:00:00+00:00,6.329853057861328,-5.530256271362305,7.110919952392578,1.1092262268066406,339.524658203125
2017-04-11 04:00:00+00:00,6.15733528137207,-6.440357208251953,5.999068260192871,1.1197595596313477,338.820556640625
2017-04-11 05:00:00+00:00,6.061420440673828,-5.965999603271484,5.825754165649414,1.1215505599975586,338.679443359375
2017-04-11 06:00:00+00:00,5.981042861938477,-5.408080101013184,6.16041374206543,1.1252050399780273,338.241943359375
2017-04-11 07:00:00+00:00,5.947223663330078,-4.059359550476074,6.0540008544921875,1.125105857849121,337.776611328125
2017-04-11 08:00:00+00:00,5.974360466003418,-2.74448299407959,6.388239860534668,1.1211071014404297,337.569091796875
2017-04-11 09:00:00+00:00,6.043065071105957,-1.6513080596923828,6.8347368240356445,1.1145515441894531,337.507568359375
2017-04-11 10:00:00+00:00,6.156900405883789,0.2948649525642395,6.765196800231934,1.100931167602539,337.892333984375
2017-04-11 11:00:00+00:00,6.255156517028809,2.0057029724121094,7.047394752502441,1.0898590087890625,338.079345703125
2017-04-11 12:00:00+00:00,6.321915626525879,2.9238643646240234,7.738652229309082,1.0829095840454102,337.75048828125
2017-04-11 13:00:00+00:00,6.362545013427734,3.767169952392578,8.256326675415039,1.077885627746582,336.9921875
2017-04-11 14:00:00+00:00,6.452023506164551,4.0597734451293945,8.921392440795898,1.1140947341918945,335.10107421875
2017-04-11 15:00:00+00:00,6.319429397583008,3.868645668029785,9.907981872558594,1.113530158996582,331.43115234375
2017-04-11 16:00:00+00:00,6.14168643951416,3.529726982116699,10.68370532989502,1.1260290145874023,326.197021484375
2017-04-11 17:00:00+00:00,5.92794132232666,2.5479888916015625,11.282495498657227,1.152266502380371,320.298095703125
2017-04-11 18:00:00+00:00,5.769560813903809,1.6963005065917969,11.40641975402832,1.1697702407836914,316.356689453125
2017-04-11 19:00:00+00:00,5.683351516723633,0.31595367193222046,11.308928489685059,1.1750469207763672,314.29150390625
2017-04-11 20:00:00+00:00,5.616506576538086,-1.9284276962280273,11.183713912963867,1.1835269927978516,313.13525390625
2017-04-11 21:00:00+00:00,5.563793182373047,-2.672365188598633,10.77863883972168,1.1915349960327148,312.600341796875
2017-04-11 22:00:00+00:00,5.5119171142578125,-0.6091639995574951,11.0582914352417,1.199721336364746,310.635498046875
2017-04-11 23:00:00+00:00,5.461667060852051,-0.46109485626220703,11.191326141357422,1.2070274353027344,308.817626953125
2017-04-12 00:00:00+00:00,5.4148969650268555,0.6924483776092529,11.440019607543945,1.208963394165039,306.518798828125
2017-04-12 01:00:00+00:00,5.306093215942383,1.2144804000854492,11.743703842163086,1.234999656677246,302.19482421875
2017-04-12 02:00:00+00:00,5.219805717468262,1.5073280334472656,11.535029411315918,1.2638063430786133,298.235107421875
2017-04-12 03:00:00+00:00,5.205716133117676,1.7479686737060547,11.462690353393555,1.272573471069336,295.93505859375
2017-04-12 04:00:00+00:00,5.216050148010254,1.3526744842529297,11.628440856933594,1.2732868194580078,294.396240234375
2017-04-12 05:00:00+00:00,5.211771011352539,0.7783297896385193,11.823348999023438,1.2859554290771484,293.1884765625
2017-04-12 06:00:00+00:00,5.218181610107422,-0.6699074506759644,11.774531364440918,1.2953739166259766,293.691162109375
2017-04-12 07:00:00+00:00,5.262977600097656,-0.9141027927398682,11.38067626953125,1.3071956634521484,295.109130859375
2017-04-12 08:00:00+00:00,5.296567916870117,-0.07203066349029541,11.378885269165039,1.313553810119629,295.860107421875
2017-04-12 09:00:00+00:00,5.29530143737793,0.7681632041931152,11.778772354125977,1.324873924255371,295.22802734375
2017-04-12 10:00:00+00:00,5.210243225097656,0.6722192764282227,12.314892768859863,1.374807357788086,293.0234375
2017-04-12 11:00:00+00:00,5.178033828735352,1.292069435119629,12.122986793518066,1.4056081771850586,291.415283203125
2017-04-12 12:00:00+00:00,5.150869369506836,1.3567695617675781,13.01439380645752,1.4323434829711914,289.535888671875
2017-04-12 13:00:00+00:00,5.157549858093262,1.8811349868774414,12.640077590942383,1.4276771545410156,288.60693359375
2017-04-12 14:00:00+00:00,5.193346977233887,1.9714641571044922,11.975103378295898,1.3798408508300781,288.87744140625
2017-04-12 15:00:00+00:00,5.193124771118164,0.037502896040678024,12.602306365966797,1.3389530181884766,289.597412109375
2017-04-12 16:00:00+00:00,5.172237396240234,-2.068735122680664,13.00239086151123,1.3110589981079102,291.02880859375
2017-04-12 17:00:00+00:00,5.13287353515625,-2.751527786254883,13.211272239685059,1.3025245666503906,292.82861328125
2017-04-12 18:00:00+00:00,5.099543571472168,-3.0168323516845703,13.105059623718262,1.3075838088989258,294.65087890625
2017-04-12 19:00:00+00:00,5.085175514221191,-3.4061174392700195,12.8805513381958,1.3114385604858398,295.88525390625
2017-04-12 20:00:00+00:00,5.075347900390625,-4.1983184814453125,12.173242568969727,1.3201284408569336,296.962158203125
2017-04-12 21:00:00+00:00,5.043844223022461,-4.4728288650512695,11.826772689819336,1.3330078125,298.16650390625
2017-04-12 22:00:00+00:00,5.011235237121582,-3.8793983459472656,12.663743019104004,1.3474864959716797,298.480224609375
2017-04-12 23:00:00+00:00,4.976831436157227,-4.54266357421875,12.637523651123047,1.39947509765625,299.1611328125
2017-04-13 00:00:00+00:00,5.003016471862793,-4.993354797363281,11.815011978149414,1.4214277267456055,301.275634765625
2017-04-13 01:00:00+00:00,5.056757926940918,-4.915247917175293,11.184229850769043,1.418299674987793,303.783203125
2017-04-13 02:00:00+00:00,5.102533340454102,-5.511100769042969,10.545801162719727,1.4338693618774414,306.288330078125
2017-04-13 03:00:00+00:00,5.164887428283691,-6.171256065368652,9.569079399108887,1.4545965194702148,309.4619140625
2017-04-13 04:00:00+00:00,5.258510589599609,-6.635995864868164,8.824189186096191,1.4605493545532227,313.27099609375
2017-04-13 05:00:00+00:00,5.373537063598633,-6.613994598388672,8.247779846191406,1.4557085037231445,317.090576171875
2017-04-13 06:00:00+00:00,5.497714996337891,-6.380914688110352,7.676541328430176,1.450399398803711,320.506103515625
2017-04-13 07:00:00+00:00,5.6311492919921875,-5.823637008666992,7.252950668334961,1.442622184753418,323.489013671875
2017-04-13 08:00:00+00:00,5.757781982421875,-5.357143402099609,7.04184627532959,1.4376726150512695,326.0068359375
2017-04-13 09:00:00+00:00,5.895646095275879,-4.989794731140137,6.574698448181152,1.4259796142578125,328.33984375
2017-04-13 10:00:00+00:00,6.115038871765137,-3.0801706314086914,6.076118469238281,1.3881597518920898,331.083740234375
2017-04-13 11:00:00+00:00,6.309767723083496,-2.337704658508301,5.921398162841797,1.352543830871582,333.426025390625
2017-04-13 12:00:00+00:00,6.493561744689941,-1.675309181213379,5.43994140625,1.3150243759155273,335.635009765625
2017-04-13 13:00:00+00:00,6.766877174377441,-1.1270313262939453,4.83485221862793,1.324631690979004,337.610107421875
2017-04-13 14:00:00+00:00,6.911943435668945,-0.32343679666519165,4.099041938781738,1.2840385437011719,339.390380859375
2017-04-13 15:00:00+00:00,7.013659477233887,0.448832631111145,3.4747695922851562,1.2433481216430664,340.8212890625
2017-04-13 16:00:00+00:00,7.077944755554199,1.1264362335205078,3.556427001953125,1.2027111053466797,341.96533203125
2017-04-13 17:00:00+00:00,7.113420486450195,1.300938606262207,3.993943214416504,1.1627130508422852,342.871826171875
2017-04-13 18:00:00+00:00,7.128108978271484,1.2138290405273438,4.754220962524414,1.1236143112182617,343.593017578125
2017-04-13 19:00:00+00:00,7.242949485778809,0.776740312576294,5.651810646057129,1.1319942474365234,344.06591796875
2017-04-13 20:00:00+00:00,7.202322959899902,-0.12832826375961304,6.860230445861816,1.1029081344604492,344.117431640625
2017-04-13 21:00:00+00:00,7.067519187927246,-1.2426366806030273,7.976422309875488,1.0812454223632812,343.206298828125
2017-04-13 22:00:00+00:00,6.710481643676758,-1.121678352355957,9.61263370513916,1.0880765914916992,339.1806640625
2017-04-13 23:00:00+00:00,6.342778205871582,-0.8252264857292175,9.77609634399414,1.1031713485717773,334.3916015625
2017-04-14 00:00:00+00:00,6.045696258544922,-0.26362353563308716,9.524035453796387,1.113957405090332,329.90673828125
2017-04-14 01:00:00+00:00,5.883666038513184,0.07995879650115967,9.070550918579102,1.1037969589233398,327.15771484375
2017-04-14 02:00:00+00:00,5.760885238647461,0.5158973932266235,8.814834594726562,1.0874853134155273,324.776123046875
2017-04-14 03:00:00+00:00,5.626373291015625,0.7415029406547546,8.887977600097656,1.0758295059204102,321.869873046875
2017-04-14 04:00:00+00:00,5.494180679321289,0.5781065225601196,9.042513847351074,1.0678329467773438,318.82373046875
2017-04-14 05:00:00+00:00,5.4144744873046875,0.5190873742103577,8.805739402770996,1.0512628555297852,316.9794921875
2017-04-14 06:00:00+00:00,5.392111778259277,0.8094139099121094,8.368462562561035,1.0218334197998047,316.5576171875
2017-04-14 07:00:00+00:00,5.371456146240234,1.5991239547729492,8.013782501220703,0.9864310026168823,316.389892578125
2017-04-14 08:00:00+00:00,5.343944549560547,2.5608081817626953,7.881692886352539,0.9573679566383362,315.7333984375
2017-04-14 09:00:00+00:00,5.314175605773926,3.2924556732177734,7.748222351074219,0.9320481419563293,314.757568359375
2017-04-14 10:00:00+00:00,5.233994483947754,5.22828483581543,7.948966026306152,0.91877681016922,311.686767578125
2017-04-14 11:00:00+00:00,5.1201887130737305,5.733510971069336,8.123872756958008,0.9163954257965088,306.7158203125
2017-04-14 12:00:00+00:00,5.008630752563477,6.034945487976074,8.700127601623535,0.9197847247123718,300.669189453125
2017-04-14 13:00:00+00:00,4.9972333908081055,6.182265281677246,9.57698917388916,0.9999514818191528,292.05712890625
2017-04-14 14:00:00+00:00,4.91309928894043,5.638866424560547,10.200966835021973,1.0132379531860352,285.7861328125
2017-04-14 15:00:00+00:00,4.898248672485352,5.371517181396484,9.706343650817871,0.9991965293884277,282.785888671875
2017-04-14 16:00:00+00:00,4.946065902709961,5.406187057495117,9.251391410827637,0.9569761753082275,283.849853515625
2017-04-14 17:00:00+00:00,4.973745346069336,5.184342384338379,9.801251411437988,0.9140416979789734,285.69580078125
2017-04-14 18:00:00+00:00,4.915336608886719,4.355266571044922,10.481657028198242,0.8902463912963867,285.5068359375
2017-04-14 19:00:00+00:00,4.803749084472656,2.955158233642578,10.85781192779541,0.8831562995910645,284.38037109375
2017-04-14 20:00:00+00:00,4.7027587890625,1.6385164260864258,10.681739807128906,0.8805922269821167,284.296875
2017-04-14 21:00:00+00:00,4.634156227111816,0.7512245178222656,10.392309188842773,0.8739245533943176,285.197509765625
2017-04-14 22:00:00+00:00,4.447803497314453,0.5162800550460815,11.78970718383789,0.9217080473899841,281.59228515625
2017-04-14 23:00:00+00:00,4.308499336242676,-0.4830830693244934,12.406253814697266,0.9990523457527161,279.322998046875
2017-04-15 00:00:00+00:00,4.266559600830078,-2.144009590148926,12.841730117797852,1.090073585510254,280.57080078125
2017-04-15 01:00:00+00:00,4.304409027099609,-3.5133256912231445,12.616181373596191,1.1815900802612305,284.696044921875
2017-04-15 02:00:00+00:00,4.39080810546875,-4.022059440612793,11.868607521057129,1.2238092422485352,289.52685546875
2017-04-15 03:00:00+00:00,4.467860221862793,-3.2248353958129883,11.126684188842773,1.2242021560668945,292.774658203125
2017-04-15 04:00:00+00:00,4.511002540588379,-2.9161481857299805,11.495760917663574,1.226679801940918,294.32275390625
2017-04-15 05:00:00+00:00,4.531752586364746,-3.1879196166992188,12.263387680053711,1.2746610641479492,294.879638671875
2017-04-15 06:00:00+00:00,4.581826210021973,-3.7718544006347656,12.395854949951172,1.3593626022338867,295.863037109375
2017-04-15 07:00:00+00:00,4.681404113769531,-4.472902297973633,12.235633850097656,1.456894874572754,297.88037109375
2017-04-15 08:00:00+00:00,4.807271957397461,-4.6744384765625,11.912605285644531,1.5427970886230469,300.485107421875
2017-04-15 09:00:00+00:00,4.936367034912109,-4.353248596191406,11.386297225952148,1.5853958129882812,302.859130859375
2017-04-15 10:00:00+00:00,5.062041282653809,-4.430742263793945,10.442358016967773,1.5574474334716797,305.5224609375
2017-04-15 11:00:00+00:00,5.144660949707031,-3.831601142883301,10.191493034362793,1.515406608581543,307.09619140625
2017-04-15 12:00:00+00:00,5.213138580322266,-3.357895851135254,9.871530532836914,1.449538230895996,308.736572265625
2017-04-15 13:00:00+00:00,5.293546676635742,-2.5748472213745117,9.239666938781738,1.3653488159179688,310.793701171875
2017-04-15 14:00:00+00:00,5.367428779602051,-1.955927848815918,8.880088806152344,1.2820405960083008,312.900390625
2017-04-15 15:00:00+00:00,5.367386817932129,-2.1805734634399414,9.28190803527832,1.2276334762573242,313.762939453125
2017-04-15 16:00:00+00:00,5.275465965270996,-3.54837703704834,10.451004981994629,1.2112970352172852,313.320556640625
2017-04-15 17:00:00+00:00,5.158371925354004,-4.848245620727539,10.786084175109863,1.220357894897461,312.50732421875
2017-04-15 18:00:00+00:00,5.070659637451172,-4.876408576965332,11.015167236328125,1.2413482666015625,311.673828125
2017-04-15 19:00:00+00:00,5.0363969802856445,-5.107413291931152,11.085196495056152,1.260127067565918,311.0341796875
2017-04-15 20:00:00+00:00,5.030560493469238,-5.222540855407715,10.42013931274414,1.2791366577148438,310.751708984375
2017-04-15 21:00:00+00:00,5.062875747680664,-4.800357818603516,9.912131309509277,1.2808780670166016,311.291748046875
2017-04-15 22:00:00+00:00,5.086408615112305,-3.741992950439453,11.059957504272461,1.282628059387207,310.791015625
2017-04-15 23:00:00+00:00,5.068747520446777,-4.38685417175293,10.76196575164795,1.3115129470825195,310.259765625
2017-04-20 00:00:00+00:00,4.075981140136719,9.137580871582031,2.132288932800293,0.8671459555625916,141.7998046875
2017-04-20 01:00:00+00:00,4.015627861022949,9.0009765625,3.181417465209961,0.8934569954872131,166.78475952148438
2017-04-20 02:00:00+00:00,3.9817066192626953,8.98466968536377,3.8498830795288086,0.909419596195221,181.86312866210938
2017-04-20 03:00:00+00:00,3.9623632431030273,9.060454368591309,4.563650131225586,0.9252779483795166,190.55970764160156
2017-04-20 04:00:00+00:00,3.955416679382324,8.803526878356934,5.45960807800293,0.9484593868255615,197.03704833984375
2017-04-20 05:00:00+00:00,3.969593048095703,8.163583755493164,6.1377458572387695,0.9610483050346375,202.12564086914062
2017-04-20 06:00:00+00:00,4.0216217041015625,7.502796173095703,6.468239784240723,0.9690811634063721,206.0270233154297
2017-04-20 07:00:00+00:00,4.035247802734375,6.617283821105957,6.730744361877441,0.9304304122924805,208.7937469482422
2017-04-20 08:00:00+00:00,4.034762382507324,5.819927215576172,6.835736274719238,0.8761881589889526,210.86471557617188
2017-04-20 09:00:00+00:00,4.017483711242676,4.991896629333496,6.902195930480957,0.8189194202423096,212.93336486816406
2017-04-20 10:00:00+00:00,4.011096000671387,4.425510406494141,6.430544853210449,0.7479565143585205,213.91635131835938
2017-04-20 11:00:00+00:00,4.004878997802734,3.9900550842285156,6.480405807495117,0.694113552570343,215.07025146484375
2017-04-20 12:00:00+00:00,3.986392021179199,3.633941650390625,6.722598075866699,0.6389857530593872,216.32369995117188
2017-04-20 13:00:00+00:00,3.9671449661254883,3.2697153091430664,6.937056541442871,0.5913112759590149,217.62411499023438
2017-04-20 14:00:00+00:00,3.9555273056030273,2.768446922302246,7.069173812866211,0.5489330291748047,218.837890625
2017-04-20 15:00:00+00:00,3.9609832763671875,2.1437606811523438,6.843387603759766,0.5093486309051514,219.9989013671875
2017-04-20 16:00:00+00:00,3.9815826416015625,1.8005714416503906,6.288832664489746,0.4728160500526428,221.22425842285156
2017-04-20 17:00:00+00:00,4.023110389709473,1.8915119171142578,5.971194267272949,0.43851059675216675,222.090576171875
2017-04-20 18:00:00+00:00,4.061823844909668,1.8509902954101562,6.01564884185791,0.4088360667228699,223.18670654296875
2017-04-20 19:00:00+00:00,4.0731306076049805,1.427678108215332,6.424849510192871,0.38568270206451416,225.49118041992188
2017-04-20 20:00:00+00:00,4.023164749145508,0.7990807890892029,6.892978668212891,0.37079256772994995,230.5494842529297
2017-04-20 21:00:00+00:00,3.8849220275878906,-0.24778705835342407,7.517043113708496,0.36859673261642456,238.18702697753906
2017-04-20 22:00:00+00:00,3.5747718811035156,-0.9501636624336243,9.247048377990723,0.39432471990585327,249.48989868164062
2017-04-20 23:00:00+00:00,3.3672704696655273,-3.019515037536621,9.341351509094238,0.43869316577911377,262.24365234375
2017-04-21 00:00:00+00:00,3.2824440002441406,-4.289722442626953,8.836365699768066,0.4805535674095154,273.618896484375
2017-04-21 01:00:00+00:00,3.2709245681762695,-4.876958847045898,8.226547241210938,0.5125742554664612,282.561279296875
2017-04-21 02:00:00+00:00,3.2894954681396484,-4.722566604614258,7.762027740478516,0.5308224558830261,288.44287109375
2017-04-21 03:00:00+00:00,3.317842483520508,-4.088248252868652,7.648954391479492,0.5401033759117126,291.87548828125
2017-04-21 04:00:00+00:00,3.343888282775879,-3.564565658569336,7.980216979980469,0.5497556328773499,293.86767578125
2017-04-21 05:00:00+00:00,3.363816261291504,-3.315171241760254,8.407275199890137,0.5724391937255859,294.927734375
2017-04-21 06:00:00+00:00,3.4074716567993164,-2.980478286743164,8.706806182861328,0.5982254147529602,295.98486328125
2017-04-21 07:00:00+00:00,3.46658992767334,-2.446488380432129,9.201807022094727,0.6283372044563293,296.492919921875
2017-04-21 08:00:00+00:00,3.535066604614258,-1.797159194946289,9.885248184204102,0.6627340912818909,296.092041015625
2017-04-21 09:00:00+00:00,3.6056299209594727,-1.206223487854004,10.484138488769531,0.7054446935653687,295.066162109375
2017-04-21 10:00:00+00:00,3.683039665222168,0.8421395421028137,10.720337867736816,0.745762050151825,293.260009765625
2017-04-21 11:00:00+00:00,3.766132354736328,0.8488441109657288,11.107329368591309,0.790255069732666,292.047607421875
2017-04-21 12:00:00+00:00,3.6148529052734375,0.27655863761901855,10.92750358581543,0.7015858888626099,292.9404296875
2017-04-21 13:00:00+00:00,3.7027034759521484,-0.13778632879257202,10.891417503356934,0.7436332702636719,292.53369140625
2017-04-21 14:00:00+00:00,3.7948074340820312,-0.35348206758499146,10.70684814453125,0.7838987708091736,292.8369140625
2017-04-21 15:00:00+00:00,3.9062271118164062,-0.7705087065696716,10.474544525146484,0.8090521097183228,294.350830078125
2017-04-21 16:00:00+00:00,4.033974647521973,-1.6915369033813477,10.477669715881348,0.8154984712600708,296.856201171875
2017-04-21 17:00:00+00:00,4.153799057006836,-2.5630416870117188,10.3406343460083,0.8204410076141357,299.60693359375
2017-04-21 18:00:00+00:00,4.276886940002441,-3.395181655883789,9.812335968017578,0.8220697641372681,303.11328125
2017-04-21 19:00:00+00:00,4.398426055908203,-5.110332489013672,7.1229753494262695,0.8180542588233948,308.320556640625
2017-04-21 20:00:00+00:00,4.4886980056762695,-7.5461225509643555,1.1428871154785156,0.814220130443573,317.01318359375
2017-04-21 21:00:00+00:00,4.532810211181641,-8.016678810119629,-4.532686233520508,0.823215126991272,328.817138671875
2017-04-21 22:00:00+00:00,4.670937538146973,-5.776293754577637,-5.525515556335449,0.817733883857727,337.3369140625
2017-04-21 23:00:00+00:00,4.839080810546875,-4.840980529785156,-4.363089561462402,0.8203790187835693,343.98583984375
2017-04-22 00:00:00+00:00,5.122861862182617,-3.774148941040039,-2.402066230773926,0.820016086101532,347.02734375
2017-04-22 01:00:00+00:00,5.484261512756348,-3.197784423828125,-0.8508647680282593,0.8233474493026733,347.736328125
2017-04-22 02:00:00+00:00,5.844188690185547,-3.5028581619262695,0.5857694149017334,0.8414790630340576,347.92529296875
2017-04-22 03:00:00+00:00,6.118751525878906,-4.656095504760742,1.526993751525879,0.8799616694450378,348.158203125
2017-04-22 04:00:00+00:00,6.2335357666015625,-6.381268501281738,1.5747594833374023,0.924152672290802,348.397705078125
2017-04-22 05:00:00+00:00,6.303933143615723,-7.241926193237305,1.1563997268676758,1.0003070831298828,348.819580078125
2017-04-22 06:00:00+00:00,6.338788986206055,-7.343341827392578,0.7317805290222168,1.0848102569580078,349.53466796875
2017-04-22 07:00:00+00:00,6.3917388916015625,-6.925141334533691,0.5156235694885254,1.1660432815551758,350.368408203125
2017-04-22 08:00:00+00:00,6.480002403259277,-6.299197196960449,0.7383312582969666,1.2376651763916016,351.18896484375
2017-04-22 09:00:00+00:00,6.609260559082031,-5.731233596801758,1.249192237854004,1.295562744140625,351.822998046875
2017-04-22 10:00:00+00:00,6.771435737609863,-4.929483413696289,2.023134231567383,1.3389406204223633,352.28271484375
2017-04-22 11:00:00+00:00,6.905352592468262,-4.710083961486816,2.6755599975585938,1.3792848587036133,352.527587890625
2017-04-22 12:00:00+00:00,6.990419387817383,-5.201022148132324,2.7692689895629883,1.422144889831543,352.552978515625
2017-04-22 13:00:00+00:00,7.050388336181641,-5.633303642272949,2.4538469314575195,1.4626026153564453,352.527587890625
2017-04-22 14:00:00+00:00,7.0484771728515625,-6.368832588195801,2.099058151245117,1.5082635879516602,352.35791015625
2017-04-22 15:00:00+00:00,7.020115852355957,-7.060434341430664,1.693343162536621,1.5536785125732422,352.197509765625
2017-04-22 16:00:00+00:00,6.974794387817383,-7.533214569091797,1.7202205657958984,1.5999832153320312,352.148193359375
2017-04-22 17:00:00+00:00,6.942937850952148,-7.822949409484863,1.6995906829833984,1.6401596069335938,352.205810546875
2017-04-22 18:00:00+00:00,6.94245719909668,-7.809094429016113,1.4850502014160156,1.6685190200805664,352.40283203125
2017-04-22 19:00:00+00:00,6.904519081115723,-7.817076683044434,1.1178922653198242,1.6498231887817383,352.730224609375
2017-04-22 20:00:00+00:00,6.985712051391602,-7.576234817504883,0.5057645440101624,1.667588233947754,353.245361328125
2017-04-22 21:00:00+00:00,7.093337059020996,-6.924920082092285,0.018115632236003876,1.6703147888183594,353.85693359375
2017-04-22 22:00:00+00:00,7.211188316345215,-6.394081115722656,0.019528798758983612,1.655949592590332,354.444580078125
2017-04-22 23:00:00+00:00,7.3324127197265625,-5.096796989440918,0.3161299228668213,1.626957893371582,355.00244140625
2017-04-23 00:00:00+00:00,7.4524030685424805,-3.6310768127441406,1.1753063201904297,1.5887222290039062,355.4931640625
2017-04-23 01:00:00+00:00,7.548102378845215,-2.7543907165527344,2.4346256256103516,1.5485868453979492,355.908203125
2017-04-23 02:00:00+00:00,7.614707946777344,-2.3680076599121094,3.746832847595215,1.5093975067138672,356.19873046875
2017-04-23 03:00:00+00:00,7.657229423522949,-2.118617057800293,4.655510902404785,1.4722814559936523,356.348876953125
2017-04-23 04:00:00+00:00,7.683871269226074,-1.8947772979736328,5.267866134643555,1.4373645782470703,356.389892578125
2017-04-23 05:00:00+00:00,7.71734619140625,-1.8454341888427734,5.783452987670898,1.4178791046142578,356.25244140625
2017-04-23 06:00:00+00:00,7.715201377868652,-1.6802453994750977,5.97509765625,1.392324447631836,355.981201171875
2017-04-23 07:00:00+00:00,7.712726593017578,-1.1875982284545898,5.932141304016113,1.3710565567016602,355.665283203125
2017-04-23 08:00:00+00:00,7.724702835083008,-0.5137611627578735,5.822361946105957,1.3504114151000977,355.5146484375
2017-04-23 09:00:00+00:00,7.749067306518555,0.1580309271812439,5.618257522583008,1.3308773040771484,355.553955078125
2017-04-23 10:00:00+00:00,7.8117876052856445,1.4447050094604492,5.043595314025879,1.3092336654663086,355.93603515625
2017-04-23 11:00:00+00:00,7.887978553771973,2.025421142578125,4.635409355163574,1.2996530532836914,356.41650390625
2017-04-23 12:00:00+00:00,7.938380241394043,2.5113096237182617,3.911113739013672,1.2808780670166016,356.983154296875
2017-04-23 13:00:00+00:00,7.9901018142700195,2.6566457748413086,2.836634635925293,1.2633857727050781,357.59326171875
2017-04-23 14:00:00+00:00,8.023942947387695,2.7544288635253906,1.5344209671020508,1.247960090637207,358.214599609375
2017-04-23 15:00:00+00:00,8.018762588500977,3.299494743347168,0.22402024269104004,1.2361040115356445,358.854248046875
2017-04-23 16:00:00+00:00,7.955874443054199,3.914958953857422,-0.2708105444908142,1.2305412292480469,359.47998046875
2017-04-23 17:00:00+00:00,7.868114471435547,4.866983413696289,0.1846163272857666,1.2285776138305664,359.876220703125
2017-04-23 18:00:00+00:00,7.770421981811523,5.898930549621582,1.4012136459350586,1.2274808883666992,0.08712995052337646
2017-04-23 19:00:00+00:00,7.784257888793945,6.735919952392578,3.1360702514648438,1.2752771377563477,0.012600615620613098
2017-04-23 20:00:00+00:00,7.639730453491211,7.204822540283203,5.004218101501465,1.2766122817993164,359.353271484375
2017-04-23 21:00:00+00:00,7.439792633056641,6.528524398803711,6.969649314880371,1.286696434020996,356.798583984375
2017-04-23 22:00:00+00:00,7.202150344848633,5.863054275512695,7.912113189697266,1.306136131286621,349.7998046875
2017-04-23 23:00:00+00:00,6.959305763244629,2.4717397689819336,9.53985595703125,1.323415756225586,338.152099609375
2017-04-27 00:00:00+00:00,7.234950065612793,-5.942403793334961,2.372220993041992,1.6934623718261719,357.576416015625
2017-04-27 01:00:00+00:00,7.252744674682617,-5.340752601623535,3.2214155197143555,1.6139841079711914,357.640869140625
2017-04-27 02:00:00+00:00,7.218898773193359,-5.319053649902344,4.04777717590332,1.5496540069580078,357.310302734375
2017-04-27 03:00:00+00:00,7.110055923461914,-5.65201473236084,4.920018196105957,1.5034523010253906,356.338134765625
2017-04-27 04:00:00+00:00,6.911151885986328,-5.147767066955566,5.862422943115234,1.4475889205932617,354.847412109375
2017-04-27 05:00:00+00:00,6.745913505554199,-3.475274085998535,7.402792930603027,1.4181537628173828,352.68896484375
2017-04-27 06:00:00+00:00,6.525897026062012,-2.525796890258789,8.827516555786133,1.4042749404907227,349.14453125
2017-04-27 07:00:00+00:00,6.29134464263916,-1.5543670654296875,9.254274368286133,1.4010133743286133,344.57861328125
2017-04-27 08:00:00+00:00,6.110053062438965,-1.1354179382324219,9.06868839263916,1.3923368453979492,340.232666015625
2017-04-27 09:00:00+00:00,5.977655410766602,-0.9570566415786743,9.115504264831543,1.3764543533325195,336.454345703125
2017-04-27 10:00:00+00:00,5.879852294921875,0.44119733572006226,9.772470474243164,1.4095592498779297,331.242431640625
2017-04-27 11:00:00+00:00,5.76313591003418,0.3861132264137268,9.788843154907227,1.4043245315551758,327.186279296875
2017-04-27 12:00:00+00:00,5.710102081298828,0.3176444172859192,9.5481538772583,1.3906517028808594,325.146484375
2017-04-27 13:00:00+00:00,5.739760398864746,0.13783198595046997,8.58421516418457,1.3588829040527344,325.510009765625
2017-04-27 14:00:00+00:00,5.844588279724121,-1.0848512649536133,7.331783294677734,1.3112401962280273,328.07373046875
2017-04-27 15:00:00+00:00,5.987330436706543,-2.0258102416992188,5.926122665405273,1.2614622116088867,331.6953125
2017-04-27 16:00:00+00:00,6.129667282104492,-3.8156557083129883,4.938570022583008,1.220393180847168,335.30712890625
2017-04-27 17:00:00+00:00,6.246788024902344,-4.865774154663086,4.060728073120117,1.1914348602294922,338.30322265625
2017-04-27 18:00:00+00:00,6.331756591796875,-4.887730598449707,3.537278175354004,1.1730022430419922,340.646484375
2017-04-27 19:00:00+00:00,6.375186920166016,-5.332001686096191,3.891995429992676,1.1658563613891602,342.39404296875
2017-04-27 20:00:00+00:00,6.3245649337768555,-6.462740898132324,4.285158157348633,1.179060935974121,343.472900390625
2017-04-27 21:00:00+00:00,6.1857194900512695,-7.222907066345215,4.329037666320801,1.2121496200561523,343.951171875
2017-04-27 22:00:00+00:00,6.058210372924805,-7.450199127197266,4.473596572875977,1.2432069778442383,344.20263671875
2017-04-27 23:00:00+00:00,5.908838272094727,-8.018537521362305,4.501218795776367,1.2842416763305664,344.212890625
2017-04-28 00:00:00+00:00,5.781715393066406,-8.329132080078125,4.186611175537109,1.3288707733154297,344.2841796875
2017-04-28 01:00:00+00:00,5.706399917602539,-8.40127944946289,3.825765609741211,1.3656845092773438,344.662841796875
2017-04-28 02:00:00+00:00,5.6873064041137695,-8.671784400939941,3.3035573959350586,1.382288932800293,345.34375
2017-04-28 03:00:00+00:00,5.703834533691406,-8.280308723449707,2.9625139236450195,1.3763818740844727,345.947998046875
2017-04-28 04:00:00+00:00,5.716618537902832,-8.17818832397461,2.9692916870117188,1.364426612854004,346.3193359375
2017-04-28 05:00:00+00:00,5.713840484619141,-8.147767066955566,2.799257278442383,1.3515100479125977,346.596435546875
2017-04-28 06:00:00+00:00,5.714012145996094,-8.098738670349121,2.541830062866211,1.3328895568847656,346.95556640625
2017-04-28 07:00:00+00:00,5.715472221374512,-7.821165084838867,2.558961868286133,1.3092403411865234,347.36181640625
2017-04-28 08:00:00+00:00,5.698124885559082,-7.684267044067383,2.689990997314453,1.2883033752441406,347.657958984375
2017-04-28 09:00:00+00:00,5.6565656661987305,-7.572608947753906,2.903961181640625,1.2726850509643555,347.829833984375
2017-04-28 10:00:00+00:00,5.671380996704102,-6.549291610717773,2.7374000549316406,1.2394542694091797,348.232421875
2017-04-28 11:00:00+00:00,5.65803337097168,-5.846809387207031,2.795607566833496,1.1811418533325195,348.738037109375
2017-04-28 12:00:00+00:00,5.697502136230469,-5.161267280578613,2.7760190963745117,1.1446685791015625,349.2060546875
2017-04-28 13:00:00+00:00,5.742919921875,-4.841281890869141,2.8947362899780273,1.1068620681762695,349.7841796875
2017-04-28 14:00:00+00:00,5.773547172546387,-4.4813947677612305,2.614166259765625,1.0727920532226562,350.371826171875
2017-04-28 15:00:00+00:00,5.829362869262695,-3.380939483642578,1.9418754577636719,1.0359277725219727,351.212646484375
2017-04-28 16:00:00+00:00,5.8927717208862305,-2.3076353073120117,1.7310428619384766,1.0001087188720703,352.133056640625
2017-04-28 17:00:00+00:00,5.946185111999512,-1.5790367126464844,1.72021484375,0.9688259959220886,353.03369140625
2017-04-28 18:00:00+00:00,5.985251426696777,-1.144378662109375,1.6659431457519531,0.9418411254882812,353.8759765625
2017-04-28 19:00:00+00:00,6.017707824707031,-0.8398056030273438,1.2300405502319336,0.9184768795967102,354.682861328125
2017-04-28 20:00:00+00:00,6.041982650756836,-0.3611682653427124,0.8514890074729919,0.8981857299804688,355.457763671875
2017-04-28 21:00:00+00:00,6.072604179382324,0.2962092161178589,0.5966329574584961,0.8827415108680725,356.202880859375
2017-04-28 22:00:00+00:00,6.049391746520996,3.238306999206543,-0.006011597812175751,0.8750432729721069,357.012451171875
2017-04-28 23:00:00+00:00,6.00274658203125,4.701539993286133,0.20666706562042236,0.8706568479537964,357.4990234375
2017-04-29 00:00:00+00:00,5.940069198608398,5.890054702758789,0.4963047504425049,0.8680394887924194,357.91552734375
2017-04-29 01:00:00+00:00,5.8683977127075195,6.405132293701172,0.7858102917671204,0.8665652275085449,358.235107421875
2017-04-29 02:00:00+00:00,5.82286262512207,6.364747047424316,1.225931167602539,0.8623380064964294,358.562744140625
2017-04-29 03:00:00+00:00,6.0841827392578125,5.808232307434082,1.6526527404785156,0.9393774271011353,358.989501953125
2017-04-29 04:00:00+00:00,6.150176048278809,5.176430702209473,1.5541467666625977,0.9260631203651428,359.682373046875
2017-04-29 05:00:00+00:00,6.210786819458008,4.729977607727051,0.957302987575531,0.9098130464553833,0.4290081858634949
2017-04-29 06:00:00+00:00,6.249739646911621,4.65540885925293,-0.05247897282242775,0.8929421305656433,1.2139406204223633
2017-04-29 07:00:00+00:00,6.256570816040039,4.800884246826172,-0.8929718732833862,0.8772420287132263,1.9717464447021484
2017-04-29 08:00:00+00:00,6.242701530456543,5.078134536743164,-1.4746198654174805,0.8622105121612549,2.7389698028564453
2017-04-29 09:00:00+00:00,6.218841552734375,5.108623504638672,-1.9822359085083008,0.8469669818878174,3.5892820358276367
2017-04-29 10:00:00+00:00,6.183224678039551,5.107733726501465,-2.2945079803466797,0.8327743411064148,5.191546440124512
2017-04-29 11:00:00+00:00,6.0899858474731445,5.260810852050781,-3.332590103149414,0.8234157562255859,7.078359603881836
2017-04-29 12:00:00+00:00,5.948829650878906,5.560909271240234,-4.232816696166992,0.8189008235931396,9.935800552368164
2017-04-29 13:00:00+00:00,5.770195960998535,5.9253034591674805,-4.833081245422363,0.8191714882850647,14.13868522644043
2017-04-29 14:00:00+00:00,5.532279968261719,6.308742523193359,-5.1295623779296875,0.830152690410614,21.771453857421875
2017-04-29 15:00:00+00:00,5.288512229919434,6.6685380935668945,-5.729950904846191,0.8463346362113953,34.22016906738281
2017-04-29 16:00:00+00:00,5.008057594299316,7.551968574523926,-6.289007186889648,0.8760814666748047,54.58726501464844
2017-04-29 17:00:00+00:00,4.742469787597656,8.32365608215332,-6.508031845092773,0.9170422554016113,77.54202270507812
2017-04-29 18:00:00+00:00,4.5602312088012695,8.664414405822754,-6.894136428833008,0.9559828639030457,94.72193908691406
2017-04-29 19:00:00+00:00,4.377371788024902,8.90793514251709,-7.452622413635254,0.9695380926132202,106.48619079589844
2017-04-29 20:00:00+00:00,4.299992561340332,9.107538223266602,-7.877486228942871,1.0316791534423828,114.07862854003906
2017-04-29 21:00:00+00:00,4.270153999328613,9.113743782043457,-8.230329513549805,1.1139755249023438,118.46583557128906
2017-04-29 22:00:00+00:00,4.308263778686523,8.629312515258789,-9.10323715209961,1.1993303298950195,120.30097961425781
2017-04-29 23:00:00+00:00,4.382510185241699,8.321306228637695,-9.679277420043945,1.2726049423217773,120.11961364746094
2017-04-30 00:00:00+00:00,4.462489128112793,7.8956146240234375,-10.16676139831543,1.3245182037353516,119.27430725097656
2017-04-30 01:00:00+00:00,4.530709266662598,7.135931015014648,-10.723869323730469,1.3649396896362305,117.94767761230469
2017-04-30 02:00:00+00:00,4.587998390197754,6.515663146972656,-11.003920555114746,1.3903064727783203,116.35972595214844
2017-04-30 03:00:00+00:00,4.634217262268066,6.03187370300293,-11.11558723449707,1.4082307815551758,114.45321655273438
2017-04-30 04:00:00+00:00,4.746892929077148,6.0070390701293945,-11.292640686035156,1.474106788635254,112.72459411621094
2017-04-30 05:00:00+00:00,4.776998519897461,6.256593704223633,-11.64544677734375,1.4829730987548828,111.62271118164062
2017-04-30 06:00:00+00:00,4.809343338012695,6.562134742736816,-12.234763145446777,1.5134763717651367,111.00440979003906
2017-04-30 07:00:00+00:00,4.855905532836914,6.562861442565918,-12.626204490661621,1.5602569580078125,110.76826477050781
2017-04-30 08:00:00+00:00,4.914934158325195,6.497037887573242,-12.755982398986816,1.6113882064819336,110.61495971679688
2017-04-30 09:00:00+00:00,4.967907905578613,6.223128318786621,-12.412874221801758,1.6420660018920898,110.45445251464844
2017-04-30 10:00:00+00:00,5.03471565246582,5.805736541748047,-13.149463653564453,1.6795692443847656,109.52033996582031
2017-04-30 11:00:00+00:00,5.108147621154785,5.43658447265625,-13.935140609741211,1.7475337982177734,108.120849609375
2017-04-30 12:00:00+00:00,5.195891380310059,5.487784385681152,-14.228272438049316,1.8525543212890625,107.02133178710938
2017-04-30 13:00:00+00:00,5.29865837097168,5.427769660949707,-14.664222717285156,1.9410810470581055,105.80621337890625
2017-04-30 14:00:00+00:00,5.396330833435059,5.656583786010742,-15.00351333618164,2.022022247314453,104.61637878417969
2017-04-30 15:00:00+00:00,5.486043930053711,5.707945823669434,-15.28703498840332,2.0719261169433594,103.81123352050781
2017-04-30 16:00:00+00:00,5.553850173950195,5.6587324142456055,-15.545012474060059,2.082235336303711,103.03286743164062
2017-04-30 17:00:00+00:00,5.5966033935546875,5.9765520095825195,-15.496675491333008,2.0782909393310547,102.11288452148438
2017-04-30 18:00:00+00:00,5.615610122680664,6.325772285461426,-15.40957260131836,2.0752573013305664,101.51483154296875
2017-04-30 19:00:00+00:00,5.620200157165527,6.56495475769043,-15.395341873168945,2.0945167541503906,101.65034484863281
2017-04-30 20:00:00+00:00,5.627516746520996,6.593587875366211,-15.560895919799805,2.1195907592773438,102.18611145019531
2017-04-30 21:00:00+00:00,5.640590667724609,6.748080253601074,-15.198246002197266,2.12351131439209,102.61589050292969
2017-04-30 22:00:00+00:00,5.657232284545898,5.896844863891602,-15.879376411437988,2.120943069458008,101.66069030761719
2017-04-30 23:00:00+00:00,5.675782203674316,5.2808837890625,-16.0386962890625,2.1278419494628906,100.17872619628906
