timestamp,2 metre temperature,Significant height of combined wind waves and swell,10 metre U wind component,Mean wave direction,2 metre dewpoint temperature,Total precipitation,Mean wave period,10 metre V wind component
2017-02-01 00:00:00+00:00,279.1796875,1.399348258972168,-4.213974952697754,137.9268798828125,277.8623046875,,5.086660385131836,8.61240291595459
2017-02-01 01:00:00+00:00,279.26904296875,1.4021520614624023,-4.654129981994629,138.0642852783203,278.057373046875,,5.039301872253418,8.47665786743164
2017-02-01 02:00:00+00:00,279.3046875,1.4288358688354492,-5.346789360046387,137.9599609375,278.20068359375,,5.00069522857666,8.398967742919922
2017-02-01 03:00:00+00:00,279.331787109375,1.4621667861938477,-5.324063301086426,138.10365295410156,278.265625,,4.987114906311035,9.149789810180664
2017-02-01 04:00:00+00:00,279.402587890625,1.4756851196289062,-4.707071304321289,138.50624084472656,278.3876953125,,4.999195098876953,9.243304252624512
2017-02-01 05:00:00+00:00,279.540771484375,1.4868659973144531,-4.6288299560546875,139.5530242919922,278.6025390625,,5.006377220153809,9.12961196899414
2017-02-01 06:00:00+00:00,279.7509765625,1.482527732849121,-4.437384605407715,140.26995849609375,278.927734375,0.00040634232573211193,5.010715484619141,9.076210021972656
2017-02-01 07:00:00+00:00,279.96435546875,1.476567268371582,-4.058487892150879,140.6810760498047,279.27001953125,,5.006189346313477,9.020777702331543
2017-02-01 08:00:00+00:00,280.17529296875,1.4684505462646484,-3.767465591430664,141.2898712158203,279.59375,,4.997223854064941,8.992100715637207
2017-02-01 09:00:00+00:00,280.384521484375,1.4685287475585938,-3.581051826477051,142.46505737304688,279.888916015625,,4.980913162231445,8.969873428344727
2017-02-01 10:00:00+00:00,280.467529296875,1.3981943130493164,-3.037027359008789,142.00320434570312,280.006591796875,,5.012725830078125,8.383773803710938
2017-02-01 11:00:00+00:00,280.607177734375,1.3554582595825195,-3.003312110900879,142.0986328125,280.1328125,,4.998309135437012,8.65717887878418
2017-02-01 12:00:00+00:00,280.670654296875,1.3371953964233398,-2.9926586151123047,142.69276428222656,280.1953125,,4.958146095275879,8.916379928588867
2017-02-01 13:00:00+00:00,280.753662109375,1.3312511444091797,-2.6501598358154297,143.48802185058594,280.255859375,,4.926532745361328,8.978719711303711
2017-02-01 14:00:00+00:00,280.806640625,1.3103771209716797,-2.3605432510375977,143.65138244628906,280.2978515625,,4.930726051330566,8.766338348388672
2017-02-01 15:00:00+00:00,280.77001953125,1.2731752395629883,-1.5935792922973633,143.07192993164062,280.26318359375,,4.955497741699219,8.409610748291016
2017-02-01 16:00:00+00:00,280.802734375,1.2272930145263672,-1.1422414779663086,142.4752655029297,280.2724609375,,4.978069305419922,7.944408416748047
2017-02-01 17:00:00+00:00,280.92431640625,1.1856679916381836,-1.613626480102539,142.14517211914062,280.328857421875,,4.971928596496582,7.937033653259277
2017-02-01 18:00:00+00:00,281.094482421875,1.155726432800293,-1.0002365112304688,142.6931915283203,280.392333984375,4.196392183075659e-06,4.922365188598633,8.207406997680664
2017-02-01 19:00:00+00:00,281.199462890625,1.251133918762207,-0.5556889772415161,145.19374084472656,280.386474609375,,5.02945613861084,8.39992618560791
2017-02-01 20:00:00+00:00,281.18310546875,1.2145719528198242,-0.6502771973609924,147.2469940185547,280.326171875,,4.947518348693848,8.473721504211426
2017-02-01 21:00:00+00:00,281.183837890625,1.0870428085327148,-0.9285604357719421,149.03334045410156,280.274169921875,,4.677764892578125,8.747675895690918
2017-02-01 22:00:00+00:00,281.211181640625,1.0639362335205078,-0.9034883379936218,151.00047302246094,280.2958984375,,4.604028701782227,8.25162410736084
2017-02-01 23:00:00+00:00,281.2021484375,1.0708494186401367,-0.8429996967315674,154.14260864257812,280.246337890625,,4.509154319763184,8.961578369140625
2017-02-02 00:00:00+00:00,281.2197265625,1.092757225036621,-0.49414193630218506,157.659912109375,280.09423828125,,4.436317443847656,9.112281799316406
2017-02-02 01:00:00+00:00,281.271728515625,1.0974597930908203,-0.8812853693962097,159.37979125976562,279.9638671875,,4.417341232299805,8.815274238586426
2017-02-02 02:00:00+00:00,281.257568359375,1.0929794311523438,-1.2071008682250977,160.12059020996094,279.9501953125,,4.416694641113281,8.783087730407715
2017-02-02 03:00:00+00:00,281.2119140625,1.1058721542358398,-1.8581171035766602,160.31411743164062,279.9560546875,,4.408659934997559,8.907313346862793
2017-02-02 04:00:00+00:00,281.2109375,1.132807731628418,-2.0537118911743164,160.16444396972656,279.966552734375,,4.404016494750977,9.086512565612793
2017-02-02 05:00:00+00:00,281.213134765625,1.178236961364746,-1.444899559020996,161.02259826660156,279.942626953125,,4.403444290161133,9.660629272460938
2017-02-02 06:00:00+00:00,281.14794921875,1.2406044006347656,-0.6493195295333862,163.0499725341797,279.836181640625,4.5199296437203884e-05,4.41588020324707,10.118504524230957
2017-02-02 07:00:00+00:00,281.052001953125,1.2787466049194336,-0.8838805556297302,164.09164428710938,279.684326171875,,4.456891059875488,9.96210765838623
2017-02-02 08:00:00+00:00,280.923095703125,1.2818536758422852,-2.239415168762207,162.93377685546875,279.412109375,,4.506106376647949,9.456212043762207
2017-02-02 09:00:00+00:00,280.87646484375,1.3006362915039062,-3.0744333267211914,160.94439697265625,279.026123046875,,4.533349990844727,9.773553848266602
2017-02-02 10:00:00+00:00,281.310546875,1.3301515579223633,-2.8777170181274414,160.05191040039062,279.2373046875,,4.551666259765625,9.737281799316406
2017-02-02 11:00:00+00:00,281.51171875,1.3924789428710938,-3.490166664123535,159.1374053955078,279.57568359375,,4.586082458496094,10.05193042755127
2017-02-02 12:00:00+00:00,281.781982421875,1.4488239288330078,-3.5145998001098633,158.0166473388672,279.75439453125,,4.646324157714844,10.309825897216797
2017-02-02 13:00:00+00:00,282.052001953125,1.520585060119629,-3.4804763793945312,157.66094970703125,279.63623046875,,4.711009979248047,10.18792724609375
2017-02-02 14:00:00+00:00,282.197998046875,1.5396080017089844,-4.230055809020996,156.90806579589844,279.50048828125,,4.78171443939209,9.806419372558594
2017-02-02 15:00:00+00:00,282.12939453125,1.5617828369140625,-3.734437942504883,155.35511779785156,279.4287109375,,4.833240509033203,10.914608001708984
2017-02-02 16:00:00+00:00,282.010009765625,1.6202144622802734,-2.4212026596069336,156.6651153564453,279.401123046875,,4.863378524780273,11.318998336791992
2017-02-02 17:00:00+00:00,281.976806640625,1.6392192840576172,-1.7385444641113281,158.7074432373047,279.487060546875,,4.895334243774414,10.993158340454102
2017-02-02 18:00:00+00:00,281.91845703125,1.6338062286376953,-1.7411603927612305,160.24111938476562,279.644775390625,5.6648103054612875e-05,4.919493675231934,10.572198867797852
2017-02-02 19:00:00+00:00,281.86328125,1.592085838317871,-2.2808637619018555,161.16380310058594,279.7607421875,,4.895617485046387,10.217574119567871
2017-02-02 20:00:00+00:00,281.83837890625,1.5885381698608398,-2.2464027404785156,161.71197509765625,279.801025390625,,4.902730941772461,10.90926456451416
2017-02-02 21:00:00+00:00,281.79150390625,1.5741987228393555,-1.7707033157348633,162.70639038085938,279.76513671875,,4.8317461013793945,11.37198543548584
2017-02-02 22:00:00+00:00,281.866455078125,1.5700464248657227,-1.1163625717163086,163.80690002441406,279.418701171875,,4.845623970031738,10.728377342224121
2017-02-02 23:00:00+00:00,281.791259765625,1.5487585067749023,-0.8116779327392578,165.1304931640625,279.37109375,,4.847614288330078,10.496806144714355
2017-02-03 00:00:00+00:00,281.693603515625,1.5051755905151367,-0.255209743976593,166.59814453125,279.332763671875,,4.836548805236816,10.13064193725586
2017-02-03 01:00:00+00:00,281.602294921875,1.4463872909545898,-0.1296241283416748,167.7015380859375,279.274658203125,,4.808611869812012,10.03819465637207
2017-02-03 02:00:00+00:00,281.464599609375,1.4122962951660156,0.41690123081207275,169.17269897460938,279.1767578125,,4.756356239318848,9.711771965026855
2017-02-03 03:00:00+00:00,281.302490234375,1.3654451370239258,0.2425316572189331,170.35848999023438,279.073486328125,,4.746495246887207,9.123151779174805
2017-02-03 04:00:00+00:00,281.0654296875,1.3034553527832031,0.42060333490371704,171.97463989257812,278.962646484375,,4.663949012756348,9.679672241210938
2017-02-03 05:00:00+00:00,280.812255859375,1.2687854766845703,1.0611858367919922,174.21202087402344,278.863037109375,,4.572554588317871,9.170370101928711
2017-02-03 06:00:00+00:00,280.621337890625,1.2032470703125,1.0184602737426758,175.55064392089844,278.803955078125,0.0,4.51479434967041,8.85167407989502
2017-02-03 07:00:00+00:00,280.500244140625,1.1349773406982422,1.4351873397827148,176.652587890625,278.724365234375,,4.454350471496582,8.554447174072266
2017-02-03 08:00:00+00:00,280.30908203125,1.0790128707885742,1.3355731964111328,178.15707397460938,278.5732421875,,4.379870414733887,8.137587547302246
2017-02-03 09:00:00+00:00,280.101806640625,1.0121240615844727,0.4484555125236511,178.2139129638672,278.427978515625,,4.3230133056640625,7.926043510437012
2017-02-03 10:00:00+00:00,280.09619140625,0.9449989795684814,-0.4070519208908081,176.77212524414062,278.5498046875,,4.261005401611328,7.402902603149414
2017-02-03 11:00:00+00:00,280.30712890625,0.9009101986885071,-0.6098302006721497,175.12033081054688,278.590087890625,,4.169816017150879,7.593146324157715
2017-02-03 12:00:00+00:00,280.5869140625,0.8740089535713196,-0.7493864893913269,173.88136291503906,278.506591796875,,4.081836700439453,7.466689109802246
2017-02-03 13:00:00+00:00,280.770751953125,0.8471040725708008,-1.6596345901489258,171.64035034179688,278.3251953125,,4.020930290222168,7.075340270996094
2017-02-03 14:00:00+00:00,280.722900390625,0.8272538185119629,-3.5338335037231445,167.82772827148438,278.3095703125,,3.9614439010620117,6.673240661621094
2017-02-03 15:00:00+00:00,280.4990234375,0.8334317803382874,-5.328322410583496,162.01475524902344,278.3759765625,,3.889341354370117,6.431448936462402
2017-02-03 16:00:00+00:00,280.275146484375,0.8883556723594666,-5.9451799392700195,155.25253295898438,278.303955078125,,3.8362293243408203,7.003731727600098
2017-02-03 17:00:00+00:00,280.126953125,1.0017566680908203,-6.675925254821777,149.8310089111328,278.26025390625,,3.867375373840332,7.481249809265137
2017-02-03 18:00:00+00:00,280.209716796875,1.1676025390625,-7.349555015563965,146.64256286621094,278.18310546875,3.433643541939091e-06,4.005398750305176,7.997714996337891
2017-02-03 19:00:00+00:00,280.510498046875,1.3626108169555664,-7.286308288574219,145.36749267578125,278.048095703125,,4.2157182693481445,8.540215492248535
2017-02-03 20:00:00+00:00,280.745849609375,1.5252141952514648,-7.038159370422363,145.15640258789062,277.977294921875,,4.448295593261719,8.859705924987793
2017-02-03 21:00:00+00:00,280.7734375,1.664586067199707,-7.082344055175781,145.15867614746094,277.96337890625,,4.680881500244141,9.002009391784668
2017-02-03 22:00:00+00:00,280.739501953125,1.728926658630371,-7.337963104248047,144.0342559814453,278.021728515625,,4.831930160522461,9.026325225830078
2017-02-03 23:00:00+00:00,280.6298828125,1.7668380737304688,-7.324800491333008,142.9852752685547,278.2021484375,,4.9358110427856445,9.064424514770508
2017-02-04 00:00:00+00:00,280.432861328125,1.7698698043823242,-5.412666320800781,144.38851928710938,278.431884765625,,5.008288383483887,9.998394966125488
2017-02-04 01:00:00+00:00,279.920654296875,1.7051677703857422,1.8998908996582031,151.0218048095703,277.990234375,,5.001629829406738,10.91020679473877
2017-02-04 02:00:00+00:00,279.0537109375,1.6481332778930664,6.543349266052246,165.4219512939453,276.2958984375,,4.849811553955078,9.764330863952637
2017-02-04 03:00:00+00:00,278.796630859375,1.5846271514892578,7.360154151916504,183.06814575195312,275.716796875,,4.648642539978027,8.67983627319336
2017-02-04 04:00:00+00:00,278.5927734375,1.5199832916259766,7.591122627258301,194.34495544433594,275.6669921875,,4.63185977935791,7.671996116638184
2017-02-04 05:00:00+00:00,278.35107421875,1.4001903533935547,6.068549156188965,197.79708862304688,275.74365234375,,4.651105880737305,7.055265426635742
2017-02-04 06:00:00+00:00,278.203857421875,1.2538681030273438,4.044022560119629,197.0037841796875,275.885986328125,0.0,4.648458480834961,6.563507080078125
2017-02-04 07:00:00+00:00,278.122802734375,1.1145057678222656,1.7527809143066406,194.95718383789062,276.07421875,,4.6198835372924805,6.488433837890625
2017-02-04 08:00:00+00:00,278.163818359375,0.9997560381889343,0.4695298671722412,192.1398468017578,276.356689453125,,4.539453506469727,7.178130149841309
2017-02-04 09:00:00+00:00,278.362548828125,0.9198108911514282,0.5788764953613281,189.4701385498047,276.7255859375,,4.4082489013671875,6.4318695068359375
2017-02-04 10:00:00+00:00,278.519287109375,0.8629350066184998,1.169316291809082,187.9984893798828,276.893310546875,,4.2646894454956055,6.318929672241211
2017-02-04 11:00:00+00:00,278.70458984375,0.8040977716445923,1.726297378540039,187.18751525878906,276.861083984375,,4.168383598327637,5.643098831176758
2017-02-04 12:00:00+00:00,278.80908203125,0.730474054813385,2.5767087936401367,185.9453125,276.996337890625,,4.139963150024414,4.651082992553711
2017-02-04 13:00:00+00:00,278.886962890625,0.658815324306488,2.5238399505615234,184.0753173828125,277.10595703125,,4.1295013427734375,3.814451217651367
2017-02-04 14:00:00+00:00,278.9462890625,0.5955479145050049,1.9051275253295898,181.5871124267578,277.179443359375,,4.118241310119629,3.0372543334960938
2017-02-04 15:00:00+00:00,278.9990234375,0.5410013198852539,0.7193086743354797,178.5906982421875,277.24951171875,,4.110573768615723,2.271449089050293
2017-02-04 16:00:00+00:00,279.057861328125,0.49668294191360474,-1.240849494934082,174.90509033203125,277.3623046875,,4.084531784057617,2.2167282104492188
2017-02-04 17:00:00+00:00,279.102294921875,0.46498262882232666,-2.1711807250976562,169.79112243652344,277.594482421875,,4.00938606262207,2.748318672180176
2017-02-04 18:00:00+00:00,279.114013671875,0.4453355073928833,-2.4620141983032227,163.79576110839844,277.9072265625,8.685668944963254e-06,3.9015541076660156,3.4396257400512695
2017-02-04 19:00:00+00:00,279.065673828125,0.44279545545578003,-3.0486984252929688,157.7208251953125,278.051513671875,,3.751567840576172,4.482625961303711
2017-02-04 20:00:00+00:00,278.9951171875,0.4576260447502136,-2.806020736694336,152.84548950195312,278.1015625,,3.6245269775390625,5.28068733215332
2017-02-04 21:00:00+00:00,278.901611328125,0.4764382243156433,-1.9151182174682617,149.9020538330078,278.082763671875,,3.5942115783691406,5.642969131469727
2017-02-04 22:00:00+00:00,278.981201171875,0.482785701751709,-2.098649024963379,147.41847229003906,277.45458984375,,3.628429412841797,5.0588579177856445
2017-02-04 23:00:00+00:00,278.9208984375,0.4869776964187622,-2.12237548828125,144.58384704589844,277.45703125,,3.7036962509155273,5.277173042297363
2017-02-05 00:00:00+00:00,278.82177734375,0.481600821018219,-1.7965478897094727,141.69163513183594,277.446533203125,,3.8084840774536133,4.8752288818359375
2017-02-05 01:00:00+00:00,278.734375,0.4676938056945801,-1.8187074661254883,137.8455810546875,277.424560546875,,3.934933662414551,4.684103965759277
2017-02-05 02:00:00+00:00,278.7197265625,0.4544331431388855,-2.4594650268554688,132.79139709472656,277.456787109375,,4.043032646179199,4.335017204284668
2017-02-05 03:00:00+00:00,278.75634765625,0.448331356048584,-2.961435317993164,127.13467407226562,277.577880859375,,4.100552558898926,3.972872734069824
2017-02-05 04:00:00+00:00,278.777587890625,0.44329988956451416,-3.452458381652832,121.56854248046875,277.6884765625,,4.159783363342285,3.27447509765625
2017-02-05 05:00:00+00:00,278.78369140625,0.44376641511917114,-4.298952102661133,114.92573547363281,277.747802734375,,4.163025856018066,2.273998260498047
2017-02-05 06:00:00+00:00,278.798583984375,0.45471465587615967,-4.585752487182617,107.46563720703125,277.762939453125,0.0,4.087777137756348,2.1206302642822266
2017-02-05 07:00:00+00:00,278.86669921875,0.4824907183647156,-5.371691703796387,101.45616149902344,277.76806640625,,3.9316415786743164,1.6244573593139648
2017-02-05 08:00:00+00:00,278.965087890625,0.5121524930000305,-6.0097761154174805,96.89442443847656,277.864013671875,,3.842391014099121,0.9261027574539185
2017-02-05 09:00:00+00:00,279.064208984375,0.5296804904937744,-5.569159507751465,92.44636535644531,277.9580078125,,3.8253402709960938,0.3509727120399475
2017-02-05 10:00:00+00:00,279.021484375,0.526886522769928,-4.800898551940918,88.15447998046875,277.41552734375,,3.8636608123779297,0.019877243787050247
2017-02-05 11:00:00+00:00,279.096435546875,0.5154574513435364,-4.406152725219727,83.85673522949219,277.290283203125,,3.9412355422973633,-0.05992152541875839
2017-02-05 12:00:00+00:00,279.125732421875,0.4997360110282898,-3.06060791015625,79.39468383789062,277.24951171875,,4.051210403442383,-0.8021831512451172
2017-02-05 13:00:00+00:00,279.171142578125,0.48831790685653687,-2.2749862670898438,74.93606567382812,277.418212890625,,4.140059471130371,-2.2466135025024414
2017-02-05 14:00:00+00:00,279.234130859375,0.48446017503738403,-1.9702253341674805,70.1639404296875,277.51904296875,,4.185644149780273,-2.7240076065063477
2017-02-05 15:00:00+00:00,279.2568359375,0.48567771911621094,-1.2905006408691406,65.51657104492188,277.5869140625,,4.211002349853516,-3.3724632263183594
2017-02-05 16:00:00+00:00,279.334228515625,0.49252480268478394,-0.45512938499450684,60.52777099609375,277.62890625,,4.213399887084961,-4.3121137619018555
2017-02-05 17:00:00+00:00,279.439208984375,0.5158695578575134,0.14492225646972656,52.84089660644531,277.644775390625,,4.128098487854004,-5.241809844970703
2017-02-05 18:00:00+00:00,279.5146484375,0.5445223450660706,0.24917274713516235,45.937744140625,277.716064453125,7.63579294016381e-07,4.039732933044434,-5.557321548461914
2017-02-05 19:00:00+00:00,279.530029296875,0.573086142539978,0.08072155714035034,42.57164001464844,277.766357421875,,4.086191177368164,-5.455775260925293
2017-02-05 20:00:00+00:00,279.504150390625,0.5840935111045837,-0.19331693649291992,41.05462646484375,277.74609375,,4.121376991271973,-5.602021217346191
2017-02-05 21:00:00+00:00,279.47265625,0.6106089353561401,-0.5890125036239624,39.462005615234375,277.786376953125,,4.167665481567383,-5.642585754394531
2017-02-05 22:00:00+00:00,279.420654296875,0.633983314037323,-1.1555700302124023,39.10546875,277.63525390625,,4.22905158996582,-5.554326057434082
2017-02-05 23:00:00+00:00,279.394775390625,0.6493834853172302,-1.8748044967651367,39.88197326660156,277.677490234375,,4.313319206237793,-5.341856956481934
2017-02-06 00:00:00+00:00,279.371337890625,0.6590737700462341,-2.172086715698242,40.86421203613281,277.73779296875,,4.39848518371582,-5.03604793548584
2017-02-06 01:00:00+00:00,279.3232421875,0.658767819404602,-1.7446660995483398,42.04103088378906,277.796875,,4.5114030838012695,-4.45465087890625
2017-02-06 02:00:00+00:00,279.2578125,0.6525381803512573,-0.7131237983703613,43.15399169921875,277.765625,,4.6492414474487305,-3.5095624923706055
2017-02-06 03:00:00+00:00,279.19189453125,0.646969199180603,0.4814015030860901,44.067840576171875,277.77099609375,,4.788872718811035,-3.0047664642333984
2017-02-06 04:00:00+00:00,279.12548828125,0.6458778977394104,1.2220497131347656,44.49024963378906,277.782958984375,,4.903652191162109,-3.031097412109375
2017-02-06 05:00:00+00:00,279.04931640625,0.6468101739883423,1.0832929611206055,44.798309326171875,277.583251953125,,5.018894195556641,-3.1300277709960938
2017-02-06 06:00:00+00:00,278.994384765625,0.6491403579711914,0.3269726037979126,44.97630310058594,277.3798828125,1.526360574644059e-05,5.136456489562988,-3.153646469116211
2017-02-06 07:00:00+00:00,278.950439453125,0.6527986526489258,-1.4643802642822266,45.079437255859375,277.36767578125,,5.254924774169922,-2.817655563354492
2017-02-06 08:00:00+00:00,278.9365234375,0.6579685211181641,-2.374274253845215,45.107086181640625,277.210693359375,,5.368982315063477,-1.9430646896362305
2017-02-06 09:00:00+00:00,278.930908203125,0.663713812828064,-1.9867134094238281,45.04795837402344,277.102294921875,,5.48155403137207,-0.7759970426559448
2017-02-06 10:00:00+00:00,279.071533203125,0.6654037833213806,-1.8486461639404297,45.0074462890625,277.208251953125,,5.6253252029418945,-0.049910467118024826
2017-02-06 11:00:00+00:00,279.08056640625,0.6728975772857666,-1.8602447509765625,44.84733581542969,277.11279296875,,5.706311225891113,0.7935407757759094
2017-02-06 12:00:00+00:00,279.104736328125,0.6800363063812256,-1.3965368270874023,44.76560974121094,277.15625,,5.771723747253418,1.5330114364624023
2017-02-06 13:00:00+00:00,279.10205078125,0.6877910494804382,-1.5667686462402344,44.86846923828125,277.173583984375,,5.805278778076172,1.7635173797607422
2017-02-06 14:00:00+00:00,279.09228515625,0.6947303414344788,-1.7696104049682617,45.151336669921875,277.198486328125,,5.81648063659668,1.9936294555664062
2017-02-06 15:00:00+00:00,279.107421875,0.7052965760231018,-3.161940574645996,46.396759033203125,277.3603515625,,5.761997222900391,2.5827226638793945
2017-02-06 16:00:00+00:00,279.152099609375,0.7213674187660217,-3.7088022232055664,48.849639892578125,277.515869140625,,5.638355255126953,3.2995119094848633
2017-02-06 17:00:00+00:00,279.189453125,0.7418375015258789,-3.8709936141967773,52.4432373046875,277.61572265625,,5.4742937088012695,4.245396614074707
2017-02-06 18:00:00+00:00,279.177001953125,0.7753490209579468,-4.398471832275391,58.41859436035156,277.66796875,1.9089480929324054e-07,5.248828887939453,4.7410688400268555
2017-02-06 19:00:00+00:00,279.131591796875,0.8253419995307922,-3.761712074279785,67.041748046875,277.70263671875,,4.985791206359863,5.572206497192383
2017-02-06 20:00:00+00:00,279.048828125,0.8788043260574341,-4.081925392150879,76.58969116210938,277.69873046875,,4.779399871826172,5.983994483947754
2017-02-06 21:00:00+00:00,278.990966796875,0.909334123134613,-4.113491058349609,86.53334045410156,277.681396484375,,4.576153755187988,6.294605255126953
2017-02-06 22:00:00+00:00,279.084228515625,0.9584218859672546,-3.9968385696411133,98.08267211914062,277.92236328125,,4.436202049255371,6.935234069824219
2017-02-06 23:00:00+00:00,279.153076171875,1.0036087036132812,-4.007562637329102,106.878173828125,277.90869140625,,4.38153076171875,7.2314863204956055
2017-02-07 00:00:00+00:00,279.271484375,1.0362434387207031,-4.397200584411621,111.39228820800781,277.892333984375,,4.394311904907227,7.042600631713867
2017-02-07 01:00:00+00:00,279.39599609375,1.0794124603271484,-4.686723709106445,114.85733032226562,277.711669921875,,4.411291122436523,6.875420570373535
2017-02-07 02:00:00+00:00,279.375,1.1307783126831055,-4.77451229095459,117.35275268554688,277.51123046875,,4.451352119445801,6.650752067565918
2017-02-07 03:00:00+00:00,279.3408203125,1.1799707412719727,-5.556580543518066,118.83480834960938,277.554443359375,,4.50570011138916,7.106478691101074
2017-02-07 04:00:00+00:00,279.27783203125,1.221785545349121,-5.0714826583862305,119.17752075195312,277.557373046875,,4.579279899597168,7.282259941101074
2017-02-07 05:00:00+00:00,279.253662109375,1.2579145431518555,-4.8588666915893555,118.70921325683594,277.5947265625,,4.668276786804199,7.31573486328125
2017-02-07 06:00:00+00:00,279.225830078125,1.2860450744628906,-4.738138198852539,117.87669372558594,277.45703125,0.00021685176761820912,4.767115592956543,6.650914192199707
2017-02-07 07:00:00+00:00,279.17529296875,1.309774398803711,-4.702395439147949,116.30587768554688,277.33740234375,,4.870721817016602,6.459847450256348
2017-02-07 08:00:00+00:00,279.13818359375,1.329629898071289,-4.646967887878418,114.02621459960938,277.1591796875,,4.982216835021973,6.311229705810547
2017-02-07 09:00:00+00:00,279.111572265625,1.338383674621582,-4.656064033508301,111.24468994140625,277.09423828125,,5.1079559326171875,6.116771697998047
2017-02-07 10:00:00+00:00,279.04296875,1.3432369232177734,-5.18056583404541,108.27310180664062,277.2841796875,,5.22598934173584,6.090941429138184
2017-02-07 11:00:00+00:00,279.05078125,1.348067283630371,-4.723233222961426,105.31185913085938,277.1376953125,,5.336023330688477,5.886723518371582
2017-02-07 12:00:00+00:00,279.06494140625,1.3395261764526367,-3.99985408782959,101.75074768066406,277.187255859375,,5.4775390625,5.4579267501831055
2017-02-07 13:00:00+00:00,279.113037109375,1.3257770538330078,-3.790027618408203,97.92539978027344,277.227294921875,,5.632743835449219,4.585199356079102
2017-02-07 14:00:00+00:00,279.1513671875,1.3118133544921875,-4.328126907348633,94.27203369140625,277.32568359375,,5.774272918701172,3.7585620880126953
2017-02-07 15:00:00+00:00,279.16455078125,1.301992416381836,-4.638689994812012,91.24331665039062,277.388671875,,5.871586799621582,3.274930953979492
2017-02-07 16:00:00+00:00,279.1123046875,1.2945194244384766,-4.448841094970703,88.80180358886719,277.51953125,,5.931943893432617,2.8320703506469727
2017-02-07 17:00:00+00:00,279.08837890625,1.289780616760254,-5.152558326721191,86.77305603027344,277.5751953125,,5.961448669433594,1.7640256881713867
2017-02-07 18:00:00+00:00,279.009521484375,1.2916812896728516,-6.212776184082031,85.11541748046875,277.587646484375,6.0274876886978745e-05,5.955456733703613,1.4747142791748047
2017-02-07 19:00:00+00:00,278.90771484375,1.3097620010375977,-6.728848457336426,83.7774658203125,277.489501953125,,5.943449974060059,1.4760847091674805
2017-02-07 20:00:00+00:00,278.742919921875,1.345895767211914,-6.751760482788086,82.56231689453125,277.359130859375,,5.974993705749512,1.2784652709960938
2017-02-07 21:00:00+00:00,278.572509765625,1.3483705520629883,-6.8415679931640625,81.10624694824219,277.275390625,,5.995195388793945,0.7073317170143127
2017-02-07 22:00:00+00:00,278.1328125,1.3493843078613281,-6.425548553466797,79.64010620117188,276.81689453125,,6.047019004821777,0.8150413036346436
2017-02-07 23:00:00+00:00,277.921875,1.3618783950805664,-6.733925819396973,78.09616088867188,276.544921875,,6.077986717224121,-0.1232680082321167
2017-02-08 00:00:00+00:00,277.736083984375,1.3921775817871094,-6.8605194091796875,76.72483825683594,276.180419921875,,6.060580253601074,-0.8003933429718018
2017-02-08 01:00:00+00:00,277.521240234375,1.4355802536010742,-6.90362548828125,75.48887634277344,275.7626953125,,6.025261878967285,-1.02838134765625
2017-02-08 02:00:00+00:00,277.3955078125,1.4752912521362305,-6.900727272033691,74.47349548339844,275.39013671875,,6.027612686157227,-1.037109375
2017-02-08 03:00:00+00:00,277.284423828125,1.5728034973144531,-7.1652727127075195,73.37803649902344,274.956787109375,,6.18351936340332,-1.0723400115966797
2017-02-08 04:00:00+00:00,277.182861328125,1.5988750457763672,-7.473804473876953,72.30494689941406,273.933349609375,,6.217884063720703,-0.998250424861908
2017-02-08 05:00:00+00:00,277.01708984375,1.621847152709961,-7.391304016113281,71.22982788085938,273.543212890625,,6.24134635925293,-1.2166576385498047
2017-02-08 06:00:00+00:00,276.93798828125,1.6363296508789062,-6.859787940979004,70.08052062988281,273.38134765625,0.0001356123830191791,6.256625175476074,-2.1581459045410156
2017-02-08 07:00:00+00:00,276.92724609375,1.637537956237793,-6.809030532836914,68.91754150390625,273.21435546875,,6.2695770263671875,-2.970486640930176
2017-02-08 08:00:00+00:00,276.90283203125,1.6349906921386719,-7.2611846923828125,67.78550720214844,273.026611328125,,6.2551374435424805,-3.2326135635375977
2017-02-08 09:00:00+00:00,276.77685546875,1.625711441040039,-7.220598220825195,66.76419067382812,273.294189453125,,6.2352752685546875,-3.2272424697875977
2017-02-08 10:00:00+00:00,276.773681640625,1.6146106719970703,-6.611861228942871,65.97654724121094,272.77734375,,6.213521957397461,-3.301058769226074
2017-02-08 11:00:00+00:00,276.657470703125,1.6000041961669922,-6.675135612487793,65.30052185058594,273.16259765625,,6.19332218170166,-3.254868507385254
2017-02-08 12:00:00+00:00,276.61669921875,1.5841522216796875,-6.7672576904296875,64.71607971191406,272.717041015625,,6.177542686462402,-3.165055274963379
2017-02-08 13:00:00+00:00,276.53125,1.573190689086914,-6.603732109069824,64.11866760253906,272.4755859375,,6.153191566467285,-3.2100906372070312
2017-02-08 14:00:00+00:00,276.485595703125,1.5644378662109375,-6.701123237609863,63.47840881347656,272.4873046875,,6.130558013916016,-3.295560836791992
2017-02-08 15:00:00+00:00,276.3564453125,1.5606050491333008,-6.777522087097168,62.86497497558594,272.590087890625,,6.096103668212891,-3.1898841857910156
2017-02-08 16:00:00+00:00,276.441162109375,1.5567445755004883,-6.957976341247559,62.44355773925781,272.277099609375,,6.067004203796387,-3.162778854370117
2017-02-08 17:00:00+00:00,276.24853515625,1.5521430969238281,-6.9753875732421875,62.086883544921875,272.48876953125,,6.038313865661621,-3.029600143432617
2017-02-08 18:00:00+00:00,276.241943359375,1.5483388900756836,-6.9882001876831055,61.776336669921875,272.43359375,2.622921601869166e-05,6.002519607543945,-3.048264503479004
2017-02-08 19:00:00+00:00,276.281982421875,1.7214727401733398,-7.084139823913574,61.50660705566406,272.079345703125,,6.278522491455078,-3.0495710372924805
2017-02-08 20:00:00+00:00,276.22021484375,1.6816987991333008,-6.936149597167969,61.344635009765625,272.185302734375,,6.225115776062012,-3.0631322860717773
2017-02-08 21:00:00+00:00,276.287841796875,1.6385736465454102,-6.920783042907715,61.16206359863281,271.7236328125,,6.191993713378906,-3.0963706970214844
2017-02-08 22:00:00+00:00,276.17138671875,1.5773372650146484,-6.187688827514648,60.91758728027344,271.626953125,,6.205090522766113,-2.3535356521606445
2017-02-08 23:00:00+00:00,276.252197265625,1.5206594467163086,-5.94329833984375,60.546722412109375,271.3134765625,,6.200075149536133,-2.537644386291504
2017-02-09 00:00:00+00:00,276.344970703125,1.472513198852539,-6.091296195983887,60.17140197753906,270.940673828125,,6.1643171310424805,-2.550691604614258
2017-02-09 01:00:00+00:00,276.232177734375,1.4430055618286133,-6.532703399658203,60.08470153808594,271.1357421875,,6.0691423416137695,-2.702800750732422
2017-02-09 02:00:00+00:00,276.214599609375,1.4255399703979492,-7.093258857727051,60.26979064941406,271.204345703125,,5.9553985595703125,-2.308896064758301
2017-02-09 03:00:00+00:00,276.2314453125,1.4192314147949219,-7.531975746154785,60.807281494140625,270.986572265625,,5.8311967849731445,-1.960648536682129
2017-02-09 04:00:00+00:00,276.23974609375,1.4155654907226562,-7.611976623535156,61.505859375,270.968994140625,,5.7270002365112305,-2.00766658782959
2017-02-09 05:00:00+00:00,276.090087890625,1.415390968322754,-7.825010299682617,62.114471435546875,271.074951171875,,5.638618469238281,-2.0900754928588867
2017-02-09 06:00:00+00:00,276.09130859375,1.4086599349975586,-7.698173522949219,62.52166748046875,271.10791015625,3.767509770113975e-05,5.585832595825195,-1.5390872955322266
2017-02-09 07:00:00+00:00,276.078369140625,1.3997688293457031,-7.4038591384887695,62.966766357421875,271.095458984375,,5.551882743835449,-1.1804542541503906
2017-02-09 08:00:00+00:00,276.01025390625,1.388357162475586,-7.093649864196777,63.40635681152344,271.21826171875,,5.527640342712402,-1.302597999572754
2017-02-09 09:00:00+00:00,275.9140625,1.3731269836425781,-7.166093826293945,63.63348388671875,271.359375,,5.509757995605469,-1.5165109634399414
2017-02-09 10:00:00+00:00,275.805908203125,1.361968994140625,-7.336843490600586,63.510498046875,270.578369140625,,5.480599403381348,-2.0759925842285156
2017-02-09 11:00:00+00:00,275.685302734375,1.3702096939086914,-7.856797218322754,64.02587890625,270.8408203125,,5.417816162109375,-1.696371078491211
2017-02-09 12:00:00+00:00,275.706787109375,1.3754472732543945,-7.706177711486816,64.77679443359375,270.74560546875,,5.37210750579834,-1.113718032836914
2017-02-09 13:00:00+00:00,275.69873046875,1.3660545349121094,-7.281386375427246,65.25843811035156,270.48291015625,,5.360600471496582,-0.9375796914100647
2017-02-09 14:00:00+00:00,275.4833984375,1.3470821380615234,-7.099758148193359,65.28001403808594,270.707763671875,,5.36710262298584,-0.9840793609619141
2017-02-09 15:00:00+00:00,275.459716796875,1.3237762451171875,-6.87436580657959,65.05165100097656,271.07763671875,,5.3768815994262695,-1.0581541061401367
2017-02-09 16:00:00+00:00,275.351318359375,1.3112993240356445,-7.322418212890625,64.96989440917969,271.3505859375,,5.361188888549805,-1.3953981399536133
2017-02-09 17:00:00+00:00,275.45947265625,1.3208322525024414,-7.8504180908203125,65.17747497558594,271.270263671875,,5.305339813232422,-1.557769775390625
2017-02-09 18:00:00+00:00,275.459228515625,1.3583078384399414,-8.262292861938477,65.91734313964844,271.401611328125,0.00014247509534470737,5.225142478942871,-1.5894098281860352
2017-02-09 19:00:00+00:00,275.689208984375,1.3982620239257812,-8.414315223693848,66.95927429199219,271.446533203125,,5.181205749511719,-1.4010229110717773
2017-02-09 20:00:00+00:00,275.794921875,1.423527717590332,-8.401901245117188,67.68893432617188,271.48095703125,,5.179718017578125,-0.97207111120224
2017-02-09 21:00:00+00:00,275.485595703125,1.4340829849243164,-8.174942016601562,68.07914733886719,272.265869140625,,5.211050987243652,-0.8276580572128296
2017-02-09 22:00:00+00:00,275.506103515625,1.423299789428711,-8.010780334472656,67.81146240234375,271.942138671875,,5.265484809875488,-1.1833772659301758
2017-02-09 23:00:00+00:00,275.5439453125,1.4174308776855469,-7.8052568435668945,67.43679809570312,272.04052734375,,5.298230171203613,-1.4658327102661133
2017-02-18 00:00:00+00:00,279.677001953125,0.5022324919700623,-1.2910022735595703,357.398681640625,278.67138671875,,4.27214241027832,5.197147369384766
2017-02-18 01:00:00+00:00,279.81005859375,0.5183797478675842,-1.0148077011108398,17.739013671875,278.747314453125,,4.28230094909668,5.350211143493652
2017-02-18 02:00:00+00:00,279.889404296875,0.5148820877075195,-0.4549487829208374,30.5086669921875,278.815185546875,,4.196261405944824,5.66157341003418
2017-02-18 03:00:00+00:00,279.904296875,0.5127686262130737,0.5174149870872498,32.86277770996094,278.826416015625,,4.104216575622559,5.6973419189453125
2017-02-18 04:00:00+00:00,279.854736328125,0.5096098780632019,1.6259851455688477,300.024658203125,278.765869140625,,4.021951675415039,5.634923934936523
2017-02-18 05:00:00+00:00,279.76171875,0.5117117166519165,2.418661117553711,284.343505859375,278.644287109375,,3.9232168197631836,5.520071029663086
2017-02-18 06:00:00+00:00,279.59716796875,0.5258148312568665,2.780808448791504,273.257080078125,278.466796875,2.4804321583360434e-06,3.7954349517822266,5.521045684814453
2017-02-18 07:00:00+00:00,279.369873046875,0.5497217178344727,2.7120208740234375,249.24771118164062,278.266845703125,,3.6751251220703125,5.89088249206543
2017-02-18 08:00:00+00:00,279.07763671875,0.580687940120697,2.7552175521850586,221.70111083984375,278.060302734375,,3.5806779861450195,6.501108169555664
2017-02-18 09:00:00+00:00,278.720458984375,0.6292022466659546,3.6942806243896484,208.98069763183594,277.84814453125,,3.501148223876953,6.8402557373046875
2017-02-18 10:00:00+00:00,278.303955078125,0.712755560874939,3.8371353149414062,205.30796813964844,277.453857421875,,3.453934669494629,6.945792198181152
2017-02-18 11:00:00+00:00,278.361083984375,0.7628647089004517,4.129093170166016,205.39126586914062,277.441162109375,,3.51651668548584,6.518744468688965
2017-02-18 12:00:00+00:00,278.673583984375,0.7636657953262329,4.142855644226074,206.08721923828125,277.52685546875,,3.6005640029907227,6.130816459655762
2017-02-18 13:00:00+00:00,279.149169921875,0.7401317358016968,4.158473014831543,206.73037719726562,277.632568359375,,3.651723861694336,5.586530685424805
2017-02-18 14:00:00+00:00,279.63330078125,0.7126837968826294,4.494542121887207,207.83938598632812,277.854736328125,,3.6687498092651367,5.144322395324707
2017-02-18 15:00:00+00:00,280.0791015625,0.6834478378295898,4.722206115722656,208.846435546875,278.007568359375,,3.6771936416625977,4.783904075622559
2017-02-18 16:00:00+00:00,280.4423828125,0.6637037992477417,4.728757858276367,209.3829345703125,278.13427734375,,3.680999755859375,4.76353645324707
2017-02-18 17:00:00+00:00,280.7431640625,0.5832542777061462,4.455831527709961,209.61834716796875,278.267822265625,,3.4611587524414062,5.317374229431152
2017-02-18 18:00:00+00:00,280.896240234375,0.6059667468070984,4.0030364990234375,210.36868286132812,278.36376953125,0.0,3.462918281555176,6.143801689147949
2017-02-18 19:00:00+00:00,280.869873046875,0.6350998282432556,4.604217529296875,211.4344024658203,278.362548828125,,3.4555368423461914,5.868176460266113
2017-02-18 20:00:00+00:00,280.75830078125,0.6584272980690002,5.642045974731445,213.6412811279297,278.323974609375,,3.470749855041504,5.234657287597656
2017-02-18 21:00:00+00:00,280.623291015625,0.703210711479187,6.25654411315918,216.39495849609375,278.305908203125,,3.482174873352051,5.850006103515625
2017-02-18 22:00:00+00:00,280.42138671875,0.7863825559616089,7.116392135620117,219.2557373046875,278.244140625,,3.508307456970215,6.383496284484863
2017-02-18 23:00:00+00:00,280.3427734375,0.9022260308265686,7.908346176147461,223.01051330566406,278.2490234375,,3.6001453399658203,6.267138481140137
2017-02-19 00:00:00+00:00,280.2509765625,1.0038871765136719,8.062963485717773,226.68246459960938,278.273193359375,,3.736909866333008,6.06843376159668
2017-02-19 01:00:00+00:00,280.138671875,1.0417203903198242,8.457736015319824,230.54754638671875,278.3134765625,,3.862245559692383,5.020262718200684
2017-02-19 02:00:00+00:00,280.003662109375,1.0334653854370117,8.492063522338867,234.3616485595703,278.3623046875,,3.9504899978637695,4.289816856384277
2017-02-19 03:00:00+00:00,279.931884765625,1.0056734085083008,8.400375366210938,237.9119110107422,278.453125,,4.000796318054199,3.809213638305664
2017-02-19 04:00:00+00:00,279.95361328125,0.9697778820991516,8.146943092346191,240.69134521484375,278.570556640625,,4.017513275146484,3.6525487899780273
2017-02-19 05:00:00+00:00,280.024658203125,0.9307748675346375,7.928607940673828,243.42274475097656,278.693359375,,4.009815216064453,3.598104476928711
2017-02-19 06:00:00+00:00,280.179931640625,0.8932836055755615,7.923807144165039,246.38290405273438,278.828125,2.4997949367389083e-05,3.988279342651367,3.086432456970215
2017-02-19 07:00:00+00:00,280.306884765625,0.846646785736084,7.632140159606934,249.9703826904297,278.9189453125,,3.9736509323120117,2.0331296920776367
2017-02-19 08:00:00+00:00,280.317626953125,0.7892869114875793,7.448143005371094,253.99407958984375,278.87548828125,,3.9757814407348633,0.8904116153717041
2017-02-19 09:00:00+00:00,280.25830078125,0.7554972171783447,7.6497907638549805,259.390869140625,278.646484375,,3.9536495208740234,-0.05173890292644501
2017-02-19 10:00:00+00:00,280.4306640625,0.75226891040802,7.723545074462891,264.716552734375,278.8857421875,,3.9188175201416016,0.037660419940948486
2017-02-19 11:00:00+00:00,280.39453125,0.7414323091506958,7.386865615844727,269.5439453125,278.652099609375,,3.9492950439453125,0.03462407365441322
2017-02-19 12:00:00+00:00,280.425537109375,0.7286908030509949,7.187914848327637,274.33056640625,278.570556640625,,4.012507438659668,0.20007097721099854
2017-02-19 13:00:00+00:00,280.552734375,0.7065847516059875,6.872654914855957,279.217529296875,278.52734375,,4.132061004638672,0.18166500329971313
2017-02-19 14:00:00+00:00,280.64208984375,0.6776393055915833,6.381429672241211,284.6376953125,278.537353515625,,4.311701774597168,0.08257603645324707
2017-02-19 15:00:00+00:00,280.6630859375,0.6475263237953186,5.730796813964844,290.529541015625,278.566162109375,,4.552746772766113,0.60560542345047
2017-02-19 16:00:00+00:00,280.634765625,0.6208524703979492,5.297947883605957,296.48583984375,278.590576171875,,4.837342262268066,1.1252899169921875
2017-02-19 17:00:00+00:00,280.69970703125,0.6044678688049316,5.078096389770508,301.911376953125,278.658935546875,,5.101724624633789,1.4658517837524414
2017-02-19 18:00:00+00:00,280.837158203125,0.5877915024757385,4.921025276184082,307.223876953125,278.7958984375,2.5366098270751536e-05,5.384432792663574,2.304011344909668
2017-02-19 19:00:00+00:00,280.95458984375,0.5813071727752686,5.012059211730957,310.61962890625,278.984375,,5.5869855880737305,2.96291446685791
2017-02-19 20:00:00+00:00,281.0087890625,0.5875096321105957,5.319820404052734,310.906982421875,279.120361328125,,5.653895378112793,3.5616369247436523
2017-02-19 21:00:00+00:00,281.059814453125,0.6128610372543335,5.962184906005859,305.639892578125,279.20849609375,,5.506528854370117,3.918501853942871
2017-02-19 22:00:00+00:00,281.21337890625,0.6720880270004272,5.883091926574707,289.26171875,279.436279296875,,5.133846282958984,5.956260681152344
2017-02-19 23:00:00+00:00,281.227294921875,0.7626215815544128,6.992547988891602,271.75634765625,279.644287109375,,4.771549224853516,5.673232078552246
2017-02-20 00:00:00+00:00,281.2236328125,0.8189718723297119,7.56503963470459,262.474609375,279.84521484375,,4.516050338745117,5.042508125305176
2017-02-20 01:00:00+00:00,281.21337890625,0.8885077834129333,8.012497901916504,258.5771484375,279.9599609375,,4.419002532958984,4.460493087768555
2017-02-20 02:00:00+00:00,281.197998046875,0.9366328120231628,8.24386215209961,258.246337890625,280.031005859375,,4.422273635864258,4.1287641525268555
2017-02-20 03:00:00+00:00,281.259521484375,0.9673970937728882,8.519500732421875,259.929443359375,280.15185546875,,4.459497451782227,3.6976890563964844
2017-02-20 04:00:00+00:00,281.39111328125,1.0044870376586914,8.97187614440918,261.635009765625,280.344482421875,,4.4686079025268555,3.5087356567382812
2017-02-20 05:00:00+00:00,281.5576171875,1.0472831726074219,9.266128540039062,263.8447265625,280.5751953125,,4.469264030456543,3.1005096435546875
2017-02-20 06:00:00+00:00,281.663818359375,1.0748214721679688,9.286231994628906,266.784912109375,280.73681640625,3.8048558053560555e-05,4.489706993103027,2.4213218688964844
2017-02-20 07:00:00+00:00,281.72216796875,1.0899152755737305,9.283759117126465,270.447021484375,280.8251953125,,4.518706321716309,1.5532007217407227
2017-02-20 08:00:00+00:00,281.750244140625,1.1003398895263672,9.418889999389648,274.32177734375,280.84423828125,,4.545029640197754,0.7606641054153442
2017-02-20 09:00:00+00:00,281.700927734375,1.1024417877197266,9.270503044128418,277.299560546875,280.694091796875,,4.573245048522949,0.9737202525138855
2017-02-20 10:00:00+00:00,281.7255859375,1.116776466369629,9.489815711975098,276.64453125,280.4931640625,,4.5691423416137695,2.8343467712402344
2017-02-20 11:00:00+00:00,281.974609375,1.1717214584350586,10.201826095581055,274.03564453125,280.58447265625,,4.528953552246094,3.161733627319336
2017-02-20 12:00:00+00:00,282.240478515625,1.2475671768188477,10.990219116210938,272.826904296875,280.796142578125,,4.516014099121094,2.7200841903686523
2017-02-20 13:00:00+00:00,282.484375,1.3458309173583984,11.475815773010254,273.25439453125,280.887451171875,,4.538148880004883,2.113931655883789
2017-02-20 14:00:00+00:00,282.73095703125,1.4201555252075195,10.817667961120605,274.998779296875,280.730224609375,,4.609766960144043,2.1621017456054688
2017-02-20 15:00:00+00:00,282.822509765625,1.4444189071655273,10.193642616271973,277.471435546875,280.64892578125,,4.705004692077637,1.6887331008911133
2017-02-20 16:00:00+00:00,282.927490234375,1.464639663696289,10.296832084655762,281.03369140625,280.723388671875,,4.811951637268066,0.4011436104774475
2017-02-20 17:00:00+00:00,282.939453125,1.5242538452148438,10.95920467376709,285.80224609375,280.75634765625,,4.93251895904541,-1.5070695877075195
2017-02-20 18:00:00+00:00,282.732666015625,1.589035987854004,11.065425872802734,291.164794921875,280.597412109375,9.830440831137821e-06,5.044315338134766,-2.7921085357666016
2017-02-20 19:00:00+00:00,282.356689453125,1.6347417831420898,10.656366348266602,295.37353515625,280.260009765625,,5.158597946166992,-2.9078330993652344
2017-02-20 20:00:00+00:00,281.980224609375,1.6266651153564453,10.429142951965332,298.059814453125,279.8310546875,,5.242677688598633,-2.6618881225585938
2017-02-20 21:00:00+00:00,281.6513671875,1.5889482498168945,10.269819259643555,299.20947265625,279.38427734375,,5.267945289611816,-2.4698753356933594
2017-02-20 22:00:00+00:00,281.5419921875,1.5893125534057617,10.82119083404541,298.443603515625,279.471923828125,,5.205636024475098,-2.714578628540039
2017-02-20 23:00:00+00:00,281.40185546875,1.537562370300293,10.117941856384277,298.265625,279.265625,,5.168123245239258,-2.357062339782715
2017-02-21 00:00:00+00:00,281.32275390625,1.2539167404174805,9.860194206237793,298.833984375,278.961669921875,,4.787296295166016,-2.504256248474121
2017-02-21 01:00:00+00:00,281.2490234375,1.252950668334961,9.897523880004883,298.591064453125,278.6318359375,,4.753022193908691,-2.119434356689453
2017-02-21 02:00:00+00:00,281.150634765625,1.2662944793701172,10.135777473449707,298.015869140625,278.30322265625,,4.71728515625,-1.885025978088379
2017-02-21 03:00:00+00:00,280.957763671875,1.2642154693603516,9.639211654663086,297.72509765625,278.018798828125,,4.713864326477051,-1.4784488677978516
2017-02-21 04:00:00+00:00,280.724365234375,1.2351503372192383,9.200968742370605,298.30419921875,277.810302734375,,4.741667747497559,-1.1178665161132812
2017-02-21 05:00:00+00:00,280.4921875,1.192173957824707,8.748981475830078,299.323974609375,277.64404296875,,4.782794952392578,-0.89205402135849
2017-02-21 06:00:00+00:00,280.30419921875,1.1444740295410156,8.53808879852295,300.71533203125,277.51123046875,0.0,4.832004547119141,-0.954523503780365
2017-02-21 07:00:00+00:00,280.1484375,1.1094818115234375,8.330401420593262,302.0615234375,277.43212890625,,4.865547180175781,-1.290903091430664
2017-02-21 08:00:00+00:00,279.9833984375,1.076807975769043,8.014260292053223,303.71923828125,277.420654296875,,4.911002159118652,-1.26165771484375
2017-02-21 09:00:00+00:00,279.824951171875,1.0419635772705078,7.588088035583496,305.646484375,277.442138671875,,4.9806623458862305,-0.937990128993988
2017-02-21 10:00:00+00:00,279.940185546875,0.9888101816177368,6.534731864929199,308.79052734375,278.04638671875,,5.13972282409668,0.47125470638275146
2017-02-21 11:00:00+00:00,279.8955078125,0.9405715465545654,5.921029090881348,312.2353515625,278.088134765625,,5.321269989013672,1.552419662475586
2017-02-21 12:00:00+00:00,279.96240234375,0.9006842970848083,5.341091156005859,315.619873046875,278.1435546875,,5.508079528808594,2.5624752044677734
2017-02-21 13:00:00+00:00,280.22412109375,0.8721579909324646,4.73630428314209,318.275390625,278.124267578125,,5.665489196777344,3.399385452270508
2017-02-21 14:00:00+00:00,280.769287109375,0.8494846820831299,3.953976631164551,320.519775390625,278.072021484375,,5.809981346130371,3.8844728469848633
2017-02-21 15:00:00+00:00,281.5576171875,0.8363803029060364,3.27347469329834,321.59619140625,278.415771484375,,5.8900909423828125,4.825281143188477
2017-02-21 16:00:00+00:00,282.172607421875,0.8450949192047119,3.4246063232421875,319.091064453125,279.42626953125,,5.797840118408203,6.376889228820801
2017-02-21 17:00:00+00:00,282.320068359375,0.9331708550453186,4.918282508850098,304.900390625,280.42431640625,,5.508855819702148,7.3878173828125
2017-02-21 18:00:00+00:00,282.299072265625,1.053786277770996,7.239302635192871,279.1748046875,280.838623046875,3.452715463936329e-05,5.015820503234863,7.226008415222168
2017-02-21 19:00:00+00:00,282.280517578125,1.279648780822754,9.137519836425781,258.30810546875,280.848876953125,,4.743283271789551,6.533744812011719
2017-02-21 20:00:00+00:00,282.316162109375,1.4487600326538086,10.375000953674316,251.0672607421875,280.804931640625,,4.667779922485352,5.996912956237793
2017-02-21 21:00:00+00:00,282.292724609375,1.6063642501831055,10.71036434173584,249.03485107421875,280.694580078125,,4.708784103393555,6.064491271972656
2017-02-21 22:00:00+00:00,282.42578125,1.7897453308105469,11.767656326293945,246.48992919921875,280.24365234375,,4.809123992919922,7.307422637939453
2017-02-21 23:00:00+00:00,282.301513671875,1.949732780456543,12.071063995361328,245.18898010253906,280.034423828125,,4.939733505249023,7.187976837158203
2017-02-22 00:00:00+00:00,282.25341796875,2.0599002838134766,12.000471115112305,244.3629913330078,279.991455078125,,5.070581436157227,7.290578842163086
2017-02-22 01:00:00+00:00,282.332275390625,2.0788822174072266,11.732909202575684,244.55458068847656,280.04638671875,,5.1669158935546875,6.958674430847168
2017-02-22 02:00:00+00:00,282.4521484375,2.013134002685547,11.632650375366211,245.34103393554688,280.08544921875,,5.202915191650391,6.213746070861816
2017-02-22 03:00:00+00:00,282.49462890625,1.9686689376831055,11.873973846435547,247.07630920410156,280.041259765625,,5.188233375549316,5.202080726623535
2017-02-22 04:00:00+00:00,282.472412109375,1.9270849227905273,11.771743774414062,250.2668914794922,279.980712890625,,5.167462348937988,4.202628135681152
2017-02-22 05:00:00+00:00,282.369140625,1.8419570922851562,11.68455982208252,254.5157928466797,279.9326171875,,5.1560869216918945,2.7379837036132812
2017-02-22 06:00:00+00:00,282.05712890625,1.7070207595825195,11.10314655303955,259.5546875,279.841552734375,0.00029282947070896626,5.149110794067383,0.21498161554336548
2017-02-22 07:00:00+00:00,281.421875,1.5376605987548828,9.235671043395996,264.8896484375,279.303955078125,,5.148852348327637,-1.4700632095336914
2017-02-22 08:00:00+00:00,281.0224609375,1.369955062866211,8.643885612487793,270.36376953125,278.3740234375,,5.179267883300781,-1.4404029846191406
2017-02-22 09:00:00+00:00,280.77685546875,1.247868537902832,8.500348091125488,276.054931640625,277.49951171875,,5.23079776763916,-0.8551357388496399
2017-02-22 10:00:00+00:00,281.21923828125,1.1790971755981445,8.497244834899902,281.3505859375,277.929931640625,,5.250584602355957,0.01835983619093895
2017-02-22 11:00:00+00:00,281.21923828125,1.1464204788208008,9.077646255493164,284.8359375,277.669921875,,5.246258735656738,0.9247938394546509
2017-02-22 12:00:00+00:00,281.202392578125,1.1489572525024414,9.71524715423584,286.306396484375,277.618408203125,,5.186653137207031,0.9931938648223877
2017-02-22 13:00:00+00:00,281.23291015625,1.187814712524414,10.113506317138672,286.220703125,277.67578125,,5.076146125793457,0.17762905359268188
2017-02-22 14:00:00+00:00,281.285400390625,1.2269744873046875,9.538338661193848,286.5771484375,277.6689453125,,5.0198869705200195,-0.3894476890563965
2017-02-22 15:00:00+00:00,281.318603515625,1.246612548828125,8.990622520446777,288.122314453125,277.560302734375,,5.033997535705566,0.04363758862018585
2017-02-22 16:00:00+00:00,281.217041015625,1.224696159362793,8.59204387664795,290.719482421875,277.393798828125,,5.1414384841918945,0.6662959456443787
2017-02-22 17:00:00+00:00,281.1142578125,1.2213821411132812,8.32567310333252,293.640380859375,277.220458984375,,5.341551780700684,0.5938819050788879
2017-02-22 18:00:00+00:00,281.01513671875,1.191361427307129,8.213350296020508,296.699462890625,277.063720703125,2.9584380172309466e-06,5.495126724243164,0.04151730239391327
2017-02-22 19:00:00+00:00,280.9091796875,1.169386863708496,7.795053482055664,299.50927734375,276.960205078125,,5.651619911193848,-0.19947361946105957
2017-02-22 20:00:00+00:00,280.759765625,1.1493959426879883,7.400994300842285,302.4541015625,276.993896484375,,5.8456220626831055,-0.0604446716606617
2017-02-22 21:00:00+00:00,280.606201171875,1.1336841583251953,6.926025390625,305.439453125,277.134765625,,6.067039489746094,0.4078601598739624
2017-02-22 22:00:00+00:00,280.446533203125,1.1027708053588867,5.720335006713867,309.59326171875,277.65283203125,,6.417991638183594,1.3042984008789062
2017-02-22 23:00:00+00:00,280.2900390625,1.1631841659545898,5.195339202880859,313.8076171875,277.733642578125,,7.046399116516113,0.7717771530151367
2017-02-23 00:00:00+00:00,280.103515625,1.1359367370605469,3.1198863983154297,318.8154296875,277.84716796875,,7.554518699645996,1.1130399703979492
2017-02-23 01:00:00+00:00,279.82177734375,1.1153621673583984,0.5320924520492554,322.960205078125,278.143798828125,,7.94447135925293,2.066155433654785
2017-02-23 02:00:00+00:00,279.869140625,1.1079473495483398,-2.1340627670288086,326.5009765625,277.9931640625,,8.177069664001465,3.022913932800293
2017-02-23 03:00:00+00:00,279.853515625,1.114297866821289,-3.513284683227539,329.13427734375,278.27978515625,,8.223855972290039,4.161940574645996
2017-02-23 04:00:00+00:00,280.470947265625,1.1634511947631836,-0.2993771433830261,325.07421875,279.253662109375,,7.869304656982422,6.03364372253418
2017-02-23 05:00:00+00:00,281.402099609375,1.312570571899414,6.669866561889648,304.69384765625,280.291259765625,,7.027939796447754,8.249817848205566
2017-02-23 06:00:00+00:00,281.365478515625,1.546722412109375,7.089385032653809,270.92919921875,279.99267578125,5.256240547169e-05,6.198561668395996,9.178117752075195
2017-02-23 07:00:00+00:00,281.2626953125,1.777120590209961,6.041720390319824,242.1085205078125,279.790283203125,,5.861940383911133,9.646188735961914
2017-02-23 08:00:00+00:00,281.28662109375,1.9601507186889648,6.512218475341797,229.0411834716797,279.653076171875,,5.833948135375977,10.579806327819824
2017-02-23 09:00:00+00:00,281.385986328125,2.1450281143188477,8.276337623596191,222.06491088867188,279.542236328125,,5.858406066894531,11.685035705566406
2017-02-23 10:00:00+00:00,281.4140625,2.3433008193969727,11.09349536895752,224.23089599609375,278.1611328125,,5.910099983215332,9.479676246643066
2017-02-23 11:00:00+00:00,281.069580078125,2.5568761825561523,12.673194885253906,230.61962890625,276.468994140625,,5.970527648925781,8.538918495178223
2017-02-23 12:00:00+00:00,280.58251953125,2.8814802169799805,14.81837272644043,234.7611541748047,276.48828125,,6.066507339477539,9.757730484008789
2017-02-23 13:00:00+00:00,279.775390625,3.2574148178100586,17.3203125,241.9516143798828,276.71484375,,6.230754852294922,7.4412994384765625
2017-02-23 14:00:00+00:00,279.66748046875,3.497150421142578,17.736831665039062,253.4481201171875,277.234130859375,,6.437950134277344,1.2694272994995117
2017-02-23 15:00:00+00:00,279.837646484375,3.4842777252197266,16.084228515625,263.29638671875,277.330322265625,,6.612627983093262,-0.08357501029968262
2017-02-23 16:00:00+00:00,280.059326171875,3.4120216369628906,16.718856811523438,271.81103515625,277.64404296875,,6.638735771179199,-1.6893253326416016
2017-02-23 17:00:00+00:00,278.983154296875,3.4937782287597656,16.583877563476562,282.677978515625,277.427001953125,,6.58889102935791,-6.2704620361328125
2017-02-23 18:00:00+00:00,278.3837890625,3.556884765625,13.348474502563477,296.2001953125,276.61572265625,0.0006815013475716114,6.61940860748291,-9.719383239746094
2017-02-23 19:00:00+00:00,278.470947265625,3.5402565002441406,9.68157958984375,311.75732421875,276.3271484375,,6.700919151306152,-13.237385749816895
2017-02-23 20:00:00+00:00,278.529541015625,3.403294563293457,8.458504676818848,324.0009765625,276.253173828125,,6.851449966430664,-11.93409252166748
2017-02-23 21:00:00+00:00,278.544921875,3.2372970581054688,8.816577911376953,331.30126953125,276.049560546875,,6.987932205200195,-10.349772453308105
2017-02-23 22:00:00+00:00,278.647705078125,3.0855484008789062,9.14897632598877,336.007568359375,275.805419921875,,7.091599464416504,-9.120016098022461
2017-02-23 23:00:00+00:00,278.56591796875,2.99721622467041,9.793752670288086,338.69091796875,275.66748046875,,7.22071647644043,-7.622410774230957
2017-02-24 00:00:00+00:00,278.32421875,2.8283157348632812,10.06954288482666,340.215576171875,275.528564453125,,7.2250776290893555,-6.88166618347168
2017-02-24 01:00:00+00:00,278.19287109375,2.6713905334472656,9.495540618896484,341.52978515625,275.419921875,,7.209321022033691,-6.300934791564941
2017-02-24 02:00:00+00:00,278.061767578125,2.5012245178222656,8.637308120727539,343.423095703125,275.272705078125,,7.214484214782715,-5.408980369567871
2017-02-24 03:00:00+00:00,277.972900390625,2.324049949645996,7.612428665161133,345.7412109375,275.13818359375,,7.251255035400391,-4.035085678100586
2017-02-24 04:00:00+00:00,277.86865234375,2.168520927429199,7.525208473205566,347.74169921875,275.15673828125,,7.274410247802734,-2.9865779876708984
2017-02-24 05:00:00+00:00,277.826904296875,2.049471855163574,7.98210334777832,348.785888671875,275.162353515625,,7.24069881439209,-3.191157341003418
2017-02-24 06:00:00+00:00,277.837158203125,1.957514762878418,7.477500915527344,349.174560546875,275.136962890625,3.739380917977542e-05,7.168983459472656,-4.354343414306641
2017-02-24 07:00:00+00:00,277.842041015625,1.8849296569824219,6.640517234802246,349.262451171875,275.10791015625,,7.079913139343262,-5.156144142150879
2017-02-24 08:00:00+00:00,277.833251953125,1.8199338912963867,5.788585662841797,349.649169921875,275.1923828125,,7.010062217712402,-5.351035118103027
2017-02-24 09:00:00+00:00,277.86962890625,1.7521181106567383,5.232857704162598,350.565673828125,275.10986328125,,6.991585731506348,-5.272394180297852
2017-02-24 10:00:00+00:00,278.15087890625,1.6655311584472656,4.650394439697266,352.583984375,274.775146484375,,7.098015785217285,-3.984851837158203
2017-02-24 11:00:00+00:00,278.2265625,1.5946388244628906,4.570582389831543,354.185791015625,274.74169921875,,7.182346343994141,-3.49539852142334
2017-02-24 12:00:00+00:00,278.347900390625,1.5369911193847656,5.020410537719727,355.322021484375,274.673583984375,,7.2428789138793945,-2.9554519653320312
2017-02-24 13:00:00+00:00,278.4365234375,1.4880800247192383,5.220786094665527,356.15185546875,274.686279296875,,7.29794979095459,-2.3081893920898438
2017-02-24 14:00:00+00:00,278.56884765625,1.4417877197265625,4.6893157958984375,357.100830078125,274.5849609375,,7.38032341003418,-1.7131547927856445
2017-02-24 15:00:00+00:00,278.6708984375,1.3957147598266602,3.643465995788574,358.275634765625,274.422607421875,,7.501655578613281,-0.7381824254989624
2017-02-24 16:00:00+00:00,278.791015625,1.3541479110717773,2.3292274475097656,359.395263671875,274.424560546875,,7.6300554275512695,0.5317556262016296
2017-02-24 17:00:00+00:00,278.812255859375,1.3200664520263672,1.6365556716918945,0.27430522441864014,274.587158203125,,7.734470367431641,1.9413442611694336
2017-02-24 18:00:00+00:00,278.886474609375,1.2930927276611328,1.4786224365234375,0.9450021386146545,275.023681640625,0.0,7.806611061096191,3.318366050720215
2017-02-24 19:00:00+00:00,279.0048828125,1.3982152938842773,1.807185173034668,1.3577642440795898,275.359375,,8.21684455871582,4.330426216125488
2017-02-24 20:00:00+00:00,279.1162109375,1.3651418685913086,2.5367908477783203,1.6294364929199219,275.48828125,,8.216096878051758,4.865756988525391
2017-02-24 21:00:00+00:00,279.21728515625,1.3419742584228516,3.1892528533935547,1.5543203353881836,275.454833984375,,8.175018310546875,5.295429229736328
2017-02-24 22:00:00+00:00,279.2978515625,1.3358535766601562,3.17818546295166,0.9265840649604797,275.861083984375,,8.023338317871094,6.123283386230469
2017-02-24 23:00:00+00:00,279.197509765625,1.3413457870483398,3.1529111862182617,359.613525390625,275.67333984375,,7.797276496887207,6.372425079345703
2017-02-25 00:00:00+00:00,279.0966796875,1.3613767623901367,2.898106575012207,357.3056640625,275.55029296875,,7.510109901428223,6.855307579040527
2017-02-25 01:00:00+00:00,279.019287109375,1.3966693878173828,3.276674270629883,353.022216796875,275.38037109375,,7.157095909118652,7.595027923583984
2017-02-25 02:00:00+00:00,278.985107421875,1.447488784790039,3.4375123977661133,341.51806640625,275.45166015625,,6.7713623046875,7.704351425170898
2017-02-25 03:00:00+00:00,278.884033203125,1.4943571090698242,4.378725051879883,314.396240234375,275.694580078125,,6.471158027648926,7.75734806060791
2017-02-25 04:00:00+00:00,278.820068359375,1.5438175201416016,4.7188873291015625,275.15576171875,276.019775390625,,6.212472915649414,7.924893379211426
2017-02-25 05:00:00+00:00,278.984375,1.5950603485107422,5.732196807861328,248.28314208984375,276.34375,,5.992110252380371,8.715704917907715
2017-02-25 06:00:00+00:00,279.296875,1.6552982330322266,6.038193702697754,232.0328826904297,276.76611328125,0.00034011388197541237,5.816802024841309,8.444374084472656
2017-02-25 07:00:00+00:00,279.6494140625,1.677663803100586,6.325229644775391,226.22386169433594,277.20947265625,,5.748159408569336,8.620769500732422
2017-02-25 08:00:00+00:00,279.892333984375,1.7134943008422852,6.273992538452148,222.54156494140625,277.63818359375,,5.6671552658081055,9.420032501220703
2017-02-25 09:00:00+00:00,280.2294921875,1.7652711868286133,6.393200874328613,219.62640380859375,277.912841796875,,5.591238975524902,9.844306945800781
2017-02-25 10:00:00+00:00,280.536865234375,1.7926645278930664,6.4373016357421875,217.33399963378906,278.26123046875,,5.563113212585449,9.733756065368652
2017-02-25 11:00:00+00:00,280.829345703125,1.8457212448120117,7.041585922241211,216.217529296875,278.318359375,,5.511025428771973,9.74232006072998
2017-02-25 12:00:00+00:00,281.06298828125,1.9053068161010742,7.646735191345215,216.0726318359375,278.32666015625,,5.4715471267700195,9.761612892150879
2017-02-25 13:00:00+00:00,281.24560546875,1.953725814819336,8.269262313842773,216.60447692871094,278.310546875,,5.463451385498047,9.578825950622559
2017-02-25 14:00:00+00:00,281.367919921875,1.9401941299438477,8.289437294006348,217.25865173339844,278.359375,,5.493748664855957,9.167322158813477
2017-02-25 15:00:00+00:00,281.470947265625,1.9362707138061523,8.797332763671875,218.25694274902344,278.422119140625,,5.488858222961426,8.851536750793457
2017-02-25 16:00:00+00:00,281.588134765625,1.9462547302246094,8.787721633911133,219.44189453125,278.50439453125,,5.469241142272949,9.198296546936035
2017-02-25 17:00:00+00:00,281.67626953125,1.9511117935180664,8.772955894470215,219.71717834472656,278.607177734375,,5.455638885498047,9.32204818725586
2017-02-25 18:00:00+00:00,281.71435546875,1.9468345642089844,8.771242141723633,219.7742156982422,278.737548828125,1.2210448403493501e-05,5.442469596862793,9.071617126464844
2017-02-25 19:00:00+00:00,281.6826171875,1.9137325286865234,8.723140716552734,220.778564453125,278.84033203125,,5.436922073364258,8.506389617919922
2017-02-25 20:00:00+00:00,281.61474609375,1.8176002502441406,8.370332717895508,221.90548706054688,278.917236328125,,5.452293395996094,7.649721145629883
2017-02-25 21:00:00+00:00,281.556884765625,1.6891813278198242,7.930506706237793,222.4766845703125,278.98828125,,5.466117858886719,7.32857608795166
2017-02-25 22:00:00+00:00,281.1416015625,1.607381820678711,7.21595573425293,222.05645751953125,279.278076171875,,5.421283721923828,7.8444318771362305
2017-02-25 23:00:00+00:00,281.080810546875,1.5600481033325195,7.202096939086914,221.31971740722656,279.278564453125,,5.344383239746094,8.255366325378418
2017-02-26 00:00:00+00:00,281.168701171875,1.5554533004760742,7.536340713500977,220.68212890625,279.243408203125,,5.248589515686035,8.66834545135498
2017-02-26 01:00:00+00:00,281.25634765625,1.571730613708496,7.933917999267578,220.79290771484375,279.282470703125,,5.174440383911133,8.20157241821289
2017-02-26 02:00:00+00:00,281.296142578125,1.5421791076660156,7.801568031311035,221.54734802246094,279.38720703125,,5.1605424880981445,7.622923851013184
2017-02-26 03:00:00+00:00,281.341796875,1.493006706237793,7.8696136474609375,222.5540771484375,279.59912109375,,5.160492897033691,7.331864356994629
2017-02-26 04:00:00+00:00,281.423583984375,1.4357318878173828,7.910955429077148,224.14108276367188,279.853271484375,,5.160364151000977,6.871511459350586
2017-02-26 05:00:00+00:00,281.4970703125,1.3687019348144531,8.12186336517334,225.79319763183594,280.00830078125,,5.167549133300781,6.432204246520996
2017-02-26 06:00:00+00:00,281.48779296875,1.3073062896728516,8.093742370605469,227.71481323242188,280.00244140625,6.768947059754282e-06,5.160390853881836,6.146246910095215
2017-02-26 07:00:00+00:00,281.441162109375,1.2509841918945312,8.030701637268066,229.68418884277344,279.854736328125,,5.1497650146484375,6.1488237380981445
2017-02-26 08:00:00+00:00,281.340087890625,1.1871366500854492,7.869790077209473,231.2107391357422,279.4736328125,,5.163083076477051,6.074984550476074
2017-02-26 09:00:00+00:00,281.10205078125,1.1247282028198242,7.57022762298584,231.96490478515625,278.78076171875,,5.170719146728516,5.964338302612305
2017-02-26 10:00:00+00:00,281.214599609375,1.0662593841552734,6.2755231857299805,231.3935546875,278.72412109375,,5.170803070068359,6.016822814941406
2017-02-26 11:00:00+00:00,281.082763671875,1.0488605499267578,5.66501522064209,228.49618530273438,278.18017578125,,5.080324172973633,6.885097503662109
2017-02-26 12:00:00+00:00,281.27099609375,1.093979835510254,6.109445571899414,225.0418701171875,277.692138671875,,4.90017032623291,7.53627872467041
2017-02-26 13:00:00+00:00,281.73486328125,1.1489782333374023,6.276810646057129,222.3681640625,277.564697265625,,4.797674179077148,7.014473915100098
2017-02-26 14:00:00+00:00,282.017578125,1.19427490234375,6.896787643432617,220.23414611816406,277.822509765625,,4.752470970153809,7.382880210876465
2017-02-26 15:00:00+00:00,281.95263671875,1.3215608596801758,7.4435529708862305,218.9552001953125,278.1298828125,,4.687849998474121,8.29399299621582
2017-02-26 16:00:00+00:00,281.858642578125,1.4386825561523438,6.249298095703125,216.34092712402344,278.0234375,,4.726292610168457,9.416361808776855
2017-02-26 17:00:00+00:00,282.010986328125,1.585733413696289,6.236093521118164,213.08145141601562,277.94482421875,,4.814182281494141,10.443584442138672
2017-02-26 18:00:00+00:00,282.149658203125,1.7481040954589844,6.383867263793945,210.7347869873047,278.213134765625,0.0,4.89851188659668,11.13284969329834
2017-02-26 19:00:00+00:00,282.228759765625,1.8683805465698242,6.161190986633301,208.9429473876953,278.631103515625,,5.00706672668457,11.122398376464844
2017-02-26 20:00:00+00:00,282.270263671875,1.9446372985839844,6.461043357849121,208.004150390625,279.05810546875,,5.115104675292969,11.07388973236084
2017-02-26 21:00:00+00:00,282.138671875,1.9286718368530273,6.642541885375977,207.94717407226562,279.5888671875,,5.178187370300293,10.529699325561523
2017-02-26 22:00:00+00:00,282.024658203125,1.900650978088379,6.9640655517578125,208.12400817871094,279.6396484375,,5.205096244812012,10.033014297485352
2017-02-26 23:00:00+00:00,281.70361328125,1.7829513549804688,6.6056013107299805,208.32354736328125,279.694091796875,,5.21977424621582,8.943863868713379
2017-02-27 00:00:00+00:00,281.49755859375,1.6248998641967773,6.005810737609863,207.84207153320312,279.464599609375,,5.211523056030273,7.913389205932617
2017-02-27 01:00:00+00:00,281.482177734375,1.463247299194336,5.555436134338379,206.940185546875,279.0390625,,5.196056365966797,7.188163757324219
2017-02-27 02:00:00+00:00,281.23486328125,1.3227596282958984,4.9205217361450195,205.5489501953125,278.782958984375,,5.1742095947265625,6.914679527282715
2017-02-27 03:00:00+00:00,280.98046875,1.2288427352905273,4.384113311767578,204.0606689453125,278.74609375,,5.104952812194824,7.3785505294799805
2017-02-27 04:00:00+00:00,280.900390625,1.1794281005859375,3.7417240142822266,202.189697265625,278.7939453125,,4.993027687072754,7.726469993591309
2017-02-27 05:00:00+00:00,280.79345703125,1.1510162353515625,3.002253532409668,199.6245880126953,278.607177734375,,4.867566108703613,8.253582000732422
2017-02-27 06:00:00+00:00,280.60986328125,1.1255302429199219,2.6265830993652344,197.09146118164062,278.44775390625,9.924749610945582e-05,4.801140785217285,8.101740837097168
2017-02-27 07:00:00+00:00,280.411376953125,1.0807504653930664,1.8390960693359375,194.36837768554688,278.36572265625,,4.7997894287109375,7.477535247802734
2017-02-27 08:00:00+00:00,280.274169921875,1.0436735153198242,1.0511150360107422,191.54275512695312,278.280029296875,,4.812975883483887,7.244453430175781
2017-02-27 09:00:00+00:00,280.186279296875,1.0345039367675781,1.284337043762207,189.3216094970703,278.158203125,,4.810711860656738,7.608392715454102
2017-02-27 10:00:00+00:00,280.710693359375,1.01708984375,1.8948087692260742,186.71983337402344,278.800537109375,,4.847626686096191,7.217496871948242
2017-02-27 11:00:00+00:00,280.863037109375,1.0194940567016602,0.25893253087997437,183.13446044921875,278.836669921875,,4.83709716796875,7.16126823425293
2017-02-27 12:00:00+00:00,280.970458984375,1.0621700286865234,-1.1569013595581055,179.17465209960938,278.76318359375,,4.775094032287598,7.7402849197387695
2017-02-27 13:00:00+00:00,281.050537109375,1.0882320404052734,-1.0769968032836914,174.88941955566406,278.632080078125,,4.770574569702148,8.122011184692383
2017-02-27 14:00:00+00:00,281.05810546875,1.108260154724121,0.4572797417640686,171.62234497070312,278.54931640625,,4.7833967208862305,8.075261116027832
2017-02-27 15:00:00+00:00,280.542236328125,1.1051626205444336,2.2442493438720703,171.14501953125,278.17138671875,,4.817182540893555,7.367575645446777
2017-02-27 16:00:00+00:00,280.279296875,1.0881223678588867,3.811220169067383,173.60243225097656,277.76220703125,,4.834355354309082,7.075665473937988
2017-02-27 17:00:00+00:00,279.8388671875,1.1252870559692383,5.3607683181762695,182.57008361816406,277.285888671875,,4.712233543395996,7.437312126159668
2017-02-27 18:00:00+00:00,279.4140625,1.2193307876586914,8.362340927124023,194.65174865722656,276.8740234375,0.0004938156343996525,4.559715270996094,7.549173355102539
2017-02-27 19:00:00+00:00,278.76806640625,1.266819953918457,9.523599624633789,206.3640899658203,276.238037109375,,4.394023895263672,5.95904541015625
2017-02-27 20:00:00+00:00,278.67333984375,1.3668041229248047,9.861757278442383,217.2474822998047,275.39892578125,,4.428293228149414,5.666073799133301
2017-02-27 21:00:00+00:00,278.44873046875,1.4744281768798828,10.41183853149414,225.28782653808594,275.4326171875,,4.499381065368652,5.2619829177856445
2017-02-27 22:00:00+00:00,278.198486328125,1.5317487716674805,10.182796478271484,231.23130798339844,275.739013671875,,4.592161178588867,4.596897125244141
2017-02-27 23:00:00+00:00,277.9931640625,1.467411994934082,10.211562156677246,234.2200927734375,275.58447265625,,4.629421234130859,4.514815330505371
2017-02-28 00:00:00+00:00,277.784912109375,1.404073715209961,9.316031455993652,235.74301147460938,275.4765625,,4.659267425537109,5.129987716674805
2017-02-28 01:00:00+00:00,277.669921875,1.3582992553710938,8.630642890930176,236.15635681152344,275.392578125,,4.642609596252441,5.436052322387695
2017-02-28 02:00:00+00:00,277.506591796875,1.3186378479003906,8.71767520904541,236.99929809570312,275.294189453125,,4.60853385925293,5.029629707336426
2017-02-28 03:00:00+00:00,277.24609375,1.2839374542236328,8.892048835754395,239.60655212402344,275.168212890625,,4.570377349853516,4.46980094909668
2017-02-28 04:00:00+00:00,277.235107421875,1.2398948669433594,8.469050407409668,242.89236450195312,275.044677734375,,4.544024467468262,4.014333724975586
2017-02-28 05:00:00+00:00,277.091552734375,1.1993112564086914,8.46321964263916,245.3416748046875,275.056396484375,,4.520279884338379,4.33011531829834
2017-02-28 06:00:00+00:00,277.025390625,1.199265480041504,8.843707084655762,247.09291076660156,274.991943359375,2.670221874723211e-06,4.481481552124023,4.175141334533691
2017-02-28 07:00:00+00:00,276.91943359375,1.2223119735717773,9.104242324829102,249.3840789794922,274.8154296875,,4.4583940505981445,3.3375959396362305
2017-02-28 08:00:00+00:00,276.81591796875,1.2195024490356445,9.101751327514648,252.8017578125,274.63134765625,,4.471270561218262,2.3868398666381836
2017-02-28 09:00:00+00:00,276.761474609375,1.193110466003418,8.865303039550781,256.43701171875,274.583251953125,,4.498824119567871,2.0945606231689453
2017-02-28 10:00:00+00:00,276.894775390625,1.2179498672485352,8.83759593963623,258.05517578125,274.4169921875,,4.492606163024902,3.353525161743164
2017-02-28 11:00:00+00:00,277.18017578125,1.2165193557739258,8.800603866577148,259.779296875,274.030517578125,,4.529773712158203,3.4509496688842773
2017-02-28 12:00:00+00:00,277.78515625,1.1904468536376953,8.67761516571045,262.233154296875,273.33837890625,,4.5924577713012695,3.101773262023926
2017-02-28 13:00:00+00:00,278.267578125,1.1650266647338867,9.001326560974121,265.23583984375,273.3134765625,,4.656737327575684,2.964993476867676
2017-02-28 14:00:00+00:00,278.63232421875,1.1502532958984375,8.947667121887207,268.748046875,273.3759765625,,4.721454620361328,3.0387516021728516
2017-02-28 15:00:00+00:00,278.85107421875,1.1457223892211914,8.38318920135498,273.0087890625,274.37841796875,,4.819659233093262,3.416921615600586
2017-02-28 16:00:00+00:00,278.823486328125,1.1541996002197266,7.718662261962891,276.094482421875,274.751220703125,,4.931180000305176,3.600144386291504
2017-02-28 17:00:00+00:00,278.69384765625,1.1645755767822266,6.75938606262207,278.850341796875,274.88623046875,,5.073024749755859,4.917144775390625
2017-02-28 18:00:00+00:00,278.530029296875,1.152451515197754,6.038219451904297,283.75927734375,275.0986328125,1.7164848031825386e-06,5.28466796875,5.583067893981934
2017-02-28 19:00:00+00:00,278.447998046875,1.1431493759155273,5.712896347045898,288.79296875,275.41552734375,,5.496891975402832,5.622518539428711
2017-02-28 20:00:00+00:00,278.337158203125,1.1375494003295898,4.962831497192383,294.16455078125,275.773681640625,,5.703064918518066,4.927481651306152
2017-02-28 21:00:00+00:00,278.27978515625,1.1278915405273438,4.488935470581055,300.7216796875,275.947265625,,5.920835494995117,4.788752555847168
2017-02-28 22:00:00+00:00,278.1337890625,1.1016645431518555,3.9455442428588867,310.199951171875,275.818359375,,6.242810249328613,4.189328193664551
2017-02-28 23:00:00+00:00,277.868408203125,1.0787582397460938,4.335860252380371,319.39111328125,275.78857421875,,6.5650177001953125,2.943345069885254
