timestamp,2 metre temperature,Mean wave period,Mean wave direction,Significant height of combined wind waves and swell,2 metre dewpoint temperature,10 metre V wind component,Total precipitation,10 metre U wind component
2015-11-13 00:00:00+00:00,285.7822265625,5.331612586975098,231.6621551513672,1.672898292541504,283.369873046875,10.400634765625,,2.9393062591552734
2015-11-13 01:00:00+00:00,285.7255859375,5.382877349853516,229.3197479248047,1.7112751007080078,283.330810546875,10.225066184997559,,3.545962333679199
2015-11-13 02:00:00+00:00,285.591796875,5.464347839355469,228.64547729492188,1.7156047821044922,283.421630859375,9.894574165344238,,3.025482177734375
2015-11-13 03:00:00+00:00,285.495361328125,5.53775691986084,228.80343627929688,1.7481966018676758,283.56591796875,9.921173095703125,,4.033119201660156
2015-11-13 04:00:00+00:00,285.319091796875,5.635885238647461,230.50022888183594,1.8098878860473633,283.723876953125,9.667695999145508,,5.256915092468262
2015-11-13 05:00:00+00:00,285.3798828125,5.75136661529541,232.75160217285156,1.9111156463623047,283.711669921875,9.283644676208496,,5.93338680267334
2015-11-13 06:00:00+00:00,285.610107421875,5.8429155349731445,235.305419921875,2.048956871032715,284.024169921875,9.039730072021484,0.00037964992225170135,7.106571197509766
2015-11-13 07:00:00+00:00,285.75732421875,5.927475929260254,238.49957275390625,2.2086973190307617,283.984130859375,8.700089454650879,,9.733272552490234
2015-11-13 08:00:00+00:00,286.01611328125,6.029436111450195,243.92347717285156,2.388127326965332,283.042236328125,5.75778865814209,,12.487297058105469
2015-11-13 09:00:00+00:00,286.01611328125,6.197953224182129,250.7276611328125,2.656526565551758,280.93701171875,3.644131660461426,,13.266231536865234
2015-11-13 10:00:00+00:00,285.56982421875,6.446703910827637,254.68421936035156,2.6924047470092773,279.596435546875,4.126656532287598,,12.79067611694336
2015-11-13 11:00:00+00:00,285.22314453125,6.607379913330078,256.380126953125,2.865201950073242,278.606689453125,5.314153671264648,,13.04343032836914
2015-11-13 12:00:00+00:00,285.054443359375,6.733712196350098,257.556640625,3.0733280181884766,278.376220703125,5.811872482299805,,13.267572402954102
2015-11-13 13:00:00+00:00,284.998046875,6.852730751037598,257.865478515625,3.1471128463745117,278.124755859375,6.610393524169922,,11.631871223449707
2015-11-13 14:00:00+00:00,284.947509765625,6.9031524658203125,256.5419921875,3.1102676391601562,278.287109375,8.644320487976074,,9.900226593017578
2015-11-13 15:00:00+00:00,283.9375,6.910687446594238,254.04348754882812,3.228468894958496,279.373046875,10.434924125671387,,13.002949714660645
2015-11-13 16:00:00+00:00,283.186279296875,7.033745765686035,255.22000122070312,3.6652536392211914,280.3447265625,6.729903221130371,,15.19865894317627
2015-11-13 17:00:00+00:00,282.93701171875,7.376283645629883,261.459716796875,3.9729413986206055,279.687255859375,2.886857032775879,,14.90090274810791
2015-11-13 18:00:00+00:00,283.098876953125,7.663028717041016,267.011962890625,4.091523170471191,277.775390625,1.2123947143554688,0.00017395304166711867,15.347616195678711
2015-11-13 19:00:00+00:00,282.93408203125,7.844956398010254,269.76904296875,4.317925453186035,277.320068359375,1.5701446533203125,,16.8038330078125
2015-11-13 20:00:00+00:00,282.6337890625,7.946220397949219,270.38720703125,4.56796932220459,277.4462890625,1.5833969116210938,,16.810028076171875
2015-11-13 21:00:00+00:00,282.211181640625,7.995680809020996,270.333740234375,4.459562301635742,278.181640625,2.40152645111084,,15.466146469116211
2015-11-13 22:00:00+00:00,283.07861328125,8.171432495117188,271.678466796875,4.564929008483887,278.978759765625,1.217545509338379,,16.03857421875
2015-11-13 23:00:00+00:00,283.6630859375,8.221454620361328,273.446533203125,4.638895034790039,277.535400390625,0.03727409243583679,,17.361495971679688
2015-11-14 00:00:00+00:00,283.649658203125,8.258386611938477,273.564697265625,4.743191719055176,277.385009765625,1.2735099792480469,,17.86639404296875
2015-11-14 01:00:00+00:00,283.45849609375,8.316651344299316,273.568603515625,4.85953426361084,278.008056640625,1.8160781860351562,,17.490585327148438
2015-11-14 02:00:00+00:00,283.10546875,8.37081241607666,273.017578125,4.916952133178711,277.5361328125,3.0016050338745117,,17.2222900390625
2015-11-14 03:00:00+00:00,282.826904296875,8.4263334274292,273.478271484375,4.949939727783203,278.171630859375,1.582845687866211,,16.862213134765625
2015-11-14 04:00:00+00:00,282.736572265625,8.497050285339355,275.419921875,4.887505531311035,278.721435546875,0.39046865701675415,,16.700347900390625
2015-11-14 05:00:00+00:00,282.850341796875,8.535512924194336,277.386474609375,4.713508605957031,279.162353515625,0.01232684776186943,,16.002227783203125
2015-11-14 06:00:00+00:00,283.085693359375,8.527185440063477,278.693359375,4.564640998840332,279.63134765625,-0.0558205209672451,0.00012455822434276342,15.664072036743164
2015-11-14 07:00:00+00:00,283.603515625,8.498733520507812,279.892333984375,4.5340728759765625,278.382568359375,-1.0309553146362305,,15.92215633392334
2015-11-14 08:00:00+00:00,283.645263671875,8.483521461486816,281.2392578125,4.5100250244140625,277.76318359375,-1.4214563369750977,,15.61381721496582
2015-11-14 09:00:00+00:00,283.46875,8.458173751831055,281.9833984375,4.468374252319336,277.83837890625,-0.6721421480178833,,15.462682723999023
2015-11-14 10:00:00+00:00,283.668701171875,8.420670509338379,282.3515625,4.302450180053711,277.5087890625,0.6329904794692993,,14.480598449707031
2015-11-14 11:00:00+00:00,283.48974609375,8.344074249267578,282.171142578125,4.158997535705566,277.727294921875,1.2733087539672852,,14.616104125976562
2015-11-14 12:00:00+00:00,283.004638671875,8.241414070129395,281.676513671875,4.0557756423950195,278.311279296875,1.4442853927612305,,14.851112365722656
2015-11-14 13:00:00+00:00,283.091796875,8.133096694946289,281.203857421875,3.965956687927246,278.789794921875,1.407099723815918,,14.632525444030762
2015-11-14 14:00:00+00:00,283.227294921875,8.016450881958008,280.63232421875,3.882017135620117,278.95947265625,1.2771425247192383,,14.410786628723145
2015-11-14 15:00:00+00:00,283.434326171875,7.934386253356934,280.305419921875,3.7904253005981445,278.796630859375,1.2019882202148438,,13.826086044311523
2015-11-14 16:00:00+00:00,283.53857421875,7.874415397644043,280.083740234375,3.7067785263061523,278.6494140625,1.1353607177734375,,13.687838554382324
2015-11-14 17:00:00+00:00,283.272216796875,7.824262619018555,279.81396484375,3.602156639099121,279.1455078125,1.7493152618408203,,13.410229682922363
2015-11-14 18:00:00+00:00,283.17529296875,7.772670745849609,279.537841796875,3.4617815017700195,280.0224609375,2.6205902099609375,0.00043413019739091396,12.497051239013672
2015-11-14 19:00:00+00:00,283.3486328125,7.729427337646484,279.492431640625,3.2685375213623047,280.3017578125,3.6599340438842773,,10.922497749328613
2015-11-14 20:00:00+00:00,283.3271484375,7.718930244445801,280.03173828125,3.0339651107788086,280.393798828125,5.044614791870117,,9.094025611877441
2015-11-14 21:00:00+00:00,283.35400390625,7.703470230102539,280.471923828125,2.813775062561035,280.416259765625,6.166623115539551,,7.899910926818848
2015-11-14 22:00:00+00:00,283.313232421875,7.665611267089844,280.556884765625,2.626283645629883,280.760009765625,8.41985034942627,,6.431236267089844
2015-11-14 23:00:00+00:00,283.375,7.527461051940918,279.04736328125,2.485280990600586,281.003173828125,9.261566162109375,,5.193039894104004
2015-11-15 00:00:00+00:00,283.31884765625,7.407721519470215,277.75390625,2.3453283309936523,281.32958984375,9.275195121765137,,3.181905746459961
2015-11-15 01:00:00+00:00,283.107666015625,7.393719673156738,278.599609375,2.1928482055664062,281.544677734375,8.325774192810059,,2.4245004653930664
2015-11-15 02:00:00+00:00,283.466552734375,7.476767539978027,281.506591796875,2.0476837158203125,282.05078125,6.583856582641602,,2.761045455932617
2015-11-15 03:00:00+00:00,284.250732421875,7.584676742553711,284.78515625,1.9293346405029297,282.931396484375,5.627898216247559,,3.118318557739258
2015-11-15 04:00:00+00:00,285.116943359375,7.522426605224609,284.81689453125,1.8931331634521484,283.90087890625,4.545967102050781,,5.040738105773926
2015-11-15 05:00:00+00:00,285.85009765625,7.137960433959961,280.188720703125,2.054551124572754,284.593017578125,1.371236801147461,,8.171049118041992
2015-11-15 06:00:00+00:00,286.05908203125,6.800518035888672,276.12060546875,2.308579444885254,284.849365234375,-0.03378429636359215,0.0015542283654212952,9.18069076538086
2015-11-15 07:00:00+00:00,286.05126953125,6.730469703674316,273.406982421875,2.4468307495117188,284.85205078125,0.6204833984375,,9.793709754943848
2015-11-15 08:00:00+00:00,286.225830078125,6.734075546264648,270.283935546875,2.6035776138305664,284.837890625,1.2969989776611328,,11.576875686645508
2015-11-15 09:00:00+00:00,286.449951171875,6.740639686584473,266.936279296875,2.9228334426879883,284.75732421875,1.3176651000976562,,14.284873962402344
2015-11-15 10:00:00+00:00,286.5595703125,6.822353363037109,264.005615234375,3.4832963943481445,284.57373046875,2.271409034729004,,16.61370849609375
2015-11-15 11:00:00+00:00,286.600830078125,7.036882400512695,264.668701171875,3.770305633544922,284.55712890625,-0.0022481430787593126,,15.57570743560791
2015-11-15 12:00:00+00:00,286.493408203125,7.186136245727539,266.278564453125,3.669552803039551,284.697265625,-1.3219223022460938,,14.113832473754883
2015-11-15 13:00:00+00:00,286.564453125,7.248929977416992,268.143798828125,3.380845069885254,284.79736328125,-2.4151840209960938,,12.416407585144043
2015-11-15 14:00:00+00:00,286.515380859375,7.309532165527344,269.302734375,3.0335912704467773,284.783203125,-3.0038700103759766,,9.703811645507812
2015-11-15 15:00:00+00:00,286.333984375,7.8364715576171875,269.931396484375,3.126622200012207,284.724853515625,-2.3280839920043945,,7.541228294372559
2015-11-15 16:00:00+00:00,286.105224609375,7.8387651443481445,270.788818359375,2.8320770263671875,284.63818359375,-1.3410730361938477,,6.95758056640625
2015-11-15 17:00:00+00:00,286.001220703125,7.764845848083496,271.80908203125,2.6093931198120117,284.6005859375,-0.8165249824523926,,7.546853065490723
2015-11-15 18:00:00+00:00,286.11474609375,7.62269401550293,272.756103515625,2.4384260177612305,284.70068359375,-0.6086966395378113,0.00019855824939440936,8.49536418914795
2015-11-15 19:00:00+00:00,286.345703125,7.376372337341309,273.277587890625,2.2829017639160156,284.864990234375,0.03702065348625183,,9.53725814819336
2015-11-15 20:00:00+00:00,286.524658203125,7.124134063720703,273.107177734375,2.214634895324707,284.98388671875,0.7872241735458374,,10.578168869018555
2015-11-15 21:00:00+00:00,286.555419921875,6.8793792724609375,272.185546875,2.181075096130371,284.93212890625,1.5965147018432617,,10.788106918334961
2015-11-15 22:00:00+00:00,286.54541015625,6.60737419128418,269.962890625,2.236166000366211,284.838623046875,2.6048641204833984,,11.522055625915527
2015-11-15 23:00:00+00:00,286.459228515625,6.465787887573242,267.688720703125,2.248042106628418,284.654052734375,3.8525915145874023,,10.734640121459961
2015-11-16 00:00:00+00:00,286.374267578125,6.359810829162598,265.009765625,2.2460556030273438,284.46826171875,5.411744117736816,,10.314571380615234
2015-11-16 01:00:00+00:00,286.22265625,6.257275581359863,261.298828125,2.2805986404418945,284.32177734375,6.658378601074219,,10.547266006469727
2015-11-16 02:00:00+00:00,285.994873046875,6.152949333190918,256.48974609375,2.3914642333984375,284.09375,7.762110710144043,,10.4095458984375
2015-11-16 03:00:00+00:00,285.745361328125,6.1092529296875,252.3465576171875,2.4765634536743164,283.764892578125,8.520162582397461,,10.012351036071777
2015-11-16 04:00:00+00:00,285.53857421875,6.118680953979492,249.2501983642578,2.5543766021728516,283.540283203125,8.804140090942383,,9.848010063171387
2015-11-16 05:00:00+00:00,285.4208984375,6.169811248779297,246.96377563476562,2.621090888977051,283.322998046875,8.980209350585938,,10.05257797241211
2015-11-16 06:00:00+00:00,285.435791015625,6.2468976974487305,245.5634307861328,2.7004222869873047,283.1220703125,8.882635116577148,0.00010699489212129265,10.325675010681152
2015-11-16 07:00:00+00:00,285.60595703125,6.345268249511719,244.87088012695312,2.8207082748413086,283.1201171875,8.903519630432129,,10.946535110473633
2015-11-16 08:00:00+00:00,285.786376953125,6.4533185958862305,244.86061096191406,2.9371557235717773,283.33984375,8.593578338623047,,11.113838195800781
2015-11-16 09:00:00+00:00,285.96142578125,6.563553810119629,245.7493133544922,2.9804296493530273,283.56884765625,8.03882884979248,,10.996792793273926
2015-11-16 10:00:00+00:00,286.183837890625,6.655550956726074,247.5519256591797,3.0027551651000977,283.911865234375,7.395800590515137,,12.209845542907715
2015-11-16 11:00:00+00:00,286.0771484375,6.7241621017456055,249.7857666015625,3.000429153442383,283.817138671875,6.531996726989746,,12.224546432495117
2015-11-16 12:00:00+00:00,285.86962890625,6.753396034240723,252.05548095703125,2.903850555419922,283.494873046875,5.69814395904541,,11.80064868927002
2015-11-16 13:00:00+00:00,285.76806640625,6.73060417175293,254.31475830078125,2.782133102416992,283.3251953125,4.288064002990723,,11.552352905273438
2015-11-16 14:00:00+00:00,285.5234375,6.677350997924805,257.380615234375,2.6816301345825195,283.044189453125,2.729874610900879,,11.932661056518555
2015-11-16 15:00:00+00:00,285.297607421875,6.6330976486206055,260.81689453125,2.5650739669799805,282.357421875,1.7818584442138672,,11.211821556091309
2015-11-16 16:00:00+00:00,285.154052734375,6.616204261779785,263.74560546875,2.4213552474975586,281.369873046875,1.7273712158203125,,10.666446685791016
2015-11-16 17:00:00+00:00,285.0751953125,6.574472427368164,266.41162109375,2.3280277252197266,280.7138671875,1.474043846130371,,10.463393211364746
2015-11-16 18:00:00+00:00,284.922119140625,6.546225547790527,268.8564453125,2.239109992980957,280.103515625,1.0509576797485352,2.3745250210538416e-10,9.787755012512207
2015-11-16 19:00:00+00:00,284.75732421875,6.528557777404785,271.137451171875,2.145693778991699,279.608642578125,0.8584946990013123,,9.322182655334473
2015-11-16 20:00:00+00:00,284.61083984375,6.496914863586426,272.89794921875,2.0650148391723633,279.23583984375,1.2555227279663086,,8.966386795043945
2015-11-16 21:00:00+00:00,284.56591796875,6.458545684814453,273.99560546875,1.9973697662353516,278.187744140625,2.0185861587524414,,8.73104476928711
2015-11-16 22:00:00+00:00,284.759033203125,6.456918716430664,274.796875,1.9212646484375,278.694091796875,3.384526252746582,,6.776214599609375
2015-11-16 23:00:00+00:00,284.5908203125,6.434715270996094,275.046630859375,1.8653240203857422,279.73828125,4.309309005737305,,7.016731262207031
2015-11-17 00:00:00+00:00,284.443603515625,6.360589027404785,274.105224609375,1.845632553100586,280.501953125,5.109288215637207,,8.710686683654785
2015-11-17 01:00:00+00:00,284.362548828125,6.157668113708496,270.903076171875,1.9416370391845703,280.582275390625,4.653594970703125,,10.252412796020508
2015-11-17 02:00:00+00:00,284.00927734375,6.078330993652344,269.783935546875,2.023800849914551,280.49951171875,4.381608009338379,,9.580547332763672
2015-11-17 03:00:00+00:00,283.760009765625,6.14703369140625,270.341796875,1.9912328720092773,280.39501953125,4.771919250488281,,8.787030220031738
2015-11-17 04:00:00+00:00,283.8623046875,6.2138566970825195,270.24169921875,1.9383516311645508,280.64306640625,5.751283645629883,,8.81961441040039
2015-11-17 05:00:00+00:00,284.159912109375,6.206581115722656,268.7216796875,1.9110898971557617,280.7978515625,5.333442687988281,,8.983532905578613
2015-11-17 06:00:00+00:00,284.406982421875,6.17024040222168,266.859375,1.8919239044189453,280.96484375,5.063061714172363,9.470400982536376e-05,8.2576265335083
2015-11-17 07:00:00+00:00,284.523681640625,6.1635942459106445,266.280029296875,1.858407974243164,281.295654296875,4.86110782623291,,7.847166061401367
2015-11-17 08:00:00+00:00,284.66259765625,6.222688674926758,267.732666015625,1.7946062088012695,281.625,4.629616737365723,,8.128610610961914
2015-11-17 09:00:00+00:00,284.87744140625,6.264720916748047,269.802001953125,1.7371044158935547,281.85400390625,3.541558265686035,,8.182328224182129
2015-11-17 10:00:00+00:00,285.1796875,6.192094802856445,270.728271484375,1.7288446426391602,282.73095703125,3.13663387298584,,9.459099769592285
2015-11-17 11:00:00+00:00,285.221435546875,6.132986068725586,272.32861328125,1.7219476699829102,282.8759765625,2.0718889236450195,,8.703771591186523
2015-11-17 12:00:00+00:00,285.259033203125,6.091926574707031,273.710205078125,1.712686538696289,282.943115234375,2.5141124725341797,,9.184660911560059
2015-11-17 13:00:00+00:00,285.15966796875,6.059404373168945,274.197509765625,1.7009563446044922,283.07275390625,3.590695381164551,,9.072400093078613
2015-11-17 14:00:00+00:00,285.16162109375,6.018604278564453,273.805908203125,1.695174217224121,283.086181640625,4.13719367980957,,7.6929521560668945
2015-11-17 15:00:00+00:00,285.126708984375,6.010886192321777,273.55078125,1.675729751586914,283.360595703125,5.285915374755859,,6.737103462219238
2015-11-17 16:00:00+00:00,285.1904296875,6.017057418823242,272.842041015625,1.6474437713623047,283.832275390625,6.528403282165527,,5.114596366882324
2015-11-17 17:00:00+00:00,285.39892578125,5.9353790283203125,269.266845703125,1.649704933166504,283.94482421875,9.834290504455566,,5.2588653564453125
2015-11-17 18:00:00+00:00,285.383544921875,5.615389823913574,257.321533203125,1.7880964279174805,283.818115234375,11.085562705993652,0.0022066801320761442,6.406084060668945
2015-11-17 19:00:00+00:00,285.183349609375,5.470568656921387,245.85540771484375,1.9262733459472656,283.6201171875,11.488167762756348,,4.152770042419434
2015-11-17 20:00:00+00:00,285.8427734375,5.487032890319824,237.63275146484375,2.412020683288574,284.158203125,12.670735359191895,,10.295199394226074
2015-11-17 21:00:00+00:00,286.750732421875,5.969013214111328,242.5455780029297,3.052640914916992,284.334228515625,8.25255012512207,,13.768908500671387
2015-11-17 22:00:00+00:00,285.658935546875,6.505389213562012,247.9293212890625,3.610658645629883,283.718505859375,7.6634016036987305,,15.399892807006836
2015-11-17 23:00:00+00:00,285.687744140625,6.934772491455078,250.82981872558594,3.855008125305176,283.453125,6.76821231842041,,14.217166900634766
2015-11-18 00:00:00+00:00,285.5283203125,7.223332405090332,253.9198760986328,3.9879837036132812,283.121826171875,5.655710220336914,,16.523208618164062
2015-11-18 01:00:00+00:00,285.427978515625,7.4421281814575195,256.872314453125,4.196739196777344,282.915283203125,4.089603424072266,,16.247528076171875
2015-11-18 02:00:00+00:00,285.789794921875,7.616002082824707,260.455322265625,4.358153343200684,282.692138671875,2.153352737426758,,16.868087768554688
2015-11-18 03:00:00+00:00,285.60595703125,7.71058464050293,266.75732421875,4.4420576095581055,282.841552734375,-2.0474729537963867,,16.759017944335938
2015-11-18 04:00:00+00:00,284.325439453125,7.682167053222656,274.3994140625,4.298558235168457,282.251953125,-6.4637250900268555,,15.606136322021484
2015-11-18 05:00:00+00:00,284.22119140625,7.576951026916504,281.114501953125,4.143296241760254,279.677978515625,-7.879037857055664,,13.429718017578125
2015-11-18 06:00:00+00:00,283.62255859375,7.520922660827637,283.8232421875,3.9542675018310547,280.2841796875,-5.732114791870117,0.00027150288224220276,13.22760009765625
2015-11-18 07:00:00+00:00,283.7392578125,7.494085311889648,283.88671875,3.890597343444824,280.677490234375,-4.267458915710449,,14.597728729248047
2015-11-18 08:00:00+00:00,284.2021484375,7.484275817871094,282.420166015625,3.895440101623535,279.92626953125,-2.7472095489501953,,14.542766571044922
2015-11-18 09:00:00+00:00,284.478759765625,7.4740753173828125,281.002197265625,3.7310972213745117,279.396484375,-1.5282392501831055,,14.071248054504395
2015-11-18 10:00:00+00:00,284.72265625,7.425339698791504,279.4404296875,3.4974212646484375,279.455322265625,1.091282844543457,,13.30248737335205
2015-11-18 11:00:00+00:00,284.9775390625,7.322355270385742,277.266845703125,3.293060302734375,279.393798828125,3.3364248275756836,,13.281752586364746
2015-11-18 12:00:00+00:00,284.7470703125,7.153567314147949,273.958984375,3.151103973388672,280.33447265625,5.468305587768555,,12.328330993652344
2015-11-18 13:00:00+00:00,285.189453125,6.973111152648926,270.22998046875,3.0065689086914062,280.32958984375,6.736244201660156,,10.30500602722168
2015-11-18 14:00:00+00:00,285.00390625,6.807071685791016,266.684326171875,2.829440116882324,281.242919921875,8.686506271362305,,9.481193542480469
2015-11-18 15:00:00+00:00,284.96142578125,6.601795196533203,260.880126953125,2.8122568130493164,282.33740234375,9.259957313537598,,9.808239936828613
2015-11-18 16:00:00+00:00,285.544921875,6.452667236328125,254.3772735595703,2.940382957458496,282.487548828125,10.133935928344727,,11.077027320861816
2015-11-18 17:00:00+00:00,285.66552734375,6.455938339233398,248.17308044433594,3.2567310333251953,282.829345703125,11.436819076538086,,12.209206581115723
2015-11-18 18:00:00+00:00,285.458740234375,6.6226043701171875,244.40097045898438,3.575228691101074,283.091064453125,11.803629875183105,0.0020414991304278374,11.516528129577637
2015-11-18 19:00:00+00:00,285.524658203125,6.848518371582031,243.95513916015625,3.8351211547851562,283.17578125,11.690223693847656,,14.083547592163086
2015-11-18 20:00:00+00:00,285.303955078125,7.127474784851074,247.79409790039062,4.056293487548828,283.410888671875,7.262456893920898,,16.038406372070312
2015-11-18 21:00:00+00:00,285.52734375,7.337934494018555,253.0519561767578,3.9885149002075195,282.323974609375,4.152692794799805,,14.935016632080078
2015-11-18 22:00:00+00:00,285.325439453125,7.455652236938477,257.442138671875,3.8273353576660156,282.455322265625,3.856644630432129,,14.738741874694824
2015-11-18 23:00:00+00:00,284.989013671875,7.496260643005371,259.305419921875,3.7335739135742188,281.587158203125,5.030230522155762,,14.527979850769043
2015-11-19 00:00:00+00:00,284.352783203125,7.511662483215332,259.80810546875,3.8484649658203125,281.91943359375,5.441617012023926,,16.815582275390625
2015-11-19 01:00:00+00:00,284.222412109375,7.553501129150391,260.07666015625,3.959575653076172,282.046142578125,5.789643287658691,,16.902572631835938
2015-11-19 02:00:00+00:00,283.878173828125,7.6548614501953125,261.68798828125,4.365165710449219,281.509765625,5.578302383422852,,16.743927001953125
2015-11-19 03:00:00+00:00,284.37158203125,7.83461856842041,263.13232421875,4.514880180358887,281.943115234375,4.880159378051758,,15.896489143371582
2015-11-19 04:00:00+00:00,285.046630859375,8.038975715637207,265.309326171875,4.71729850769043,280.765380859375,3.1369552612304688,,17.918472290039062
2015-11-19 05:00:00+00:00,284.843505859375,8.247599601745605,267.515380859375,5.097555160522461,280.73583984375,3.1070728302001953,,17.749664306640625
2015-11-19 06:00:00+00:00,284.439697265625,8.430646896362305,268.629638671875,5.267773628234863,280.750732421875,3.3707027435302734,0.000443808501586318,18.086288452148438
2015-11-19 07:00:00+00:00,284.4140625,8.580162048339844,270.15673828125,5.418669700622559,281.007568359375,2.8025474548339844,,18.385009765625
2015-11-19 08:00:00+00:00,284.41064453125,8.700645446777344,272.5810546875,5.484086990356445,280.919677734375,0.8767455220222473,,18.130859375
2015-11-19 09:00:00+00:00,284.328125,8.76351547241211,275.0361328125,5.378026962280273,280.973876953125,-0.3314921259880066,,17.253341674804688
2015-11-19 10:00:00+00:00,284.4365234375,8.759693145751953,276.96484375,5.026762008666992,280.695556640625,-0.5210854411125183,,15.810912132263184
2015-11-19 11:00:00+00:00,284.533447265625,8.665334701538086,278.39892578125,4.820906639099121,280.4130859375,-0.17123925685882568,,16.243927001953125
2015-11-19 12:00:00+00:00,284.541015625,8.540569305419922,279.492919921875,4.66168212890625,280.296630859375,0.2939918041229248,,15.7727632522583
2015-11-19 13:00:00+00:00,284.4560546875,8.40392780303955,279.944580078125,4.467294692993164,280.220703125,0.7461202144622803,,15.95333194732666
2015-11-19 14:00:00+00:00,284.39599609375,8.255908966064453,279.97314453125,4.281899452209473,280.164794921875,0.6886187195777893,,15.30940055847168
2015-11-19 15:00:00+00:00,284.293212890625,8.254934310913086,280.459228515625,4.219233512878418,280.1435546875,0.31799745559692383,,14.443378448486328
2015-11-19 16:00:00+00:00,284.191162109375,8.133007049560547,281.613525390625,3.929781913757324,280.13916015625,-0.05508217588067055,,13.785264015197754
2015-11-19 17:00:00+00:00,284.15478515625,7.988532066345215,282.767578125,3.655223846435547,280.3857421875,-0.9298913478851318,,13.207460403442383
2015-11-19 18:00:00+00:00,284.18408203125,7.825279235839844,283.77734375,3.430659294128418,280.126708984375,-1.2562475204467773,8.3362334407866e-05,12.577481269836426
2015-11-19 19:00:00+00:00,284.2548828125,7.604487419128418,284.75927734375,3.2078447341918945,279.89404296875,-1.2364225387573242,,12.433855056762695
2015-11-19 20:00:00+00:00,284.276611328125,7.451683044433594,285.710693359375,3.073995590209961,279.7158203125,-2.108224868774414,,12.612288475036621
2015-11-19 21:00:00+00:00,284.17431640625,7.341952323913574,286.49658203125,3.0221004486083984,279.771728515625,-2.980743408203125,,12.62560749053955
2015-11-19 22:00:00+00:00,284.083251953125,7.232535362243652,287.363037109375,2.8733091354370117,279.925537109375,-2.1635684967041016,,12.198612213134766
2015-11-19 23:00:00+00:00,283.853515625,7.092903137207031,287.681884765625,2.823657989501953,279.902587890625,-1.8174552917480469,,12.163435935974121
2015-11-20 00:00:00+00:00,283.7529296875,6.9849748611450195,287.387939453125,2.8009214401245117,279.49365234375,-0.9608541131019592,,12.48962688446045
2015-11-20 01:00:00+00:00,283.308837890625,6.8990631103515625,286.2431640625,2.8254404067993164,279.026123046875,-0.4209253191947937,,13.013326644897461
2015-11-20 02:00:00+00:00,282.847900390625,6.862128257751465,285.6640625,2.8805465698242188,280.11474609375,-0.9294833540916443,,13.221749305725098
2015-11-20 03:00:00+00:00,282.756591796875,6.874462127685547,286.006591796875,2.951531410217285,280.076171875,-1.8803443908691406,,13.085299491882324
2015-11-20 04:00:00+00:00,283.001708984375,6.91298770904541,286.569091796875,3.0122880935668945,279.056396484375,-2.259005546569824,,13.05289077758789
2015-11-20 05:00:00+00:00,282.82080078125,6.951620101928711,286.714111328125,3.0094194412231445,278.873779296875,-2.3098220825195312,,12.805537223815918
2015-11-20 06:00:00+00:00,282.537353515625,6.968005180358887,286.655029296875,2.985483169555664,279.34521484375,-1.6030092239379883,0.0005049877800047398,12.389850616455078
2015-11-20 07:00:00+00:00,282.499267578125,6.969559669494629,286.479248046875,2.912156105041504,279.57861328125,-0.6011933088302612,,12.173158645629883
2015-11-20 08:00:00+00:00,282.464111328125,6.944109916687012,285.919921875,2.8251190185546875,279.46044921875,-0.4309501051902771,,11.913528442382812
2015-11-20 09:00:00+00:00,282.4052734375,6.904725074768066,285.4580078125,2.7191247940063477,279.429443359375,-0.6024593710899353,,11.196175575256348
2015-11-20 10:00:00+00:00,282.263671875,6.880399703979492,285.864990234375,2.5563812255859375,279.117919921875,-1.1624135971069336,,9.99931526184082
2015-11-20 11:00:00+00:00,282.280517578125,6.825712203979492,285.8642578125,2.4182605743408203,278.7490234375,-0.7683261036872864,,9.982478141784668
2015-11-20 12:00:00+00:00,282.21630859375,6.7612762451171875,285.62353515625,2.300013542175293,278.63037109375,-0.3229091763496399,,9.968605995178223
2015-11-20 13:00:00+00:00,282.21142578125,6.661275863647461,285.146484375,2.225296974182129,278.57275390625,-0.13234883546829224,,9.74211597442627
2015-11-20 14:00:00+00:00,282.15283203125,6.567314147949219,284.6552734375,2.17764949798584,278.654541015625,-0.42808079719543457,,9.968634605407715
2015-11-20 15:00:00+00:00,282.121826171875,6.531183242797852,284.616455078125,2.194681167602539,278.98681640625,-1.513784408569336,,9.584664344787598
2015-11-20 16:00:00+00:00,281.931396484375,6.519998550415039,285.31787109375,2.14617919921875,279.138427734375,-1.7305431365966797,,8.847926139831543
2015-11-20 17:00:00+00:00,281.55712890625,6.5188446044921875,286.054931640625,2.1035213470458984,278.816650390625,-1.5084314346313477,,9.02767276763916
2015-11-20 18:00:00+00:00,281.431640625,6.506279945373535,286.51416015625,2.0765838623046875,278.24560546875,-1.3102302551269531,0.0004685623571276665,9.307348251342773
2015-11-20 19:00:00+00:00,281.474853515625,6.511137008666992,286.880126953125,2.0347375869750977,277.785400390625,-1.4842853546142578,,9.269697189331055
2015-11-20 20:00:00+00:00,281.568603515625,6.50221061706543,286.822509765625,1.9958887100219727,277.78759765625,-1.1566801071166992,,9.719656944274902
2015-11-20 21:00:00+00:00,281.513916015625,6.5574951171875,285.997802734375,2.0690460205078125,277.932861328125,-0.7494043707847595,,10.21798038482666
2015-11-20 22:00:00+00:00,281.318115234375,6.5878095626831055,287.734375,1.9936752319335938,277.877197265625,-2.8825130462646484,,8.205263137817383
2015-11-20 23:00:00+00:00,281.5625,6.638215065002441,288.822998046875,1.8928899765014648,277.5107421875,-1.721700668334961,,7.257582664489746
2015-11-21 00:00:00+00:00,281.563720703125,6.6691083908081055,289.46142578125,1.7965402603149414,277.405517578125,-0.554606020450592,,7.04582405090332
2015-11-21 01:00:00+00:00,281.20068359375,6.676796913146973,289.939208984375,1.7111454010009766,277.73046875,0.18030411005020142,,6.605494499206543
2015-11-21 02:00:00+00:00,281.13037109375,6.713338851928711,290.733642578125,1.6257047653198242,278.0185546875,0.9756945371627808,,6.1954345703125
2015-11-21 03:00:00+00:00,280.964111328125,6.744783401489258,291.611572265625,1.5512504577636719,278.085693359375,1.0689258575439453,,5.744768142700195
2015-11-21 04:00:00+00:00,280.81884765625,6.769364356994629,292.676513671875,1.4893560409545898,278.00341796875,0.5308167338371277,,4.836566925048828
2015-11-21 05:00:00+00:00,280.68310546875,6.788893699645996,294.152587890625,1.440251350402832,277.66064453125,-0.4849751591682434,,3.162806510925293
2015-11-21 06:00:00+00:00,280.529296875,6.783036231994629,296.388671875,1.4070167541503906,277.206298828125,-1.422250747680664,0.0008024957496672869,1.1214914321899414
2015-11-21 07:00:00+00:00,280.275390625,6.690299987792969,301.23095703125,1.4037055969238281,277.60009765625,-2.2644309997558594,,-1.3415336608886719
2015-11-21 08:00:00+00:00,279.967041015625,6.417803764343262,314.719970703125,1.467376708984375,277.4765625,-3.7807207107543945,,-3.8951416015625
2015-11-21 09:00:00+00:00,279.7978515625,6.00583553314209,342.5888671875,1.6473760604858398,277.5908203125,-5.50617790222168,,-5.897708892822266
2015-11-21 10:00:00+00:00,279.65576171875,5.8114166259765625,3.7712936401367188,1.843170166015625,277.86669921875,-6.685978889465332,,-8.08806324005127
2015-11-21 11:00:00+00:00,279.76123046875,5.796677589416504,13.485812187194824,1.9837188720703125,277.71240234375,-7.084726333618164,,-7.97432804107666
2015-11-21 12:00:00+00:00,279.84765625,5.8813581466674805,15.792462348937988,2.0337257385253906,277.455322265625,-8.085685729980469,,-6.414341926574707
2015-11-21 13:00:00+00:00,279.937744140625,5.994085311889648,14.00016975402832,2.0388641357421875,277.2060546875,-9.438182830810547,,-4.203668594360352
2015-11-21 14:00:00+00:00,279.964111328125,6.068947792053223,11.256278991699219,2.064703941345215,276.99951171875,-10.321688652038574,,-2.8439645767211914
2015-11-21 15:00:00+00:00,279.96728515625,6.118983268737793,8.712587356567383,2.1066112518310547,276.479248046875,-10.738553047180176,,-2.2513017654418945
2015-11-21 16:00:00+00:00,279.858154296875,6.175812721252441,6.686461448669434,2.136458396911621,275.316650390625,-10.62663745880127,,-2.2365732192993164
2015-11-21 17:00:00+00:00,279.572021484375,6.237900733947754,4.400520324707031,2.166062355041504,275.705078125,-10.76246166229248,,-1.9885501861572266
2015-11-21 18:00:00+00:00,279.3076171875,6.2890825271606445,1.4964752197265625,2.2282257080078125,276.16943359375,-10.6983003616333,0.00032682204619050026,-1.5824756622314453
2015-11-21 19:00:00+00:00,279.433349609375,6.396090507507324,358.134521484375,2.3094072341918945,275.370361328125,-10.726401329040527,,-0.5075060725212097
2015-11-21 20:00:00+00:00,279.4111328125,6.5062713623046875,354.188720703125,2.3053674697875977,273.845947265625,-10.167824745178223,,0.18740326166152954
2015-11-21 21:00:00+00:00,278.446533203125,6.590673446655273,349.6171875,2.3037424087524414,274.8271484375,-10.229560852050781,,1.7520666122436523
2015-11-21 22:00:00+00:00,279.372802734375,6.604374885559082,346.327880859375,2.377213478088379,273.90478515625,-11.997049331665039,,2.296632766723633
2015-11-21 23:00:00+00:00,279.332763671875,6.612306594848633,344.55078125,2.558773994445801,275.68359375,-12.233375549316406,,2.3368606567382812
2015-11-22 00:00:00+00:00,279.718994140625,6.701537132263184,343.57470703125,2.7082996368408203,274.60888671875,-12.086901664733887,,2.155170440673828
2015-11-22 01:00:00+00:00,280.244873046875,6.823193550109863,342.318603515625,2.7823705673217773,272.109375,-12.516154289245605,,2.7189931869506836
2015-11-22 02:00:00+00:00,280.341064453125,6.899628639221191,341.23095703125,2.898801803588867,269.623779296875,-13.158255577087402,,3.2771568298339844
2015-11-22 03:00:00+00:00,280.198974609375,6.930474281311035,340.902587890625,3.0429935455322266,269.06005859375,-13.299548149108887,,2.885713577270508
2015-11-22 04:00:00+00:00,279.704345703125,6.936396598815918,341.6201171875,3.1336326599121094,269.68017578125,-13.226069450378418,,2.5125274658203125
2015-11-22 05:00:00+00:00,278.9599609375,6.924710273742676,343.120849609375,3.141983985900879,271.785400390625,-13.078678131103516,,1.607874870300293
2015-11-22 06:00:00+00:00,278.240478515625,6.906069755554199,344.371337890625,3.0747833251953125,273.350341796875,-13.137116432189941,0.0001550396264065057,0.8755593299865723
2015-11-22 07:00:00+00:00,278.13671875,6.880374908447266,344.917724609375,2.993433952331543,273.588623046875,-13.026885032653809,,0.38873231410980225
2015-11-22 08:00:00+00:00,278.27587890625,6.8409423828125,345.538330078125,2.8921403884887695,273.920166015625,-12.433429718017578,,-0.3900398015975952
2015-11-22 09:00:00+00:00,278.4111328125,6.808608055114746,346.5595703125,2.761752128601074,274.54443359375,-11.63941478729248,,-1.0382699966430664
2015-11-22 10:00:00+00:00,277.674560546875,6.751708030700684,348.268310546875,2.6476287841796875,274.5048828125,-10.115846633911133,,-1.9016456604003906
2015-11-22 11:00:00+00:00,277.9921875,6.692462921142578,350.02587890625,2.551868438720703,274.90625,-10.424779891967773,,-2.2977609634399414
2015-11-22 12:00:00+00:00,278.39208984375,6.638867378234863,351.419189453125,2.4964847564697266,274.544189453125,-10.578264236450195,,-1.0840568542480469
2015-11-22 13:00:00+00:00,278.3740234375,6.577913284301758,352.693115234375,2.5391016006469727,274.518310546875,-11.970250129699707,,0.09307104349136353
2015-11-22 14:00:00+00:00,278.197265625,6.552294731140137,353.599365234375,2.726533889770508,275.15576171875,-13.282808303833008,,1.3409719467163086
2015-11-22 15:00:00+00:00,278.3037109375,6.587201118469238,354.71630859375,2.9877195358276367,275.5341796875,-14.125354766845703,,1.6865520477294922
2015-11-22 16:00:00+00:00,278.76171875,6.693984031677246,357.70166015625,3.2550649642944336,275.639404296875,-14.759153366088867,,-0.5879056453704834
2015-11-22 17:00:00+00:00,279.033935546875,6.826311111450195,2.4719762802124023,3.451798439025879,275.53759765625,-14.575087547302246,,-2.6160459518432617
2015-11-22 18:00:00+00:00,279.149658203125,6.9206390380859375,7.080893516540527,3.534860610961914,275.443115234375,-14.359435081481934,0.0005924466531723738,-4.002472877502441
2015-11-22 19:00:00+00:00,279.447509765625,6.995397567749023,10.759439468383789,3.5564098358154297,275.020751953125,-13.361823081970215,,-5.6129302978515625
2015-11-22 20:00:00+00:00,279.677978515625,6.991374969482422,13.318170547485352,3.4534387588500977,274.39990234375,-12.345338821411133,,-6.470885276794434
2015-11-22 21:00:00+00:00,279.7294921875,6.933494567871094,15.123038291931152,3.2874221801757812,274.10498046875,-11.579174041748047,,-6.497148513793945
2015-11-22 22:00:00+00:00,279.852783203125,6.849671363830566,16.08013916015625,3.0493526458740234,273.888916015625,-10.750691413879395,,-5.824854850769043
2015-11-22 23:00:00+00:00,279.8671875,6.740987777709961,15.940825462341309,2.7983760833740234,273.557373046875,-10.257355690002441,,-4.751188278198242
2015-11-23 00:00:00+00:00,279.861328125,6.594145774841309,15.632641792297363,2.5904645919799805,272.951904296875,-9.9970703125,,-4.138644218444824
2015-11-23 01:00:00+00:00,279.86328125,6.45011043548584,15.29818058013916,2.3900413513183594,272.587158203125,-9.34489631652832,,-3.599541664123535
2015-11-23 02:00:00+00:00,279.902099609375,6.321422576904297,14.672255516052246,2.185307502746582,272.092041015625,-8.81844711303711,,-2.713625907897949
2015-11-23 03:00:00+00:00,279.94970703125,6.199150085449219,13.826815605163574,1.9914655685424805,271.446533203125,-8.315732955932617,,-2.1151981353759766
2015-11-23 04:00:00+00:00,279.93017578125,6.1029253005981445,12.872647285461426,1.805262565612793,271.007080078125,-7.390128135681152,,-1.562657356262207
2015-11-23 05:00:00+00:00,279.935302734375,6.032510757446289,11.636117935180664,1.634049415588379,270.70654296875,-6.395566940307617,,-0.5395517349243164
2015-11-23 06:00:00+00:00,279.932373046875,5.981069564819336,10.002738952636719,1.4832658767700195,270.41943359375,-5.641778945922852,3.1852847314439714e-05,0.7180681228637695
2015-11-23 07:00:00+00:00,279.939453125,5.933246612548828,8.05706787109375,1.3555822372436523,270.18603515625,-4.8850860595703125,,1.8186264038085938
2015-11-23 08:00:00+00:00,280.15771484375,5.889310836791992,5.914407730102539,1.247086524963379,269.611328125,-4.005529403686523,,2.619553565979004
2015-11-23 09:00:00+00:00,280.41796875,5.8483476638793945,3.567868232727051,1.1548852920532227,269.38232421875,-2.962871551513672,,3.391805648803711
2015-11-23 10:00:00+00:00,280.903564453125,5.794272422790527,0.8713281750679016,1.077951431274414,268.263916015625,0.3619164824485779,,3.890228271484375
2015-11-23 11:00:00+00:00,281.189208984375,5.673089027404785,356.776611328125,1.0227680206298828,268.695556640625,2.1824398040771484,,4.807130813598633
2015-11-23 12:00:00+00:00,281.4501953125,5.4150190353393555,348.1162109375,0.9997456073760986,269.572265625,2.9935054779052734,,6.228584289550781
2015-11-23 13:00:00+00:00,281.698974609375,4.976323127746582,326.816162109375,1.0358524322509766,270.843017578125,3.4334630966186523,,7.329598426818848
2015-11-23 14:00:00+00:00,281.63671875,4.573606491088867,295.53955078125,1.1468877792358398,272.54052734375,4.250977516174316,,8.087641716003418
2015-11-23 15:00:00+00:00,281.099365234375,4.426568031311035,277.251953125,1.2833194732666016,274.672119140625,4.682657241821289,,8.848215103149414
2015-11-23 16:00:00+00:00,280.892333984375,4.51039981842041,269.82275390625,1.4269800186157227,276.677734375,4.90135383605957,,9.154154777526855
2015-11-23 17:00:00+00:00,280.796142578125,4.649600982666016,266.10888671875,1.5441884994506836,277.73974609375,5.179745674133301,,9.333311080932617
2015-11-23 18:00:00+00:00,280.97998046875,4.784023284912109,263.243408203125,1.6409597396850586,278.1416015625,5.482119560241699,0.0003788743633776903,9.378148078918457
2015-11-23 19:00:00+00:00,281.156494140625,4.90806770324707,260.508056640625,1.751267433166504,278.174072265625,5.947772979736328,,9.760153770446777
2015-11-23 20:00:00+00:00,281.268798828125,5.047286033630371,257.935791015625,1.8885469436645508,278.077880859375,6.422290802001953,,10.20231819152832
2015-11-23 21:00:00+00:00,281.500732421875,5.208454132080078,255.69329833984375,2.04854679107666,277.806884765625,7.116997718811035,,10.166686058044434
2015-11-23 22:00:00+00:00,281.75927734375,5.393235206604004,253.77513122558594,2.197779655456543,277.646484375,7.73316764831543,,10.194059371948242
2015-11-23 23:00:00+00:00,281.712158203125,5.5821733474731445,252.30738830566406,2.3424291610717773,277.193115234375,8.269614219665527,,9.83218002319336
2015-11-24 00:00:00+00:00,281.609130859375,5.773336410522461,251.47840881347656,2.4657812118530273,277.0185546875,8.83494758605957,,9.612675666809082
2015-11-24 01:00:00+00:00,281.47314453125,5.930267333984375,249.8739013671875,2.5712060928344727,277.160888671875,9.450457572937012,,9.484646797180176
2015-11-24 02:00:00+00:00,281.291259765625,6.029489517211914,246.96859741210938,2.6614246368408203,277.511962890625,10.320528984069824,,9.00833511352539
2015-11-24 03:00:00+00:00,281.0859375,6.102303504943848,243.53929138183594,2.7623138427734375,277.765380859375,11.141446113586426,,8.719379425048828
2015-11-24 04:00:00+00:00,280.86572265625,6.173867225646973,240.04974365234375,2.8970184326171875,278.0478515625,12.069314002990723,,8.528241157531738
2015-11-24 05:00:00+00:00,280.728271484375,6.258270263671875,236.66680908203125,3.0099620819091797,277.9951171875,12.70889663696289,,7.684649467468262
2015-11-24 06:00:00+00:00,280.51611328125,6.330852508544922,233.20181274414062,3.120941162109375,277.981689453125,13.444433212280273,0.0006064109038561583,7.361806869506836
2015-11-24 07:00:00+00:00,280.36572265625,6.40310001373291,229.98223876953125,3.2605066299438477,277.812744140625,13.86960220336914,,7.188743591308594
2015-11-24 08:00:00+00:00,280.100341796875,6.4851226806640625,227.52191162109375,3.387913703918457,277.829345703125,14.23997688293457,,6.92379093170166
2015-11-24 09:00:00+00:00,279.85693359375,6.550754547119141,225.2551727294922,3.472585678100586,277.85498046875,14.662715911865234,,6.120029449462891
2015-11-24 10:00:00+00:00,279.6142578125,6.577785491943359,221.88197326660156,3.5792131423950195,277.833740234375,15.380184173583984,,6.069930076599121
2015-11-24 11:00:00+00:00,279.573974609375,6.609620094299316,220.2745819091797,3.603915214538574,277.91845703125,14.807543754577637,,6.530287742614746
2015-11-24 12:00:00+00:00,279.591552734375,6.6128692626953125,219.4109344482422,3.576848030090332,277.943359375,14.52794075012207,,7.013461112976074
2015-11-24 13:00:00+00:00,279.781494140625,6.586625099182129,219.27687072753906,3.5170297622680664,277.979736328125,14.551692962646484,,7.575058937072754
2015-11-24 14:00:00+00:00,279.934814453125,6.536308288574219,220.2322540283203,3.3572311401367188,278.200439453125,13.5176420211792,,8.411149978637695
2015-11-24 15:00:00+00:00,280.23681640625,6.443431854248047,221.9715576171875,3.0632095336914062,278.331298828125,11.740387916564941,,8.680846214294434
2015-11-24 16:00:00+00:00,280.64404296875,6.308991432189941,223.82777404785156,2.7508764266967773,278.351806640625,10.300224304199219,,8.408288955688477
2015-11-24 17:00:00+00:00,280.859130859375,6.144765853881836,225.76658630371094,2.4913835525512695,278.4013671875,9.391902923583984,,8.152140617370605
2015-11-24 18:00:00+00:00,280.723876953125,5.983859062194824,228.10694885253906,2.266416549682617,278.633056640625,8.526445388793945,0.00043538864701986313,7.806382179260254
2015-11-24 19:00:00+00:00,280.73974609375,5.850013732910156,230.4302978515625,2.082943916320801,279.00830078125,8.098814964294434,,7.436861038208008
2015-11-24 20:00:00+00:00,280.647705078125,5.7403364181518555,232.55374145507812,1.948603630065918,279.199951171875,8.107057571411133,,7.093588829040527
2015-11-24 21:00:00+00:00,280.689453125,5.637459754943848,234.77804565429688,1.825495719909668,279.222900390625,7.975667953491211,,6.80418586730957
2015-11-24 22:00:00+00:00,281.2255859375,5.6671342849731445,239.42916870117188,1.660780906677246,279.622314453125,6.172151565551758,,5.332037925720215
2015-11-24 23:00:00+00:00,281.315185546875,5.684335708618164,243.9691619873047,1.5541000366210938,279.63134765625,5.391745567321777,,5.815234184265137
2015-11-25 00:00:00+00:00,281.560546875,5.7056169509887695,248.72398376464844,1.4799938201904297,279.529296875,4.015646934509277,,6.031083106994629
2015-11-25 01:00:00+00:00,281.91259765625,5.754826545715332,254.14627075195312,1.4175214767456055,278.9599609375,3.023775100708008,,6.337087631225586
2015-11-25 02:00:00+00:00,282.00341796875,5.811836242675781,259.9482421875,1.3673982620239258,278.626220703125,2.5479164123535156,,6.855019569396973
2015-11-25 03:00:00+00:00,281.93017578125,5.838570594787598,265.49853515625,1.3388748168945312,278.5498046875,1.7378149032592773,,7.142637252807617
2015-11-25 04:00:00+00:00,281.7373046875,5.85452938079834,271.078125,1.3240489959716797,278.867919921875,0.9329513311386108,,7.088864326477051
2015-11-25 05:00:00+00:00,281.58935546875,5.906999588012695,276.570068359375,1.305532455444336,279.042236328125,0.037090133875608444,,6.773587226867676
2015-11-25 06:00:00+00:00,281.495361328125,5.987741470336914,281.40234375,1.2845678329467773,279.042724609375,-1.389094352722168,0.0006378171965479851,6.489553451538086
2015-11-25 07:00:00+00:00,281.5244140625,6.0662031173706055,285.468994140625,1.2688217163085938,278.48095703125,-2.7506303787231445,,5.744132041931152
2015-11-25 08:00:00+00:00,281.6162109375,6.115283966064453,289.02734375,1.2660598754882812,278.224609375,-3.4750070571899414,,4.810673713684082
2015-11-25 09:00:00+00:00,281.60205078125,6.136505126953125,292.15185546875,1.2770071029663086,278.33154296875,-3.713608741760254,,4.5901384353637695
2015-11-25 10:00:00+00:00,281.553466796875,6.075050354003906,295.684326171875,1.318624496459961,278.173828125,-5.226807594299316,,4.990536689758301
2015-11-25 11:00:00+00:00,281.546142578125,6.07978630065918,297.931884765625,1.353318214416504,278.106689453125,-4.585292816162109,,5.181989669799805
2015-11-25 12:00:00+00:00,281.466796875,6.132720947265625,299.475830078125,1.3839025497436523,278.184814453125,-4.41408634185791,,5.4187774658203125
2015-11-25 13:00:00+00:00,281.3955078125,6.477418899536133,300.838623046875,1.5719308853149414,278.60791015625,-4.7045793533325195,,5.570169448852539
2015-11-25 14:00:00+00:00,281.435302734375,6.492247581481934,302.426025390625,1.6136131286621094,278.549072265625,-5.801055908203125,,5.63419246673584
2015-11-25 15:00:00+00:00,281.45361328125,6.464898109436035,304.6240234375,1.6687746047973633,278.581298828125,-6.852752685546875,,4.979339599609375
2015-11-25 16:00:00+00:00,281.443603515625,6.4235639572143555,307.401611328125,1.728750228881836,278.657470703125,-7.539127349853516,,4.292056083679199
2015-11-25 17:00:00+00:00,281.3603515625,6.375446319580078,310.639892578125,1.796523094177246,278.595703125,-8.071532249450684,,3.639751434326172
2015-11-25 18:00:00+00:00,281.381103515625,6.355281829833984,313.881591796875,1.8637075424194336,278.533203125,-8.68970012664795,0.0009425757452845573,3.1699724197387695
2015-11-25 19:00:00+00:00,281.346435546875,6.396275520324707,317.064208984375,1.9776363372802734,278.60986328125,-9.539546966552734,,2.8734617233276367
2015-11-25 20:00:00+00:00,281.371337890625,6.411053657531738,320.08544921875,2.0887269973754883,278.6123046875,-10.07127571105957,,2.693356513977051
2015-11-25 21:00:00+00:00,281.5849609375,6.45311164855957,322.5791015625,2.2084598541259766,278.4169921875,-10.296890258789062,,2.8261804580688477
2015-11-25 22:00:00+00:00,281.584716796875,6.551300048828125,323.93701171875,2.272458076477051,278.191162109375,-9.533344268798828,,2.5231809616088867
2015-11-25 23:00:00+00:00,281.7841796875,6.646344184875488,324.894287109375,2.2974424362182617,277.70361328125,-9.475214958190918,,2.386664390563965
2015-11-26 00:00:00+00:00,281.625244140625,6.673175811767578,326.391845703125,2.3386058807373047,277.407958984375,-9.495505332946777,,2.4332351684570312
2015-11-26 01:00:00+00:00,281.522705078125,6.693163871765137,327.76123046875,2.354135513305664,277.406982421875,-9.567907333374023,,2.628870964050293
2015-11-26 02:00:00+00:00,281.400146484375,6.711434364318848,328.9560546875,2.3447036743164062,277.484375,-9.348557472229004,,2.370584487915039
2015-11-26 03:00:00+00:00,281.4189453125,6.730414390563965,329.875,2.321352958679199,277.639404296875,-8.734790802001953,,2.6657638549804688
2015-11-26 04:00:00+00:00,281.549560546875,6.76179313659668,330.466552734375,2.2867889404296875,277.610595703125,-8.686466217041016,,3.1030101776123047
2015-11-26 05:00:00+00:00,281.63525390625,6.788320541381836,331.026123046875,2.2580299377441406,277.355224609375,-8.879948616027832,,3.104978561401367
2015-11-26 06:00:00+00:00,281.6767578125,6.832759857177734,331.47802734375,2.2225656509399414,277.215576171875,-8.834763526916504,7.267057662829757e-05,3.140909194946289
2015-11-26 07:00:00+00:00,281.748046875,6.895138740539551,331.817626953125,2.1753244400024414,276.614013671875,-8.59496784210205,,2.912832260131836
2015-11-26 08:00:00+00:00,281.79638671875,6.964519500732422,332.210693359375,2.1254711151123047,276.429443359375,-8.024548530578613,,2.5642929077148438
2015-11-26 09:00:00+00:00,281.814208984375,7.059483528137207,332.47607421875,2.0672130584716797,276.238525390625,-7.268660545349121,,2.52359676361084
2015-11-26 10:00:00+00:00,282.119384765625,7.201908111572266,332.49755859375,1.9962835311889648,275.81982421875,-6.007778167724609,,3.0684823989868164
2015-11-26 11:00:00+00:00,282.333251953125,7.33964729309082,332.44677734375,1.9314498901367188,275.466064453125,-5.59259033203125,,3.511575698852539
2015-11-26 12:00:00+00:00,282.372802734375,7.426225662231445,332.268310546875,1.8817195892333984,275.300537109375,-5.526533126831055,,4.083174705505371
2015-11-26 13:00:00+00:00,282.390869140625,7.518465042114258,332.181640625,1.8317804336547852,275.150146484375,-4.717205047607422,,3.8745431900024414
2015-11-26 14:00:00+00:00,282.444091796875,7.681504249572754,332.174072265625,1.792170524597168,275.062744140625,-3.987738609313965,,4.282001495361328
2015-11-26 15:00:00+00:00,282.494873046875,7.785632133483887,332.03076171875,1.7429723739624023,274.89794921875,-3.3539295196533203,,4.612142562866211
2015-11-26 16:00:00+00:00,282.63232421875,7.894758224487305,331.949951171875,1.6932334899902344,274.70654296875,-2.324295997619629,,4.564129829406738
2015-11-26 17:00:00+00:00,282.88427734375,7.993131637573242,331.82763671875,1.6452970504760742,274.52294921875,-1.104522705078125,,4.683479309082031
2015-11-26 18:00:00+00:00,283.07763671875,8.0553560256958,331.510986328125,1.6027355194091797,274.751220703125,-0.25505000352859497,3.5852775909006596e-05,5.111602783203125
2015-11-26 19:00:00+00:00,283.2705078125,8.068788528442383,330.84130859375,1.5656261444091797,275.144287109375,0.6443847417831421,,5.555263519287109
2015-11-26 20:00:00+00:00,283.3603515625,7.903502464294434,329.552001953125,1.4990272521972656,275.688232421875,1.813521385192871,,5.782436370849609
2015-11-26 21:00:00+00:00,283.244140625,7.732610702514648,327.03662109375,1.4827260971069336,276.7255859375,3.2998533248901367,,5.982563018798828
2015-11-26 22:00:00+00:00,283.10693359375,7.348458290100098,321.147216796875,1.5023880004882812,277.191162109375,4.965278625488281,,7.054967880249023
2015-11-26 23:00:00+00:00,282.760498046875,6.82419490814209,310.804931640625,1.5643320083618164,278.224853515625,5.682548522949219,,7.478672027587891
2015-11-27 00:00:00+00:00,282.51904296875,6.404293060302734,298.771484375,1.6371850967407227,278.719482421875,6.479863166809082,,7.017131805419922
2015-11-27 01:00:00+00:00,282.343994140625,6.171067237854004,288.608154296875,1.6886396408081055,278.934326171875,7.372858047485352,,6.258848190307617
2015-11-27 02:00:00+00:00,282.2412109375,6.019783020019531,279.37451171875,1.7283592224121094,279.118896484375,8.217204093933105,,5.778891563415527
2015-11-27 03:00:00+00:00,282.1298828125,5.904088020324707,270.941650390625,1.7657289505004883,279.357666015625,8.571016311645508,,5.759197235107422
2015-11-27 04:00:00+00:00,282.0146484375,5.804165840148926,263.186767578125,1.8056316375732422,279.55029296875,8.84728717803955,,6.342314720153809
2015-11-27 05:00:00+00:00,281.84228515625,5.715149879455566,255.8273468017578,1.8454551696777344,279.6240234375,9.125265121459961,,5.880123138427734
2015-11-27 06:00:00+00:00,281.68798828125,5.636162757873535,249.01846313476562,1.8881206512451172,279.64697265625,9.414459228515625,9.534605851513334e-06,5.58164119720459
2015-11-27 07:00:00+00:00,281.5771484375,5.592972755432129,243.9468536376953,1.9266643524169922,279.7216796875,9.653074264526367,,5.874631881713867
2015-11-27 08:00:00+00:00,281.445556640625,5.572319984436035,240.1118621826172,1.963059425354004,279.81201171875,9.90236759185791,,5.6090898513793945
2015-11-27 09:00:00+00:00,281.20166015625,5.558150291442871,236.27322387695312,2.0030078887939453,279.79150390625,10.36371898651123,,5.1593828201293945
2015-11-27 10:00:00+00:00,280.817138671875,5.557426452636719,233.63343811035156,2.0416221618652344,279.36083984375,10.48529052734375,,5.804716110229492
2015-11-27 11:00:00+00:00,280.8056640625,5.568388938903809,231.41636657714844,2.0859689712524414,279.4287109375,10.46068286895752,,5.566554069519043
2015-11-27 12:00:00+00:00,280.9404296875,5.603377342224121,229.72763061523438,2.0976428985595703,279.60498046875,10.796695709228516,,5.050042152404785
2015-11-27 13:00:00+00:00,281.0859375,5.613284111022949,227.25357055664062,2.1238107681274414,279.687255859375,11.23430347442627,,4.728604316711426
2015-11-27 14:00:00+00:00,281.16650390625,5.606438636779785,224.66299438476562,2.1480417251586914,279.57177734375,11.613078117370605,,4.489048004150391
2015-11-27 15:00:00+00:00,281.196533203125,5.607846260070801,221.7836151123047,2.1886491775512695,279.45361328125,11.80180835723877,,3.68731689453125
2015-11-27 16:00:00+00:00,281.294921875,5.6160173416137695,219.07281494140625,2.219489097595215,279.4541015625,12.018470764160156,,3.813565254211426
2015-11-27 17:00:00+00:00,281.36767578125,5.632074356079102,217.22926330566406,2.2454605102539062,279.58349609375,12.205891609191895,,4.442196846008301
2015-11-27 18:00:00+00:00,281.345703125,5.657782554626465,216.22064208984375,2.2975101470947266,279.706298828125,12.193805694580078,0.00011062072007916868,4.361678123474121
2015-11-27 19:00:00+00:00,281.397705078125,5.6967573165893555,215.82321166992188,2.349270820617676,279.76171875,12.280359268188477,,4.701007843017578
2015-11-27 20:00:00+00:00,281.396240234375,5.758661270141602,215.82293701171875,2.401801109313965,279.736083984375,12.084187507629395,,4.7206010818481445
2015-11-27 21:00:00+00:00,281.453125,5.808656692504883,215.85739135742188,2.4066476821899414,279.609375,12.202564239501953,,4.275646209716797
2015-11-27 22:00:00+00:00,281.53271484375,5.8324480056762695,215.61865234375,2.509942054748535,279.4560546875,13.075190544128418,,5.105147361755371
2015-11-27 23:00:00+00:00,281.403564453125,5.890868186950684,215.42840576171875,2.629836082458496,279.2041015625,13.17955493927002,,4.803373336791992
2015-11-28 00:00:00+00:00,281.248779296875,5.965747833251953,215.22305297851562,2.6636438369750977,279.1533203125,13.092899322509766,,4.842362403869629
2015-11-28 01:00:00+00:00,281.134033203125,5.995217323303223,214.59083557128906,2.6557817459106445,279.25439453125,12.96899700164795,,4.637723922729492
2015-11-28 02:00:00+00:00,281.03515625,5.999312400817871,215.22964477539062,2.611668586730957,279.400146484375,13.299464225769043,,5.640728950500488
2015-11-28 03:00:00+00:00,281.7294921875,5.971317291259766,223.26560974121094,2.468136787414551,279.41650390625,4.458551406860352,,10.906927108764648
2015-11-28 04:00:00+00:00,281.469970703125,5.822274208068848,243.70587158203125,2.212726593017578,279.043212890625,-11.502226829528809,,10.220503807067871
2015-11-28 05:00:00+00:00,280.73974609375,5.645400047302246,271.391845703125,2.169351577758789,277.8388671875,-9.002647399902344,,9.053180694580078
2015-11-28 06:00:00+00:00,281.142333984375,5.716882705688477,285.974609375,2.303950309753418,276.767822265625,-6.530429840087891,0.0001568770530866459,10.505887031555176
2015-11-28 07:00:00+00:00,281.552490234375,5.974564552307129,290.422119140625,2.519375801086426,276.2158203125,-6.216337203979492,,11.235203742980957
2015-11-28 08:00:00+00:00,281.672607421875,6.268798828125,291.428955078125,2.746230125427246,275.7041015625,-5.578514099121094,,12.128962516784668
2015-11-28 09:00:00+00:00,281.502197265625,6.521169662475586,290.933349609375,2.871417999267578,275.635498046875,-4.367870330810547,,12.146907806396484
2015-11-28 10:00:00+00:00,281.356689453125,6.717170715332031,290.18994140625,2.8531455993652344,275.774658203125,-2.8428707122802734,,11.912132263183594
2015-11-28 11:00:00+00:00,281.342529296875,6.8218889236450195,288.695556640625,2.890385627746582,275.59912109375,-1.5543432235717773,,12.444488525390625
2015-11-28 12:00:00+00:00,281.569091796875,6.879706382751465,286.987548828125,2.922637939453125,275.198974609375,-0.32312506437301636,,12.819896697998047
2015-11-28 13:00:00+00:00,281.696533203125,6.841017723083496,284.71240234375,2.914769172668457,274.959228515625,1.0389995574951172,,13.113131523132324
2015-11-28 14:00:00+00:00,281.7841796875,6.805004119873047,281.529541015625,2.9306983947753906,274.96484375,3.020906448364258,,12.882742881774902
2015-11-28 15:00:00+00:00,281.647705078125,6.726668357849121,276.772216796875,2.964127540588379,275.844482421875,5.415584564208984,,12.745811462402344
2015-11-28 16:00:00+00:00,281.443115234375,6.636157035827637,270.7060546875,2.993213653564453,276.429443359375,7.800143241882324,,12.046995162963867
2015-11-28 17:00:00+00:00,281.45703125,6.547980308532715,263.4189453125,3.007495880126953,276.483154296875,10.222416877746582,,10.556550025939941
2015-11-28 18:00:00+00:00,281.1005859375,6.479236602783203,254.8339385986328,3.0636987686157227,277.21337890625,11.810062408447266,0.00033385190181434155,9.166190147399902
2015-11-28 19:00:00+00:00,280.934814453125,6.307432174682617,245.98500061035156,3.014942169189453,277.885986328125,13.657022476196289,,7.238787651062012
2015-11-28 20:00:00+00:00,280.7763671875,6.341595649719238,237.22679138183594,3.2104673385620117,278.16455078125,15.32677173614502,,7.081917762756348
2015-11-28 21:00:00+00:00,280.94091796875,6.488381385803223,232.4736328125,3.4202165603637695,278.40283203125,15.13641357421875,,8.019311904907227
2015-11-28 22:00:00+00:00,280.905029296875,6.714199066162109,232.3776397705078,3.5551462173461914,279.208740234375,13.878349304199219,,7.167762756347656
2015-11-28 23:00:00+00:00,281.527099609375,6.984048843383789,237.97396850585938,3.594064712524414,279.69873046875,11.032981872558594,,10.103936195373535
2015-11-29 00:00:00+00:00,282.1064453125,7.272912979125977,247.15048217773438,3.6021556854248047,280.046142578125,6.497591972351074,,12.871662139892578
2015-11-29 01:00:00+00:00,282.390625,7.509993553161621,255.4553985595703,3.692732810974121,280.13134765625,4.313597679138184,,14.586137771606445
2015-11-29 02:00:00+00:00,282.7685546875,7.646979331970215,260.6318359375,3.8215675354003906,279.93115234375,4.254107475280762,,15.233123779296875
2015-11-29 03:00:00+00:00,282.80615234375,7.720083236694336,263.77197265625,3.8973264694213867,279.643798828125,3.5280542373657227,,14.80492115020752
2015-11-29 04:00:00+00:00,282.732421875,7.760585784912109,265.6845703125,3.8911352157592773,279.455810546875,3.6993274688720703,,14.567225456237793
2015-11-29 05:00:00+00:00,282.518310546875,7.763765335083008,266.4091796875,3.9254961013793945,279.33349609375,4.112682342529297,,14.939457893371582
2015-11-29 06:00:00+00:00,282.222900390625,7.758946418762207,266.7685546875,4.006329536437988,279.05517578125,3.9102373123168945,0.0001350459933746606,15.294898986816406
2015-11-29 07:00:00+00:00,282.057373046875,7.751385688781738,266.803955078125,4.052703857421875,279.439208984375,4.228769302368164,,15.57601547241211
2015-11-29 08:00:00+00:00,281.9140625,7.734522819519043,267.02001953125,3.99027156829834,279.83056640625,4.000026702880859,,14.715760231018066
2015-11-29 09:00:00+00:00,281.946044921875,7.703027725219727,267.3837890625,3.8450851440429688,279.77978515625,4.193425178527832,,14.22929573059082
2015-11-29 10:00:00+00:00,282.204345703125,7.647580146789551,267.33935546875,3.730295181274414,279.87841796875,4.357161521911621,,14.72812557220459
2015-11-29 11:00:00+00:00,282.618896484375,7.566788673400879,266.536376953125,3.6474361419677734,279.81005859375,5.391861915588379,,13.829967498779297
2015-11-29 12:00:00+00:00,282.79248046875,7.442746162414551,263.97412109375,3.599125862121582,279.83837890625,7.269250869750977,,12.80558967590332
2015-11-29 13:00:00+00:00,282.946044921875,7.295932769775391,260.097900390625,3.5332155227661133,279.933837890625,9.335988998413086,,11.782694816589355
2015-11-29 14:00:00+00:00,283.00146484375,7.150200843811035,255.127685546875,3.5836830139160156,280.452880859375,10.396872520446777,,11.780314445495605
2015-11-29 15:00:00+00:00,283.30712890625,7.121320724487305,251.8585662841797,3.809281349182129,280.92626953125,10.638190269470215,,13.44162368774414
2015-11-29 16:00:00+00:00,284.03515625,7.256960868835449,250.7076873779297,4.235466957092285,280.59912109375,10.6076021194458,,14.696927070617676
2015-11-29 17:00:00+00:00,283.927001953125,7.536833763122559,252.07908630371094,4.722348213195801,280.957275390625,9.459086418151855,,16.887222290039062
2015-11-29 18:00:00+00:00,283.4052734375,7.991147994995117,260.80908203125,5.285761833190918,280.26123046875,1.7977027893066406,1.919956412166357e-05,19.512039184570312
2015-11-29 19:00:00+00:00,283.169677734375,8.419576644897461,272.033447265625,5.449376106262207,277.33837890625,-4.6793975830078125,,17.472198486328125
2015-11-29 20:00:00+00:00,282.40478515625,8.65881633758545,278.64990234375,5.282534599304199,276.39306640625,-3.978984832763672,,15.994242668151855
2015-11-29 21:00:00+00:00,282.310302734375,8.742323875427246,281.02197265625,5.276254653930664,274.644287109375,-3.1296796798706055,,18.198806762695312
2015-11-29 22:00:00+00:00,281.736083984375,8.780640602111816,281.707275390625,5.2598981857299805,277.121826171875,-1.541879653930664,,17.549270629882812
2015-11-29 23:00:00+00:00,281.050537109375,8.79133415222168,281.924560546875,5.519193649291992,276.769287109375,-2.504733085632324,,19.399322509765625
2015-11-30 00:00:00+00:00,281.126220703125,8.876914978027344,283.072509765625,5.74664306640625,276.341064453125,-3.604058265686035,,17.89727783203125
2015-11-30 01:00:00+00:00,280.669189453125,8.99036979675293,284.7373046875,5.871386528015137,276.80517578125,-3.977177619934082,,17.761871337890625
2015-11-30 02:00:00+00:00,281.27099609375,9.069979667663574,286.3720703125,5.884736061096191,276.1318359375,-4.7160444259643555,,17.569778442382812
2015-11-30 03:00:00+00:00,281.09423828125,9.112848281860352,287.7041015625,5.728090286254883,275.088623046875,-5.4442949295043945,,17.07208251953125
2015-11-30 04:00:00+00:00,281.220703125,9.12374210357666,289.14599609375,5.54595947265625,275.50390625,-5.7202043533325195,,16.609878540039062
2015-11-30 05:00:00+00:00,281.440185546875,9.123193740844727,290.628662109375,5.463269233703613,275.08349609375,-5.08707332611084,,16.496612548828125
2015-11-30 06:00:00+00:00,281.60302734375,9.130666732788086,291.72412109375,5.376387596130371,274.563232421875,-4.231860160827637,7.172122423071414e-05,16.465225219726562
2015-11-30 07:00:00+00:00,281.439208984375,9.13505744934082,292.319091796875,5.262365341186523,274.62744140625,-3.2996463775634766,,16.308120727539062
2015-11-30 08:00:00+00:00,281.53662109375,9.121162414550781,292.53369140625,5.105173110961914,274.62890625,-2.1950464248657227,,16.078948974609375
2015-11-30 09:00:00+00:00,281.733642578125,9.06202507019043,292.20849609375,4.879169464111328,274.28662109375,-0.4760853052139282,,15.706457138061523
2015-11-30 10:00:00+00:00,281.767333984375,8.976404190063477,291.583984375,4.607399940490723,274.8271484375,1.6567449569702148,,14.609458923339844
2015-11-30 11:00:00+00:00,281.447998046875,8.819331169128418,290.021484375,4.38568115234375,275.88134765625,3.4226608276367188,,14.489879608154297
2015-11-30 12:00:00+00:00,281.040771484375,8.626858711242676,287.763916015625,4.1743574142456055,276.628662109375,5.543524742126465,,13.88707447052002
2015-11-30 13:00:00+00:00,280.911376953125,8.466954231262207,285.464599609375,3.9551000595092773,276.8837890625,7.081705093383789,,12.327308654785156
2015-11-30 14:00:00+00:00,280.566162109375,8.320769309997559,283.785888671875,3.6777515411376953,277.30029296875,7.701221466064453,,10.583150863647461
2015-11-30 15:00:00+00:00,280.292236328125,8.291072845458984,284.570068359375,3.342930793762207,277.27392578125,6.630209922790527,,7.757600784301758
2015-11-30 16:00:00+00:00,280.181640625,8.411105155944824,288.286865234375,2.9834442138671875,277.1396484375,5.857603073120117,,4.603486061096191
2015-11-30 17:00:00+00:00,280.078369140625,8.514351844787598,292.0390625,2.6909103393554688,277.3505859375,4.599691390991211,,2.080282211303711
2015-11-30 18:00:00+00:00,280.234375,8.550715446472168,294.9111328125,2.4655513763427734,277.793212890625,1.2820205688476562,0.0004516635090112686,0.6948768496513367
2015-11-30 19:00:00+00:00,280.471923828125,8.622245788574219,296.7626953125,2.3672685623168945,277.978759765625,-1.9635553359985352,,-0.6640903353691101
2015-11-30 20:00:00+00:00,280.776611328125,8.514959335327148,297.951416015625,2.2427024841308594,277.6669921875,-5.115004539489746,,1.092972755432129
2015-11-30 21:00:00+00:00,281.507080078125,8.226128578186035,299.363037109375,2.1795005798339844,277.705322265625,-7.448383331298828,,5.006901741027832
2015-11-30 22:00:00+00:00,281.603271484375,7.707918167114258,302.2314453125,2.22873592376709,278.275146484375,-8.588349342346191,,7.710361480712891
2015-11-30 23:00:00+00:00,281.77294921875,7.208362579345703,304.677734375,2.358766555786133,277.834716796875,-7.892919540405273,,8.89291000366211
